sa2_code,sa2_name,pop_65plus,pop_70plus,total_pop,state,pop_70plus_2031,pop_70plus_2041,pct_70plus_2024,growth_rate_70plus_2031
101021007,Braidwood,1212.0,810.0,4484.0,NSW,1041,1232,0.1806,0.285
101021008,Karabar,1307.0,880.0,8446.0,NSW,1131,1338,0.1042,0.285
101021009,Queanbeyan,1643.0,1161.0,11373.0,NSW,1492,1766,0.1021,0.285
101021010,Queanbeyan - East,679.0,460.0,5132.0,NSW,591,700,0.0896,0.285
101021012,Queanbeyan West - Jerrabomberra,1344.0,842.0,12877.0,NSW,1082,1281,0.0654,0.285
101021610,Googong,351.0,209.0,8497.0,NSW,269,318,0.0246,0.285
101021611,Queanbeyan Surrounds,2863.0,1859.0,17664.0,NSW,2389,2828,0.1052,0.285
101031013,Bombala,711.0,518.0,2469.0,NSW,666,788,0.2098,0.285
101031014,Cooma,1531.0,1122.0,6716.0,NSW,1442,1707,0.1671,0.285
101031015,Cooma Surrounds,933.0,660.0,3554.0,NSW,848,1004,0.1857,0.285
101031016,Jindabyne - Berridale,1257.0,840.0,8557.0,NSW,1079,1278,0.0982,0.285
101041017,Batemans Bay,2732.0,1946.0,8653.0,NSW,2501,2960,0.2249,0.285
101041018,Batemans Bay - South,3081.0,2264.0,9069.0,NSW,2909,3444,0.2496,0.285
101041019,Bega - Tathra,2330.0,1649.0,9009.0,NSW,2119,2508,0.183,0.285
101041020,Bega-Eden Hinterland,2570.0,1573.0,9824.0,NSW,2021,2393,0.1601,0.285
101041021,Broulee - Tomakin,1247.0,900.0,3932.0,NSW,1156,1369,0.2289,0.285
101041022,Deua - Wadbilliga,18.0,14.0,41.0,NSW,18,21,0.3415,0.285
101041023,Eden,1150.0,834.0,3459.0,NSW,1072,1269,0.2411,0.285
101041024,Eurobodalla Hinterland,1121.0,771.0,3700.0,NSW,991,1173,0.2084,0.285
101041025,Merimbula - Tura Beach,4052.0,2890.0,11616.0,NSW,3714,4396,0.2488,0.285
101041026,Moruya - Tuross Head,3020.0,2099.0,8684.0,NSW,2697,3193,0.2417,0.285
101041027,Narooma - Bermagui,3898.0,2747.0,10016.0,NSW,3530,4178,0.2743,0.285
101051539,Goulburn,5224.0,3833.0,25304.0,NSW,4925,5830,0.1515,0.285
101051540,Goulburn Surrounds,3542.0,2470.0,14258.0,NSW,3174,3757,0.1732,0.285
101061541,Yass,1479.0,1056.0,6816.0,NSW,1357,1606,0.1549,0.285
101061542,Yass Surrounds,2343.0,1567.0,13197.0,NSW,2014,2383,0.1187,0.285
101061543,Young,2498.0,1877.0,10971.0,NSW,2412,2855,0.1711,0.285
101061544,Young Surrounds,2031.0,1422.0,7769.0,NSW,1827,2163,0.183,0.285
102011028,Avoca Beach - Copacabana,1410.0,910.0,7570.0,NSW,1169,1384,0.1202,0.285
102011029,Box Head - MacMasters Beach,3453.0,2544.0,11213.0,NSW,3269,3869,0.2269,0.285
102011030,Calga - Kulnura,1083.0,749.0,4694.0,NSW,962,1139,0.1596,0.285
102011031,Erina - Green Point,4561.0,3625.0,14680.0,NSW,4658,5514,0.2469,0.285
102011032,Gosford - Springfield,4233.0,3024.0,22599.0,NSW,3886,4600,0.1338,0.285
102011033,Kariong,779.0,493.0,6490.0,NSW,634,750,0.076,0.285
102011034,Kincumber - Picketts Valley,2255.0,1816.0,7590.0,NSW,2334,2762,0.2393,0.285
102011035,Narara,1182.0,781.0,7344.0,NSW,1004,1188,0.1063,0.285
102011036,Niagara Park - Lisarow,1355.0,938.0,8264.0,NSW,1205,1427,0.1135,0.285
102011037,Point Clare - Koolewong,1542.0,1146.0,6667.0,NSW,1473,1743,0.1719,0.285
102011038,Saratoga - Davistown,1781.0,1308.0,7348.0,NSW,1681,1989,0.178,0.285
102011039,Terrigal - North Avoca,3326.0,2307.0,15437.0,NSW,2964,3509,0.1494,0.285
102011040,Umina - Booker Bay - Patonga,6921.0,5196.0,25007.0,NSW,6677,7903,0.2078,0.285
102011041,Wamberal - Forresters Beach,2315.0,1701.0,10862.0,NSW,2186,2587,0.1566,0.285
102011042,Woy Woy - Blackwall,3818.0,2836.0,14554.0,NSW,3644,4314,0.1949,0.285
102011043,Wyoming,2494.0,1931.0,11339.0,NSW,2481,2937,0.1703,0.285
102021044,Bateau Bay - Killarney Vale,4909.0,3555.0,22990.0,NSW,4568,5407,0.1546,0.285
102021045,Blue Haven - San Remo,1559.0,1095.0,11620.0,NSW,1407,1665,0.0942,0.285
102021046,Budgewoi - Buff Point - Halekulani,2516.0,1813.0,9967.0,NSW,2330,2758,0.1819,0.285
102021047,Chittaway Bay - Tumbi Umbi,3190.0,2331.0,16354.0,NSW,2995,3545,0.1425,0.285
102021048,Gorokan - Kanwal - Charmhaven,5194.0,3794.0,22740.0,NSW,4875,5771,0.1668,0.285
102021049,Jilliby - Yarramalong,680.0,453.0,3566.0,NSW,582,689,0.127,0.285
102021050,Lake Munmorah - Mannering Park,3820.0,3024.0,11055.0,NSW,3886,4600,0.2735,0.285
102021051,Ourimbah - Fountaindale,788.0,505.0,4927.0,NSW,649,768,0.1025,0.285
102021052,Summerland Point - Gwandalan,1600.0,1165.0,6915.0,NSW,1497,1772,0.1685,0.285
102021053,The Entrance,4587.0,3379.0,16155.0,NSW,4342,5139,0.2092,0.285
102021054,Toukley - Norah Head,2666.0,1957.0,9847.0,NSW,2515,2977,0.1987,0.285
102021055,Tuggerah - Kangy Angy,879.0,619.0,5296.0,NSW,795,941,0.1169,0.285
102021056,Warnervale - Wadalba,3002.0,2257.0,22353.0,NSW,2900,3433,0.101,0.285
102021057,Wyong,1782.0,1269.0,9360.0,NSW,1631,1930,0.1356,0.285
103011059,Bathurst - East,2216.0,1569.0,13334.0,NSW,2016,2386,0.1177,0.285
103011060,Bathurst Surrounds,1582.0,1072.0,7043.0,NSW,1378,1631,0.1522,0.285
103011061,Oberon,1311.0,969.0,4844.0,NSW,1245,1474,0.2,0.285
103011612,Bathurst - South,2258.0,1691.0,10491.0,NSW,2173,2572,0.1612,0.285
103011613,Bathurst - West,2554.0,1748.0,14817.0,NSW,2246,2659,0.118,0.285
103021062,Condobolin,1421.0,982.0,6351.0,NSW,1262,1494,0.1546,0.285
103021063,Cowra,2351.0,1721.0,9138.0,NSW,2211,2618,0.1883,0.285
103021064,Cowra Surrounds,1633.0,1221.0,5772.0,NSW,1569,1857,0.2115,0.285
103021065,Forbes,2299.0,1738.0,9990.0,NSW,2233,2643,0.174,0.285
103021066,Grenfell,1114.0,846.0,3578.0,NSW,1087,1287,0.2364,0.285
103021067,Parkes (NSW),2237.0,1600.0,11000.0,NSW,2056,2434,0.1455,0.285
103021068,Parkes Surrounds,761.0,547.0,3092.0,NSW,703,832,0.1769,0.285
103021069,West Wyalong,1263.0,898.0,5423.0,NSW,1154,1366,0.1656,0.285
103031070,Lithgow,3219.0,2364.0,12235.0,NSW,3038,3596,0.1932,0.285
103031071,Lithgow Surrounds,2092.0,1472.0,8511.0,NSW,1892,2239,0.173,0.285
103031072,Mudgee,2359.0,1753.0,12796.0,NSW,2253,2666,0.137,0.285
103031073,Mudgee Surrounds - East,1087.0,807.0,3392.0,NSW,1037,1227,0.2379,0.285
103031074,Mudgee Surrounds - West,2467.0,1695.0,11393.0,NSW,2178,2578,0.1488,0.285
103031075,Wollangambe - Wollemi,0.0,0.0,0.0,NSW,0,0,0.0,0.285
103041076,Blayney,1624.0,1111.0,7784.0,NSW,1428,1690,0.1427,0.285
103041077,Orange,4176.0,3122.0,19121.0,NSW,4012,4749,0.1633,0.285
103041078,Orange - North,3493.0,2469.0,23856.0,NSW,3173,3755,0.1035,0.285
103041079,Orange Surrounds,2534.0,1759.0,12039.0,NSW,2260,2675,0.1461,0.285
104011080,Grafton,4748.0,3547.0,19720.0,NSW,4558,5395,0.1799,0.285
104011081,Grafton Surrounds,4515.0,2989.0,17755.0,NSW,3841,4546,0.1683,0.285
104011082,Maclean - Yamba - Iluka,6449.0,4711.0,18241.0,NSW,6054,7165,0.2583,0.285
104021083,Bellingen,1455.0,964.0,6152.0,NSW,1239,1466,0.1567,0.285
104021084,Coffs Harbour - North,4247.0,3153.0,18845.0,NSW,4052,4796,0.1673,0.285
104021085,Coffs Harbour - South,2798.0,2159.0,11391.0,NSW,2774,3284,0.1895,0.285
104021086,Coramba - Nana Glen - Bucca,807.0,515.0,4049.0,NSW,662,783,0.1272,0.285
104021087,Dorrigo,1066.0,748.0,3225.0,NSW,961,1138,0.2319,0.285
104021088,Korora - Emerald Beach,2364.0,1581.0,10833.0,NSW,2032,2405,0.1459,0.285
104021089,Sawtell - Boambee,4986.0,3680.0,20362.0,NSW,4729,5597,0.1807,0.285
104021090,Urunga,1630.0,1119.0,4942.0,NSW,1438,1702,0.2264,0.285
104021091,Woolgoolga - Arrawarra,3729.0,2617.0,15048.0,NSW,3363,3980,0.1739,0.285
105011092,Bourke - Brewarrina,552.0,366.0,3499.0,NSW,470,557,0.1046,0.285
105011093,Cobar,756.0,520.0,4097.0,NSW,668,791,0.1269,0.285
105011094,Coonamble,745.0,525.0,4077.0,NSW,675,799,0.1288,0.285
105011095,Nyngan - Warren,1073.0,818.0,4548.0,NSW,1051,1244,0.1799,0.285
105011096,Walgett - Lightning Ridge,1326.0,888.0,5784.0,NSW,1141,1351,0.1535,0.285
105021097,Broken Hill,4157.0,2937.0,17541.0,NSW,3774,4467,0.1674,0.285
105021098,Far West,484.0,348.0,2299.0,NSW,447,529,0.1514,0.285
105031099,Coonabarabran,2354.0,1708.0,7946.0,NSW,2195,2598,0.215,0.285
105031100,Dubbo - East,1752.0,1154.0,10799.0,NSW,1483,1755,0.1069,0.285
105031101,Dubbo - South,3354.0,2414.0,20412.0,NSW,3102,3672,0.1183,0.285
105031102,Dubbo - West,1799.0,1373.0,10901.0,NSW,1764,2088,0.126,0.285
105031103,Dubbo Surrounds,1243.0,837.0,6146.0,NSW,1076,1273,0.1362,0.285
105031104,Gilgandra,1096.0,761.0,4409.0,NSW,978,1157,0.1726,0.285
105031105,Narromine,1450.0,1065.0,6501.0,NSW,1369,1620,0.1638,0.285
105031106,Wellington,1885.0,1289.0,9122.0,NSW,1656,1961,0.1413,0.285
106011107,Branxton - Greta - Pokolbin,2178.0,1428.0,15349.0,NSW,1835,2172,0.093,0.285
106011108,Cessnock,4635.0,3298.0,24267.0,NSW,4238,5016,0.1359,0.285
106011109,Cessnock Surrounds,1899.0,1221.0,9776.0,NSW,1569,1857,0.1249,0.285
106011110,Dungog,2284.0,1567.0,9905.0,NSW,2014,2383,0.1582,0.285
106011111,Kurri Kurri - Abermain,3497.0,2372.0,22814.0,NSW,3048,3608,0.104,0.285
106011112,Singleton,2512.0,1705.0,17447.0,NSW,2191,2593,0.0977,0.285
106011113,Singleton Surrounds,1043.0,671.0,5480.0,NSW,862,1021,0.1224,0.285
106021114,Maitland,1227.0,822.0,9537.0,NSW,1056,1250,0.0862,0.285
106021116,Maitland - North,1615.0,1100.0,9162.0,NSW,1414,1673,0.1201,0.285
106021614,East Maitland - Metford,3297.0,2354.0,18260.0,NSW,3025,3580,0.1289,0.285
106021615,Rutherford (North) - Aberglasslyn,2802.0,2027.0,19283.0,NSW,2605,3083,0.1051,0.285
106021616,Rutherford (South) - Telarah,1288.0,860.0,9065.0,NSW,1105,1308,0.0949,0.285
106021617,Tenambit - East Maitland,2424.0,1819.0,10469.0,NSW,2337,2767,0.1738,0.285
106021618,Thornton - Millers Forest,2155.0,1407.0,19023.0,NSW,1808,2140,0.074,0.285
106031119,Anna Bay,2308.0,1685.0,6791.0,NSW,2165,2563,0.2481,0.285
106031120,Lemon Tree Passage - Tanilba Bay,2043.0,1408.0,7001.0,NSW,1809,2142,0.2011,0.285
106031121,Nelson Bay Peninsula,7958.0,5952.0,22043.0,NSW,7648,9053,0.27,0.285
106031122,Raymond Terrace,2739.0,1908.0,15255.0,NSW,2452,2902,0.1251,0.285
106031123,Seaham - Woodville,1035.0,676.0,5845.0,NSW,869,1028,0.1157,0.285
106031124,Tea Gardens - Hawks Nest,3109.0,2417.0,5806.0,NSW,3106,3676,0.4163,0.285
106031125,Williamtown - Medowie - Karuah,3377.0,2342.0,16615.0,NSW,3009,3562,0.141,0.285
106041126,Muswellbrook,1851.0,1285.0,12611.0,NSW,1651,1954,0.1019,0.285
106041127,Muswellbrook Surrounds,794.0,578.0,4206.0,NSW,743,879,0.1374,0.285
106041128,Scone,1254.0,896.0,6030.0,NSW,1151,1363,0.1486,0.285
106041129,Scone Surrounds,1931.0,1334.0,8376.0,NSW,1714,2029,0.1593,0.285
107011131,Dapto - Avondale,5343.0,4097.0,24765.0,NSW,5265,6232,0.1654,0.285
107011132,Horsley - Kembla Grange,1560.0,1015.0,14086.0,NSW,1304,1544,0.0721,0.285
107011133,Port Kembla Industrial,1.0,0.0,7.0,NSW,0,0,0.0,0.285
107011134,Unanderra - Mount Kembla,2918.0,2024.0,15351.0,NSW,2601,3079,0.1318,0.285
107011545,Berkeley - Lake Heights - Cringila,2584.0,1913.0,14223.0,NSW,2458,2910,0.1345,0.285
107011546,Port Kembla - Warrawong,2020.0,1507.0,9744.0,NSW,1936,2292,0.1547,0.285
107011547,Windang - Primbee,1372.0,1063.0,4220.0,NSW,1366,1617,0.2519,0.285
107021135,Illawarra Catchment Reserve,0.0,0.0,5.0,NSW,0,0,0.0,0.285
107031136,Albion Park - Macquarie Pass,2807.0,1878.0,22698.0,NSW,2413,2856,0.0827,0.285
107031137,Albion Park Rail,1429.0,998.0,6839.0,NSW,1282,1518,0.1459,0.285
107031138,Kiama,2960.0,2213.0,9014.0,NSW,2844,3366,0.2455,0.285
107031139,Kiama Downs - Minnamurra,1534.0,1025.0,5959.0,NSW,1317,1559,0.172,0.285
107031140,Kiama Hinterland - Gerringong,2284.0,1650.0,8084.0,NSW,2120,2510,0.2041,0.285
107031141,Shellharbour - Flinders,3559.0,2417.0,20479.0,NSW,3106,3676,0.118,0.285
107031142,Shellharbour - Oak Flats,2557.0,1811.0,10960.0,NSW,2327,2755,0.1652,0.285
107031143,Warilla,4763.0,3499.0,20590.0,NSW,4496,5322,0.1699,0.285
107041144,Balgownie - Fairy Meadow,4424.0,3344.0,22124.0,NSW,4297,5086,0.1511,0.285
107041145,Corrimal - Tarrawanna - Bellambi,3245.0,2322.0,16459.0,NSW,2984,3532,0.1411,0.285
107041146,Figtree - Keiraville,3816.0,2826.0,23569.0,NSW,3631,4298,0.1199,0.285
107041147,Helensburgh,1353.0,876.0,9122.0,NSW,1126,1332,0.096,0.285
107041148,Thirroul - Austinmer - Coalcliff,2449.0,1647.0,12081.0,NSW,2116,2505,0.1363,0.285
107041150,Woonona - Bulli - Russell Vale,3868.0,2758.0,20827.0,NSW,3544,4195,0.1324,0.285
107041548,Wollongong - East,3610.0,2640.0,17789.0,NSW,3392,4015,0.1484,0.285
107041549,Wollongong - West,2393.0,1733.0,17352.0,NSW,2227,2636,0.0999,0.285
108011151,Bulahdelah - Stroud,1483.0,1005.0,5394.0,NSW,1291,1529,0.1863,0.285
108011152,Forster,5803.0,4368.0,14899.0,NSW,5613,6644,0.2932,0.285
108011153,Forster-Tuncurry Surrounds,2306.0,1538.0,7219.0,NSW,1976,2339,0.213,0.285
108011154,Tuncurry,2803.0,2207.0,6299.0,NSW,2836,3357,0.3504,0.285
108021155,Kempsey,3517.0,2528.0,16232.0,NSW,3248,3845,0.1557,0.285
108021156,Kempsey Surrounds,2632.0,1693.0,9589.0,NSW,2176,2575,0.1766,0.285
108021157,Macksville - Scotts Head,1584.0,1091.0,5366.0,NSW,1402,1659,0.2033,0.285
108021158,Nambucca Heads,2644.0,1962.0,7211.0,NSW,2521,2984,0.2721,0.285
108021159,Nambucca Heads Surrounds,2313.0,1526.0,8409.0,NSW,1961,2321,0.1815,0.285
108021160,South West Rocks,2379.0,1756.0,5954.0,NSW,2256,2671,0.2949,0.285
108031161,Lord Howe Island,97.0,69.0,448.0,NSW,89,105,0.154,0.285
108041162,Laurieton - Bonny Hills,7610.0,5740.0,19482.0,NSW,7376,8731,0.2946,0.285
108041164,Port Macquarie - West,6701.0,5166.0,23389.0,NSW,6638,7857,0.2209,0.285
108041165,Port Macquarie Surrounds,1473.0,938.0,5296.0,NSW,1205,1427,0.1771,0.285
108041166,Wauchope,3121.0,2264.0,13464.0,NSW,2909,3444,0.1682,0.285
108041619,Port Macquarie - East,2933.0,2086.0,11812.0,NSW,2681,3173,0.1766,0.285
108041620,Port Macquarie - South,4975.0,3842.0,17460.0,NSW,4937,5844,0.22,0.285
108051167,Gloucester,1913.0,1402.0,5366.0,NSW,1802,2132,0.2613,0.285
108051168,Old Bar - Manning Point - Red Head,4516.0,3186.0,13202.0,NSW,4094,4846,0.2413,0.285
108051169,Taree,5615.0,4249.0,21415.0,NSW,5460,6463,0.1984,0.285
108051170,Taree Surrounds,4625.0,3170.0,13457.0,NSW,4073,4822,0.2356,0.285
108051171,Wingham,1500.0,1072.0,5397.0,NSW,1378,1631,0.1986,0.285
109011172,Albury - East,3311.0,2357.0,20101.0,NSW,3029,3585,0.1173,0.285
109011173,Albury - North,2163.0,1534.0,10605.0,NSW,1971,2333,0.1446,0.285
109011174,Albury - South,2500.0,1775.0,10230.0,NSW,2281,2700,0.1735,0.285
109011175,Albury Surrounds,2843.0,1919.0,13133.0,NSW,2466,2919,0.1461,0.285
109011176,Lavington,3475.0,2573.0,15610.0,NSW,3306,3914,0.1648,0.285
109021177,Hay,715.0,521.0,2880.0,NSW,669,792,0.1809,0.285
109021178,Wentworth - Buronga,1507.0,1063.0,6775.0,NSW,1366,1617,0.1569,0.285
109021179,Wentworth-Balranald Region,791.0,515.0,3677.0,NSW,662,783,0.1401,0.285
109031180,Corowa,1773.0,1337.0,5545.0,NSW,1718,2034,0.2411,0.285
109031181,Corowa Surrounds,2279.0,1656.0,7507.0,NSW,2128,2519,0.2206,0.285
109031182,Deniliquin,1879.0,1332.0,7053.0,NSW,1712,2026,0.1889,0.285
109031183,Deniliquin Surrounds,1848.0,1243.0,6895.0,NSW,1597,1891,0.1803,0.285
109031184,Moama,2429.0,1810.0,7596.0,NSW,2326,2753,0.2383,0.285
109031185,Tocumwal - Finley - Jerilderie,3281.0,2404.0,9857.0,NSW,3089,3656,0.2439,0.285
110011186,Armidale,4412.0,3213.0,24386.0,NSW,4129,4887,0.1318,0.285
110011187,Armidale Surrounds - North,1051.0,710.0,4650.0,NSW,912,1080,0.1527,0.285
110011188,Armidale Surrounds - South,1391.0,962.0,5978.0,NSW,1236,1463,0.1609,0.285
110011189,Walcha,944.0,704.0,3140.0,NSW,905,1071,0.2242,0.285
110021190,Glen Innes,2706.0,1953.0,8978.0,NSW,2510,2971,0.2175,0.285
110021191,Inverell,2840.0,2150.0,12279.0,NSW,2763,3270,0.1751,0.285
110021192,Inverell Surrounds - East,1257.0,884.0,5233.0,NSW,1136,1345,0.1689,0.285
110021193,Inverell Surrounds - West,1659.0,1211.0,5739.0,NSW,1556,1842,0.211,0.285
110021194,Tenterfield,2424.0,1706.0,7081.0,NSW,2192,2595,0.2409,0.285
110031195,Moree,1435.0,1005.0,7993.0,NSW,1291,1529,0.1257,0.285
110031196,Moree Surrounds,837.0,537.0,5263.0,NSW,690,817,0.102,0.285
110031197,Narrabri,1436.0,1038.0,6965.0,NSW,1334,1579,0.149,0.285
110031198,Narrabri Surrounds,907.0,612.0,4607.0,NSW,786,931,0.1328,0.285
110041199,Gunnedah,1908.0,1435.0,10095.0,NSW,1844,2183,0.1421,0.285
110041200,Gunnedah Surrounds,921.0,619.0,4521.0,NSW,795,941,0.1369,0.285
110041201,Quirindi,1981.0,1390.0,7670.0,NSW,1786,2114,0.1812,0.285
110041202,Tamworth - East,4472.0,3227.0,22601.0,NSW,4147,4908,0.1428,0.285
110041203,Tamworth - North,3341.0,2592.0,16835.0,NSW,3331,3942,0.154,0.285
110041204,Tamworth - West,814.0,571.0,6442.0,NSW,734,868,0.0886,0.285
110041205,Tamworth Surrounds,4421.0,3052.0,19833.0,NSW,3922,4642,0.1539,0.285
111011206,Belmont - Bennetts Green,4311.0,3216.0,17873.0,NSW,4133,4892,0.1799,0.285
111011207,Belmont South - Blacksmiths,1578.0,1123.0,5792.0,NSW,1443,1708,0.1939,0.285
111011208,Charlestown - Dudley,4470.0,3277.0,25944.0,NSW,4211,4984,0.1263,0.285
111011209,Glendale - Cardiff - Hillsborough,4297.0,3114.0,25400.0,NSW,4001,4736,0.1226,0.285
111011210,Mount Hutton - Windale,1970.0,1442.0,9677.0,NSW,1853,2193,0.149,0.285
111011211,Redhead,1094.0,765.0,3746.0,NSW,983,1164,0.2042,0.285
111011212,Swansea - Caves Beach,3653.0,2621.0,12984.0,NSW,3368,3987,0.2019,0.285
111011213,Valentine - Eleebana,2985.0,2169.0,12550.0,NSW,2787,3299,0.1728,0.285
111011214,Warners Bay - Boolaroo,3723.0,2728.0,15268.0,NSW,3505,4149,0.1787,0.285
111021215,Bolton Point - Teralba,2180.0,1594.0,10548.0,NSW,2048,2424,0.1511,0.285
111021216,Bonnells Bay - Silverwater,2446.0,1748.0,10140.0,NSW,2246,2659,0.1724,0.285
111021217,Edgeworth - Cameron Park,2383.0,1675.0,18059.0,NSW,2152,2548,0.0928,0.285
111021218,Morisset - Cooranbong,5098.0,3922.0,20319.0,NSW,5040,5965,0.193,0.285
111021219,Toronto - Awaba,3936.0,2896.0,14075.0,NSW,3721,4405,0.2058,0.285
111021220,Wangi Wangi - Rathmines,2726.0,1904.0,9632.0,NSW,2447,2896,0.1977,0.285
111021221,West Wallsend - Barnsley - Killingworth,1342.0,923.0,7453.0,NSW,1186,1404,0.1238,0.285
111031222,Adamstown - Kotara,2742.0,2036.0,17326.0,NSW,2616,3097,0.1175,0.285
111031223,Beresfield - Hexham,1794.0,1349.0,8680.0,NSW,1733,2052,0.1554,0.285
111031224,Hamilton - Broadmeadow,2578.0,1806.0,13162.0,NSW,2321,2747,0.1372,0.285
111031225,Lambton - New Lambton,3094.0,2179.0,17693.0,NSW,2800,3314,0.1232,0.285
111031226,Maryland - Fletcher - Minmi,1848.0,1184.0,17510.0,NSW,1521,1801,0.0676,0.285
111031227,Mayfield - Warabrook,2451.0,1666.0,15962.0,NSW,2141,2534,0.1044,0.285
111031228,Merewether - The Junction,2509.0,1723.0,14808.0,NSW,2214,2621,0.1164,0.285
111031229,Newcastle - Cooks Hill,2659.0,1786.0,14264.0,NSW,2295,2717,0.1252,0.285
111031230,Newcastle Port - Kooragang,12.0,12.0,28.0,NSW,15,18,0.4286,0.285
111031231,Shortland - Jesmond,1587.0,1236.0,13955.0,NSW,1588,1880,0.0886,0.285
111031232,Stockton - Fullerton Cove,2828.0,2127.0,9542.0,NSW,2733,3235,0.2229,0.285
111031233,Wallsend - Elermore Vale,4377.0,3301.0,21691.0,NSW,4242,5021,0.1522,0.285
111031234,Waratah - North Lambton,2111.0,1560.0,13065.0,NSW,2005,2373,0.1194,0.285
111031235,Wickham - Carrington - Tighes Hill,1368.0,860.0,10211.0,NSW,1105,1308,0.0842,0.285
112011236,Ballina,6407.0,4996.0,18810.0,NSW,6420,7599,0.2656,0.285
112011237,Ballina Surrounds,4592.0,3278.0,19074.0,NSW,4212,4986,0.1719,0.285
112011238,Bangalow,1308.0,795.0,7383.0,NSW,1022,1209,0.1077,0.285
112011239,Brunswick Heads - Ocean Shores,1912.0,1288.0,9596.0,NSW,1655,1959,0.1342,0.285
112011240,Byron Bay,1967.0,1298.0,11224.0,NSW,1668,1974,0.1156,0.285
112011241,Evans Head,1815.0,1274.0,5918.0,NSW,1637,1938,0.2153,0.285
112011242,Lennox Head - Skennars Head,1930.0,1286.0,9960.0,NSW,1653,1956,0.1291,0.285
112011243,Mullumbimby,1990.0,1324.0,9414.0,NSW,1701,2014,0.1406,0.285
112021244,Casino,3084.0,2341.0,12280.0,NSW,3008,3561,0.1906,0.285
112021245,Casino Surrounds,1770.0,1176.0,7577.0,NSW,1511,1789,0.1552,0.285
112021246,Goonellabah,3129.0,2315.0,14025.0,NSW,2975,3521,0.1651,0.285
112021247,Kyogle,2234.0,1458.0,7708.0,NSW,1874,2218,0.1892,0.285
112021248,Lismore,2780.0,1940.0,13958.0,NSW,2493,2951,0.139,0.285
112021249,Lismore Surrounds,3707.0,2363.0,16091.0,NSW,3036,3594,0.1469,0.285
112031250,Kingscliff - Fingal Head,3968.0,2731.0,15201.0,NSW,3509,4154,0.1797,0.285
112031251,Murwillumbah,2356.0,1772.0,9460.0,NSW,2277,2695,0.1873,0.285
112031252,Murwillumbah Surrounds,2542.0,1611.0,10690.0,NSW,2070,2450,0.1507,0.285
112031253,Pottsville,3212.0,2213.0,14583.0,NSW,2844,3366,0.1518,0.285
112031254,Tweed Heads,6327.0,4748.0,21283.0,NSW,6101,7222,0.2231,0.285
112031550,Banora Point,4765.0,3649.0,16608.0,NSW,4689,5550,0.2197,0.285
112031551,Terranora - North Tumbulgum,724.0,510.0,3394.0,NSW,655,776,0.1503,0.285
112031552,Tweed Heads South,3057.0,2460.0,8574.0,NSW,3161,3742,0.2869,0.285
113011256,Griffith (NSW),3419.0,2510.0,20690.0,NSW,3225,3818,0.1213,0.285
113011257,Griffith Surrounds,2361.0,1509.0,13019.0,NSW,1939,2295,0.1159,0.285
113011258,Leeton,1916.0,1348.0,10336.0,NSW,1732,2050,0.1304,0.285
113011259,Narrandera,1407.0,1007.0,5901.0,NSW,1294,1532,0.1706,0.285
113021260,Tumbarumba,984.0,692.0,3543.0,NSW,889,1053,0.1953,0.285
113021261,Tumut,1452.0,1079.0,6627.0,NSW,1387,1641,0.1628,0.285
113021262,Tumut Surrounds,1240.0,843.0,4801.0,NSW,1083,1282,0.1756,0.285
113031263,Cootamundra,2528.0,1896.0,7722.0,NSW,2436,2884,0.2455,0.285
113031264,Gundagai,916.0,649.0,3728.0,NSW,834,987,0.1741,0.285
113031265,Junee,1345.0,907.0,6376.0,NSW,1165,1380,0.1423,0.285
113031266,Temora,1840.0,1382.0,6570.0,NSW,1776,2102,0.2104,0.285
113031267,Wagga Wagga - East,3517.0,2581.0,16931.0,NSW,3317,3926,0.1524,0.285
113031268,Wagga Wagga - North,821.0,623.0,6101.0,NSW,801,948,0.1021,0.285
113031269,Wagga Wagga - South,3802.0,2658.0,23196.0,NSW,3416,4043,0.1146,0.285
113031270,Wagga Wagga - West,2210.0,1576.0,11735.0,NSW,2025,2397,0.1343,0.285
113031271,Wagga Wagga Surrounds,3114.0,2116.0,18576.0,NSW,2719,3218,0.1139,0.285
114011272,Berry - Kangaroo Valley,3553.0,2558.0,9410.0,NSW,3287,3891,0.2718,0.285
114011273,Callala Bay - Currarong,1270.0,873.0,3577.0,NSW,1122,1328,0.2441,0.285
114011274,Culburra Beach,1736.0,1288.0,5016.0,NSW,1655,1959,0.2568,0.285
114011275,Ettrema - Sassafras - Budawang,25.0,17.0,62.0,NSW,22,26,0.2742,0.285
114011276,Huskisson - Vincentia,1537.0,1096.0,4999.0,NSW,1408,1667,0.2192,0.285
114011277,North Nowra - Bomaderry,3959.0,2878.0,16406.0,NSW,3698,4377,0.1754,0.285
114011278,Nowra,4117.0,2999.0,23650.0,NSW,3854,4561,0.1268,0.285
114011279,St Georges Basin - Erowal Bay,4723.0,3543.0,15357.0,NSW,4553,5389,0.2307,0.285
114011280,Sussex Inlet - Berrara,2063.0,1516.0,4877.0,NSW,1948,2306,0.3108,0.285
114011281,Tomerong - Wandandian - Woollamia,904.0,614.0,3789.0,NSW,789,934,0.162,0.285
114011282,Ulladulla,5687.0,4055.0,17435.0,NSW,5211,6168,0.2326,0.285
114011283,Ulladulla Surrounds,2089.0,1399.0,5959.0,NSW,1798,2128,0.2348,0.285
114021284,Bowral,5242.0,4253.0,13455.0,NSW,5465,6469,0.3161,0.285
114021285,Hill Top - Colo Vale,970.0,659.0,6558.0,NSW,847,1002,0.1005,0.285
114021286,Mittagong,2744.0,2027.0,11266.0,NSW,2605,3083,0.1799,0.285
114021287,Moss Vale - Berrima,2692.0,1984.0,10999.0,NSW,2549,3018,0.1804,0.285
114021288,Robertson - Fitzroy Falls,1105.0,767.0,3881.0,NSW,986,1167,0.1976,0.285
114021289,Southern Highlands,2356.0,1734.0,7358.0,NSW,2228,2637,0.2357,0.285
115011290,Baulkham Hills - East,3900.0,2983.0,25103.0,NSW,3833,4537,0.1188,0.285
115011291,Baulkham Hills (West) - Bella Vista,4098.0,2861.0,23086.0,NSW,3676,4352,0.1239,0.285
115011294,Glenhaven,1696.0,1365.0,6390.0,NSW,1754,2076,0.2136,0.285
115011296,West Pennant Hills,2893.0,1956.0,12513.0,NSW,2513,2975,0.1563,0.285
115011553,Castle Hill - Central,1396.0,1008.0,8323.0,NSW,1295,1533,0.1211,0.285
115011554,Castle Hill - East,1991.0,1638.0,5384.0,NSW,2105,2491,0.3042,0.285
115011555,Castle Hill - North,2431.0,1715.0,12572.0,NSW,2204,2609,0.1364,0.285
115011556,Castle Hill - South,1929.0,1375.0,10787.0,NSW,1767,2091,0.1275,0.285
115011557,Castle Hill - West,870.0,547.0,5192.0,NSW,703,832,0.1054,0.285
115011558,Cherrybrook,3762.0,2603.0,18948.0,NSW,3345,3959,0.1374,0.285
115011621,Kellyville - East,2333.0,1534.0,17679.0,NSW,1971,2333,0.0868,0.285
115011622,Kellyville - West,1763.0,1244.0,13879.0,NSW,1599,1892,0.0896,0.285
115021297,Dural - Kenthurst - Wisemans Ferry,4642.0,3389.0,22941.0,NSW,4355,5155,0.1477,0.285
115021298,Galston - Laughtondale,1386.0,1037.0,5482.0,NSW,1333,1577,0.1892,0.285
115031299,Bilpin - Colo - St Albans,646.0,459.0,2807.0,NSW,590,698,0.1635,0.285
115031300,Kurrajong Heights - Ebenezer,3799.0,2575.0,22436.0,NSW,3309,3917,0.1148,0.285
115041301,Pitt Town - McGraths Hill,1980.0,1387.0,12043.0,NSW,1782,2110,0.1152,0.285
115041623,Box Hill - Nelson,1195.0,737.0,22420.0,NSW,947,1121,0.0329,0.285
115041624,North Kellyville,1652.0,1054.0,21350.0,NSW,1354,1603,0.0494,0.285
115041625,Rouse Hill - Beaumont Hills,1948.0,1288.0,18601.0,NSW,1655,1959,0.0692,0.285
116011303,Blacktown (East) - Kings Park,2126.0,1492.0,18139.0,NSW,1917,2269,0.0823,0.285
116011304,Blacktown (North) - Marayong,2938.0,2014.0,21282.0,NSW,2588,3063,0.0946,0.285
116011306,Doonside - Woodcroft,3300.0,2098.0,23905.0,NSW,2696,3191,0.0878,0.285
116011307,Lalor Park - Kings Langley,4210.0,2929.0,25926.0,NSW,3764,4455,0.113,0.285
116011560,Blacktown - South,1796.0,1243.0,12797.0,NSW,1597,1891,0.0971,0.285
116011561,Blacktown - West,2437.0,1685.0,17786.0,NSW,2165,2563,0.0947,0.285
116011626,Seven Hills - Prospect,2460.0,1717.0,15135.0,NSW,2206,2612,0.1134,0.285
116011627,Toongabbie - West,1702.0,1221.0,12215.0,NSW,1569,1857,0.1,0.285
116021309,Glenwood,1737.0,1140.0,16005.0,NSW,1465,1734,0.0712,0.285
116021562,Acacia Gardens,392.0,273.0,3714.0,NSW,351,415,0.0735,0.285
116021563,Quakers Hill,2554.0,1621.0,25952.0,NSW,2083,2466,0.0625,0.285
116021628,Kellyville Ridge - The Ponds,1916.0,1376.0,21655.0,NSW,1768,2093,0.0635,0.285
116021629,Marsden Park - Shanes Park,1366.0,886.0,27263.0,NSW,1139,1348,0.0325,0.285
116021630,Riverstone,1394.0,944.0,18860.0,NSW,1213,1436,0.0501,0.285
116021631,Schofields (West) - Colebee,717.0,406.0,13942.0,NSW,522,618,0.0291,0.285
116021632,Schofields - East,1604.0,1000.0,35868.0,NSW,1285,1521,0.0279,0.285
116021633,Stanhope Gardens - Parklea,1367.0,943.0,13185.0,NSW,1212,1434,0.0715,0.285
116031313,Bidwill - Hebersham - Emerton,2548.0,1719.0,18866.0,NSW,2209,2615,0.0911,0.285
116031314,Glendenning - Dean Park,879.0,556.0,8394.0,NSW,714,846,0.0662,0.285
116031315,Hassall Grove - Plumpton,2411.0,1423.0,21541.0,NSW,1829,2164,0.0661,0.285
116031316,Lethbridge Park - Tregear,2457.0,1744.0,22620.0,NSW,2241,2653,0.0771,0.285
116031317,Mount Druitt - Whalan,2939.0,1974.0,24170.0,NSW,2537,3002,0.0817,0.285
116031318,Prospect Reservoir,1.0,0.0,16.0,NSW,0,0,0.0,0.285
116031319,Rooty Hill - Minchinbury,3392.0,2308.0,23218.0,NSW,2966,3510,0.0994,0.285
117011320,Banksmeadow,57.0,43.0,645.0,NSW,55,65,0.0667,0.285
117011321,Botany,1633.0,1119.0,13776.0,NSW,1438,1702,0.0812,0.285
117011323,Pagewood - Hillsdale - Daceyville,2279.0,1692.0,16059.0,NSW,2174,2574,0.1054,0.285
117011324,Port Botany Industrial,4.0,0.0,9.0,NSW,0,0,0.0,0.285
117011325,Sydney Airport,2.0,1.0,23.0,NSW,1,2,0.0435,0.285
117011634,Eastlakes,1750.0,1315.0,8808.0,NSW,1690,2000,0.1493,0.285
117011635,Mascot,1754.0,1188.0,23008.0,NSW,1527,1807,0.0516,0.285
117021327,Petersham - Stanmore,2346.0,1676.0,20986.0,NSW,2154,2549,0.0799,0.285
117021328,Sydenham - Tempe - St Peters,911.0,651.0,8844.0,NSW,837,990,0.0736,0.285
117021636,Marrickville - North,1689.0,1235.0,12880.0,NSW,1587,1878,0.0959,0.285
117021637,Marrickville - South,2096.0,1542.0,14497.0,NSW,1981,2345,0.1064,0.285
117031329,Darlinghurst,1302.0,890.0,11411.0,NSW,1144,1354,0.078,0.285
117031330,Erskineville - Alexandria,1334.0,887.0,21139.0,NSW,1140,1349,0.042,0.285
117031331,Glebe - Forest Lodge,2873.0,2009.0,21794.0,NSW,2582,3056,0.0922,0.285
117031333,Potts Point - Woolloomooloo,3073.0,2144.0,19653.0,NSW,2755,3261,0.1091,0.285
117031336,Surry Hills,1603.0,1113.0,17099.0,NSW,1430,1693,0.0651,0.285
117031638,Camperdown - Darlington,530.0,360.0,9609.0,NSW,463,548,0.0375,0.285
117031639,Chippendale,304.0,199.0,9490.0,NSW,256,303,0.021,0.285
117031640,Newtown (NSW),1303.0,869.0,15548.0,NSW,1117,1322,0.0559,0.285
117031641,Pyrmont,1834.0,1274.0,13958.0,NSW,1637,1938,0.0913,0.285
117031642,Redfern,1919.0,1406.0,15359.0,NSW,1807,2139,0.0915,0.285
117031643,Rosebery - Beaconsfield,1088.0,772.0,13593.0,NSW,992,1174,0.0568,0.285
117031644,Sydney (North) - Millers Point,1269.0,954.0,8913.0,NSW,1226,1451,0.107,0.285
117031645,Sydney (South) - Haymarket,874.0,574.0,23756.0,NSW,738,873,0.0242,0.285
117031646,Ultimo,405.0,304.0,10044.0,NSW,391,462,0.0303,0.285
117031647,Waterloo,1815.0,1293.0,18291.0,NSW,1662,1967,0.0707,0.285
117031648,Zetland,526.0,331.0,14313.0,NSW,425,503,0.0231,0.285
118011339,Bondi - Tamarama - Bronte,2384.0,1817.0,20003.0,NSW,2335,2764,0.0908,0.285
118011340,Bondi Beach - North Bondi,1946.0,1410.0,22528.0,NSW,1812,2145,0.0626,0.285
118011341,Bondi Junction - Waverly,2787.0,2113.0,18893.0,NSW,2715,3214,0.1118,0.285
118011342,Centennial Park,0.0,0.0,0.0,NSW,0,0,0.0,0.285
118011344,Dover Heights,1838.0,1363.0,11433.0,NSW,1751,2073,0.1192,0.285
118011345,Paddington - Moore Park,2138.0,1588.0,15565.0,NSW,2041,2415,0.102,0.285
118011346,Rose Bay - Vaucluse - Watsons Bay,2633.0,1972.0,11857.0,NSW,2534,2999,0.1663,0.285
118011347,Woollahra,1714.0,1403.0,7777.0,NSW,1803,2134,0.1804,0.285
118011649,Bellevue Hill,2821.0,2104.0,15024.0,NSW,2704,3200,0.14,0.285
118011650,Double Bay - Darling Point,2538.0,2006.0,10248.0,NSW,2578,3051,0.1957,0.285
118021564,Kensington (NSW),1378.0,1039.0,14318.0,NSW,1335,1580,0.0726,0.285
118021565,Kingsford,1740.0,1305.0,16380.0,NSW,1677,1985,0.0797,0.285
118021566,Maroubra - North,1955.0,1475.0,10307.0,NSW,1895,2243,0.1431,0.285
118021567,Maroubra - South,2072.0,1542.0,11546.0,NSW,1981,2345,0.1336,0.285
118021568,Maroubra - West,1544.0,1156.0,10756.0,NSW,1485,1758,0.1075,0.285
118021569,Randwick - North,2312.0,1733.0,16679.0,NSW,2227,2636,0.1039,0.285
118021570,Randwick - South,1663.0,1234.0,13545.0,NSW,1586,1877,0.0911,0.285
118021651,Coogee - Clovelly,2301.0,1616.0,20427.0,NSW,2077,2458,0.0791,0.285
118021652,Malabar - La Perouse,2310.0,1690.0,10915.0,NSW,2172,2570,0.1548,0.285
118021653,Matraville - Chifley,2477.0,1766.0,13966.0,NSW,2269,2686,0.1264,0.285
118021654,South Coogee,1045.0,755.0,5750.0,NSW,970,1148,0.1313,0.285
119011354,Bass Hill - Georges Hall,3747.0,2713.0,24545.0,NSW,3486,4126,0.1105,0.285
119011355,Chullora,150.0,99.0,1506.0,NSW,127,151,0.0657,0.285
119011356,Condell Park,1888.0,1364.0,13380.0,NSW,1753,2075,0.1019,0.285
119011358,Padstow,3300.0,2370.0,17470.0,NSW,3045,3605,0.1357,0.285
119011360,Revesby,2958.0,2027.0,18505.0,NSW,2605,3083,0.1095,0.285
119011361,Yagoona - Birrong,3541.0,2389.0,23405.0,NSW,3070,3634,0.1021,0.285
119011571,Bankstown - North,2192.0,1448.0,18376.0,NSW,1861,2202,0.0788,0.285
119011572,Bankstown - South,2646.0,1758.0,19137.0,NSW,2259,2674,0.0919,0.285
119011655,Greenacre - North,2216.0,1503.0,15221.0,NSW,1931,2286,0.0987,0.285
119011656,Greenacre - South,1845.0,1291.0,13612.0,NSW,1659,1964,0.0948,0.285
119011657,Panania (North) - Milperra,1908.0,1358.0,11669.0,NSW,1745,2066,0.1164,0.285
119011658,Panania (South) - Picnic Point,2769.0,1922.0,16430.0,NSW,2470,2923,0.117,0.285
119021362,Belmore - Belfield,3589.0,2663.0,20963.0,NSW,3422,4050,0.127,0.285
119021366,Punchbowl,3039.0,2072.0,22376.0,NSW,2663,3152,0.0926,0.285
119021367,Roselands,2487.0,1794.0,15135.0,NSW,2305,2729,0.1185,0.285
119021573,Lakemba,1759.0,1201.0,17613.0,NSW,1543,1827,0.0682,0.285
119021574,Wiley Park,1053.0,700.0,10570.0,NSW,900,1065,0.0662,0.285
119021659,Campsie - North,1793.0,1202.0,12541.0,NSW,1545,1828,0.0958,0.285
119021660,Campsie - South,1326.0,909.0,9454.0,NSW,1168,1383,0.0961,0.285
119021661,Canterbury - South,1760.0,1268.0,13175.0,NSW,1629,1929,0.0962,0.285
119021662,Earlwood,3711.0,2830.0,18113.0,NSW,3637,4304,0.1562,0.285
119021663,Kingsgrove - North,1283.0,1001.0,6441.0,NSW,1286,1523,0.1554,0.285
119031370,Narwee - Beverly Hills,2659.0,1913.0,13975.0,NSW,2458,2910,0.1369,0.285
119031371,Oatley - Hurstville Grove,2539.0,1776.0,12839.0,NSW,2282,2701,0.1383,0.285
119031372,Peakhurst - Lugarno,4328.0,3257.0,20852.0,NSW,4185,4954,0.1562,0.285
119031373,Riverwood,2463.0,1775.0,12175.0,NSW,2281,2700,0.1458,0.285
119031374,South Hurstville - Blakehurst,4604.0,3230.0,26922.0,NSW,4151,4913,0.12,0.285
119031664,Hurstville - Central,1621.0,1031.0,14199.0,NSW,1325,1568,0.0726,0.285
119031665,Hurstville - North,2331.0,1597.0,12701.0,NSW,2052,2429,0.1257,0.285
119031666,Mortdale - Oatley,2628.0,1815.0,15217.0,NSW,2332,2761,0.1193,0.285
119031667,Penshurst,1659.0,1137.0,10019.0,NSW,1461,1729,0.1135,0.285
119041377,Kingsgrove (South) - Bardwell Park,2697.0,2004.0,13340.0,NSW,2575,3048,0.1502,0.285
119041378,Kogarah,1828.0,1335.0,14995.0,NSW,1715,2031,0.089,0.285
119041379,Kogarah Bay - Carlton - Allawah,2901.0,2038.0,17301.0,NSW,2619,3100,0.1178,0.285
119041380,Monterey - Brighton-le-Sands - Kyeemagh,2971.0,2283.0,13690.0,NSW,2934,3472,0.1668,0.285
119041381,Rockdale - Banksia,2865.0,2060.0,22574.0,NSW,2647,3133,0.0913,0.285
119041382,Sans Souci - Ramsgate,3867.0,2881.0,16916.0,NSW,3702,4382,0.1703,0.285
119041668,Arncliffe - Bardwell Valley,2184.0,1567.0,17874.0,NSW,2014,2383,0.0877,0.285
119041669,Bexley - North,1748.0,1256.0,10150.0,NSW,1614,1910,0.1237,0.285
119041670,Bexley - South,2671.0,1936.0,16378.0,NSW,2488,2945,0.1182,0.285
119041671,Wolli Creek,448.0,279.0,12353.0,NSW,359,424,0.0226,0.285
120011383,Concord - Mortlake - Cabarita,5193.0,3828.0,23786.0,NSW,4919,5822,0.1609,0.285
120011385,Drummoyne - Rodd Point,3622.0,2673.0,18962.0,NSW,3435,4066,0.141,0.285
120011386,Five Dock - Abbotsford,4203.0,3125.0,21389.0,NSW,4016,4753,0.1461,0.285
120011672,Concord West - North Strathfield,1878.0,1342.0,13291.0,NSW,1724,2041,0.101,0.285
120011673,Rhodes,850.0,549.0,12518.0,NSW,705,835,0.0439,0.285
120021387,Balmain,2975.0,2100.0,15979.0,NSW,2698,3194,0.1314,0.285
120021389,Lilyfield - Rozelle,1986.0,1430.0,14152.0,NSW,1838,2175,0.101,0.285
120021674,Annandale (NSW),1314.0,900.0,9933.0,NSW,1156,1369,0.0906,0.285
120021675,Leichhardt,2322.0,1679.0,18209.0,NSW,2158,2554,0.0922,0.285
120031392,Canterbury (North) - Ashbury,1959.0,1443.0,12497.0,NSW,1854,2195,0.1155,0.285
120031393,Croydon Park - Enfield,3427.0,2531.0,18142.0,NSW,3252,3850,0.1395,0.285
120031394,Dulwich Hill - Lewisham,2340.0,1628.0,18681.0,NSW,2092,2476,0.0871,0.285
120031395,Haberfield - Summer Hill,2292.0,1685.0,14007.0,NSW,2165,2563,0.1203,0.285
120031396,Homebush,1583.0,973.0,23020.0,NSW,1250,1480,0.0423,0.285
120031576,Strathfield South,593.0,407.0,3712.0,NSW,523,619,0.1096,0.285
120031676,Ashfield - North,1563.0,1111.0,12420.0,NSW,1428,1690,0.0895,0.285
120031677,Ashfield - South,2184.0,1688.0,12873.0,NSW,2169,2567,0.1311,0.285
120031678,Burwood (NSW),1998.0,1387.0,18171.0,NSW,1782,2110,0.0763,0.285
120031679,Croydon,2145.0,1579.0,11314.0,NSW,2029,2402,0.1396,0.285
120031680,Strathfield - East,1951.0,1429.0,18418.0,NSW,1836,2174,0.0776,0.285
120031681,Strathfield - West,1833.0,1339.0,8981.0,NSW,1721,2037,0.1491,0.285
121011399,Chatswood (West) - Lane Cove North,3115.0,2206.0,23203.0,NSW,2835,3355,0.0951,0.285
121011401,St Leonards - Naremburn,1495.0,1009.0,13483.0,NSW,1297,1535,0.0748,0.285
121011682,Artarmon,1248.0,898.0,9861.0,NSW,1154,1366,0.0911,0.285
121011683,Castle Cove - Northbridge,2853.0,2113.0,13563.0,NSW,2715,3214,0.1558,0.285
121011684,Chatswood - East,3001.0,2249.0,21456.0,NSW,2890,3421,0.1048,0.285
121011685,Greenwich - Riverview,2436.0,1784.0,13152.0,NSW,2292,2713,0.1356,0.285
121011686,Lane Cove,2454.0,1823.0,16640.0,NSW,2343,2773,0.1096,0.285
121011687,Willoughby,2118.0,1558.0,13392.0,NSW,2002,2370,0.1163,0.285
121021403,Asquith - Mount Colah,3441.0,2343.0,23268.0,NSW,3011,3564,0.1007,0.285
121021404,Berowra - Brooklyn - Cowan,2076.0,1462.0,11729.0,NSW,1879,2224,0.1246,0.285
121021406,Normanhurst - Thornleigh - Westleigh,3400.0,2510.0,19799.0,NSW,3225,3818,0.1268,0.285
121021577,Hornsby - East,1631.0,1120.0,12652.0,NSW,1439,1704,0.0885,0.285
121021578,Hornsby - West,1826.0,1324.0,10794.0,NSW,1701,2014,0.1227,0.285
121021579,Wahroonga (West) - Waitara,2218.0,1681.0,12513.0,NSW,2160,2557,0.1343,0.285
121031407,Gordon - Killara,4259.0,3113.0,23783.0,NSW,4000,4735,0.1309,0.285
121031408,Lindfield - Roseville,4440.0,3309.0,25605.0,NSW,4252,5033,0.1292,0.285
121031409,Pymble,2939.0,2136.0,17961.0,NSW,2745,3249,0.1189,0.285
121031410,St Ives,4838.0,3718.0,22724.0,NSW,4778,5655,0.1636,0.285
121031411,Turramurra,4760.0,3795.0,20694.0,NSW,4877,5772,0.1834,0.285
121031412,Wahroonga (East) - Warrawee,3564.0,2712.0,18222.0,NSW,3485,4125,0.1488,0.285
121041413,Cremorne - Cammeray,3736.0,2703.0,19669.0,NSW,3473,4111,0.1374,0.285
121041414,Crows Nest - Waverton,2850.0,2048.0,18908.0,NSW,2632,3115,0.1083,0.285
121041416,Neutral Bay - Kirribilli,3541.0,2690.0,18158.0,NSW,3457,4091,0.1481,0.285
121041417,North Sydney - Lavender Bay,2144.0,1558.0,13541.0,NSW,2002,2370,0.1151,0.285
121041688,Mosman - North,3383.0,2645.0,14353.0,NSW,3399,4023,0.1843,0.285
121041689,Mosman - South,3016.0,2245.0,14900.0,NSW,2885,3415,0.1507,0.285
122011418,Balgowlah - Clontarf - Seaforth,3348.0,2456.0,20884.0,NSW,3156,3736,0.1176,0.285
122011419,Manly - Fairlight,3739.0,2698.0,24289.0,NSW,3467,4104,0.1111,0.285
122021420,Avalon - Palm Beach,3527.0,2555.0,13188.0,NSW,3283,3886,0.1937,0.285
122021421,Bayview - Elanora Heights,3030.0,2309.0,11332.0,NSW,2967,3512,0.2038,0.285
122021422,Newport - Bilgola,3047.0,2164.0,13846.0,NSW,2781,3291,0.1563,0.285
122021690,Mona Vale - Warriewood (North),3572.0,2779.0,14944.0,NSW,3571,4227,0.186,0.285
122021691,North Narrabeen - Warriewood (South),1719.0,1197.0,11056.0,NSW,1538,1821,0.1083,0.285
122031424,Beacon Hill - Narraweena,2692.0,1997.0,14535.0,NSW,2566,3037,0.1374,0.285
122031425,Cromer,1696.0,1357.0,8282.0,NSW,1744,2064,0.1638,0.285
122031427,Forestville - Killarney Heights,2428.0,1861.0,13425.0,NSW,2391,2831,0.1386,0.285
122031429,Freshwater - Brookvale,2917.0,1989.0,23255.0,NSW,2556,3025,0.0855,0.285
122031430,Manly Vale - Allambie Heights,2706.0,1999.0,17936.0,NSW,2569,3040,0.1115,0.285
122031432,Terrey Hills - Duffys Forest,876.0,648.0,3629.0,NSW,833,986,0.1786,0.285
122031692,Belrose,2110.0,1741.0,8786.0,NSW,2237,2648,0.1982,0.285
122031693,Collaroy - Collaroy Plateau,2448.0,1743.0,14155.0,NSW,2240,2651,0.1231,0.285
122031694,Dee Why (South) - North Curl Curl,1283.0,877.0,9396.0,NSW,1127,1334,0.0933,0.285
122031695,Dee Why - North,2390.0,1632.0,18997.0,NSW,2097,2482,0.0859,0.285
122031696,Frenchs Forest - Oxford Falls,2912.0,2260.0,17622.0,NSW,2904,3437,0.1282,0.285
122031697,Narrabeen - Wheeler Heights,2778.0,2222.0,11215.0,NSW,2855,3380,0.1981,0.285
123011433,Camden - Ellis Lane,2905.0,2202.0,13397.0,NSW,2830,3349,0.1644,0.285
123011698,Currans Hill,519.0,328.0,7365.0,NSW,421,499,0.0445,0.285
123011699,Elderslie - Narellan,1988.0,1393.0,14666.0,NSW,1790,2119,0.095,0.285
123011700,Harrington Park,1197.0,765.0,11441.0,NSW,983,1164,0.0669,0.285
123011701,Mount Annan,2106.0,1391.0,19501.0,NSW,1787,2116,0.0713,0.285
123011702,Spring Farm,699.0,409.0,11379.0,NSW,526,622,0.0359,0.285
123021436,Bradbury - Wedderburn,2568.0,1812.0,20701.0,NSW,2328,2756,0.0875,0.285
123021437,Campbelltown - Woodbine,3511.0,2586.0,24397.0,NSW,3323,3933,0.106,0.285
123021438,Claymore - Eagle Vale - Raby,2704.0,1631.0,20449.0,NSW,2096,2481,0.0798,0.285
123021439,Holsworthy Military Area,0.0,0.0,3.0,NSW,0,0,0.0,0.285
123021441,Leumeah - Minto Heights,3015.0,2120.0,17155.0,NSW,2724,3225,0.1236,0.285
123021443,Minto - St Andrews,2763.0,1747.0,21952.0,NSW,2245,2657,0.0796,0.285
123021444,Rosemeadow - Glen Alpine,3814.0,2548.0,22207.0,NSW,3274,3876,0.1147,0.285
123021703,Denham Court - Bardia,1434.0,944.0,20619.0,NSW,1213,1436,0.0458,0.285
123021704,Glenfield,1289.0,820.0,10816.0,NSW,1054,1247,0.0758,0.285
123021705,Ingleburn,2573.0,1672.0,17167.0,NSW,2149,2543,0.0974,0.285
123021706,Macquarie Fields,2119.0,1442.0,14477.0,NSW,1853,2193,0.0996,0.285
123031445,Bargo,1171.0,841.0,6148.0,NSW,1081,1279,0.1368,0.285
123031446,Douglas Park - Appin,1818.0,1286.0,12493.0,NSW,1653,1956,0.1029,0.285
123031447,Picton - Tahmoor - Buxton,3386.0,2386.0,21462.0,NSW,3066,3629,0.1112,0.285
123031448,The Oaks - Oakdale,1704.0,1167.0,10370.0,NSW,1500,1775,0.1125,0.285
124011449,Blackheath - Megalong Valley,1722.0,1232.0,5830.0,NSW,1583,1874,0.2113,0.285
124011450,Blaxland - Warrimoo - Lapstone,3930.0,2817.0,19241.0,NSW,3620,4285,0.1464,0.285
124011451,Blue Mountains - North,3.0,1.0,9.0,NSW,1,2,0.1111,0.285
124011452,Katoomba - Leura,3788.0,2670.0,13438.0,NSW,3431,4061,0.1987,0.285
124011453,Lawson - Hazelbrook - Linden,2252.0,1564.0,11511.0,NSW,2010,2379,0.1359,0.285
124011454,Springwood - Winmalee,4736.0,3358.0,22137.0,NSW,4315,5108,0.1517,0.285
124011455,Wentworth Falls,1916.0,1411.0,6438.0,NSW,1813,2146,0.2192,0.285
124021456,Blue Mountains - South,4.0,3.0,7.0,NSW,4,5,0.4286,0.285
124031457,Cambridge Park,2634.0,1746.0,16363.0,NSW,2244,2656,0.1067,0.285
124031459,Emu Plains - Leonay,2705.0,2037.0,13828.0,NSW,2618,3098,0.1473,0.285
124031460,Glenmore Park - Regentville,2436.0,1507.0,21270.0,NSW,1936,2292,0.0709,0.285
124031461,Jamisontown - South Penrith,3054.0,2170.0,17589.0,NSW,2788,3301,0.1234,0.285
124031462,Kingswood - Werrington,2894.0,2025.0,27206.0,NSW,2602,3080,0.0744,0.285
124031463,Mulgoa - Luddenham - Orchard Hills,1605.0,1124.0,13127.0,NSW,1444,1710,0.0856,0.285
124031464,Penrith,3293.0,2489.0,19833.0,NSW,3198,3786,0.1255,0.285
124031465,Warragamba - Silverdale,782.0,477.0,7314.0,NSW,613,726,0.0652,0.285
124031707,Cranebrook - Castlereagh,2076.0,1306.0,17326.0,NSW,1678,1986,0.0754,0.285
124031708,Jordan Springs - Llandilo,1040.0,724.0,15286.0,NSW,930,1101,0.0474,0.285
124041466,Richmond - Clarendon,3394.0,2654.0,16312.0,NSW,3410,4037,0.1627,0.285
124041467,Windsor - Bligh Park,2103.0,1440.0,15433.0,NSW,1850,2190,0.0933,0.285
124041468,Yarramundi - Londonderry,1099.0,765.0,7689.0,NSW,983,1164,0.0995,0.285
124051469,Erskine Park,812.0,486.0,6459.0,NSW,625,739,0.0752,0.285
124051470,St Clair,3030.0,1814.0,20377.0,NSW,2331,2759,0.089,0.285
124051580,Colyton - Oxley Park,1777.0,1242.0,13697.0,NSW,1596,1889,0.0907,0.285
124051581,St Marys - North St Marys,2384.0,1605.0,18605.0,NSW,2062,2441,0.0863,0.285
125011475,Rookwood Cemetery,0.0,0.0,5.0,NSW,0,0,0.0,0.285
125011582,Auburn - Central,2124.0,1411.0,21283.0,NSW,1813,2146,0.0663,0.285
125011583,Auburn - North,990.0,674.0,12016.0,NSW,866,1025,0.0561,0.285
125011584,Auburn - South,1114.0,680.0,9330.0,NSW,874,1034,0.0729,0.285
125011585,Berala,1380.0,925.0,8864.0,NSW,1189,1407,0.1044,0.285
125011586,Lidcombe,2998.0,1870.0,23949.0,NSW,2403,2844,0.0781,0.285
125011587,Regents Park,865.0,562.0,5301.0,NSW,722,855,0.106,0.285
125011709,Silverwater - Newington,877.0,566.0,9283.0,NSW,727,861,0.061,0.285
125011710,Wentworth Point - Sydney Olympic Park,1367.0,766.0,23523.0,NSW,984,1165,0.0326,0.285
125021477,Ermington - Rydalmere,3636.0,2467.0,26490.0,NSW,3170,3752,0.0931,0.285
125021478,Oatlands - Dundas Valley,3094.0,2075.0,19270.0,NSW,2666,3156,0.1077,0.285
125021711,Carlingford - East,2284.0,1670.0,11991.0,NSW,2146,2540,0.1393,0.285
125021712,Carlingford - West,3252.0,2311.0,20603.0,NSW,2970,3515,0.1122,0.285
125031479,Chester Hill - Sefton,2994.0,2000.0,21694.0,NSW,2570,3042,0.0922,0.285
125031480,Fairfield - East,2535.0,1750.0,16206.0,NSW,2249,2662,0.108,0.285
125031481,Granville - Clyde,2694.0,1790.0,24966.0,NSW,2300,2723,0.0717,0.285
125031483,Guildford - South Granville,2872.0,1919.0,23787.0,NSW,2466,2919,0.0807,0.285
125031484,Guildford West - Merrylands West,2997.0,2048.0,24554.0,NSW,2632,3115,0.0834,0.285
125031486,Smithfield Industrial,1.0,0.0,13.0,NSW,0,0,0.0,0.285
125031487,Yennora Industrial,3.0,1.0,13.0,NSW,1,2,0.0769,0.285
125031713,Greystanes - South,3186.0,2454.0,16921.0,NSW,3153,3733,0.145,0.285
125031714,Merrylands - Holroyd,3071.0,2099.0,25807.0,NSW,2697,3193,0.0813,0.285
125031715,Pemulwuy - Greystanes (North),1620.0,1203.0,11060.0,NSW,1546,1830,0.1088,0.285
125031716,South Wentworthville,957.0,696.0,7629.0,NSW,894,1059,0.0912,0.285
125041489,North Parramatta,2746.0,1814.0,23626.0,NSW,2331,2759,0.0768,0.285
125041490,North Rocks,1671.0,1215.0,8692.0,NSW,1561,1848,0.1398,0.285
125041491,Northmead,2429.0,1758.0,21706.0,NSW,2259,2674,0.081,0.285
125041493,Toongabbie - Constitution Hill,4048.0,3022.0,23836.0,NSW,3883,4596,0.1268,0.285
125041494,Winston Hills,2060.0,1605.0,11207.0,NSW,2062,2441,0.1432,0.285
125041588,Pendle Hill - Girraween,1775.0,1315.0,14328.0,NSW,1690,2000,0.0918,0.285
125041589,Wentworthville - Westmead,2088.0,1416.0,23666.0,NSW,1820,2154,0.0598,0.285
125041717,Parramatta - North,667.0,460.0,14413.0,NSW,591,700,0.0319,0.285
125041718,Parramatta - South,749.0,481.0,11111.0,NSW,618,732,0.0433,0.285
125041719,Rosehill - Harris Park,853.0,597.0,10077.0,NSW,767,908,0.0592,0.285
126011496,Pennant Hills - Cheltenham,4449.0,3213.0,22147.0,NSW,4129,4887,0.1451,0.285
126011720,Epping (East) - North Epping,2210.0,1531.0,15616.0,NSW,1967,2329,0.098,0.285
126011721,Epping (NSW) - West,2805.0,1945.0,19616.0,NSW,2499,2958,0.0992,0.285
126021498,Gladesville - Huntleys Point,2783.0,2057.0,16053.0,NSW,2643,3129,0.1281,0.285
126021499,Hunters Hill - Woolwich,2311.0,1794.0,10143.0,NSW,2305,2729,0.1769,0.285
126021500,Macquarie Park - Marsfield,3330.0,2437.0,28025.0,NSW,3132,3707,0.087,0.285
126021501,North Ryde - East Ryde,2580.0,1829.0,16263.0,NSW,2350,2782,0.1125,0.285
126021503,West Ryde - Meadowbank,2814.0,1944.0,21827.0,NSW,2498,2957,0.0891,0.285
126021590,Putney,851.0,561.0,4181.0,NSW,721,853,0.1342,0.285
126021722,Denistone,1461.0,1004.0,7143.0,NSW,1290,1527,0.1406,0.285
126021723,Eastwood,3495.0,2381.0,20024.0,NSW,3060,3622,0.1189,0.285
126021724,Ryde - North,3484.0,2453.0,21507.0,NSW,3152,3731,0.1141,0.285
126021725,Ryde - South,1410.0,1009.0,13038.0,NSW,1297,1535,0.0774,0.285
127011504,Ashcroft - Busby - Miller,2335.0,1522.0,18224.0,NSW,1956,2315,0.0835,0.285
127011505,Austral - Greendale,1846.0,1305.0,19432.0,NSW,1677,1985,0.0672,0.285
127011592,Badgerys Creek,8.0,4.0,23.0,NSW,5,6,0.1739,0.285
127011593,Cecil Hills,985.0,617.0,6848.0,NSW,793,938,0.0901,0.285
127011594,Green Valley,1894.0,1154.0,12800.0,NSW,1483,1755,0.0902,0.285
127011595,Hinchinbrook,1577.0,998.0,13035.0,NSW,1282,1518,0.0766,0.285
127011596,Hoxton Park - Carnes Hill - Horningsea Park,1315.0,802.0,14031.0,NSW,1031,1220,0.0572,0.285
127011597,West Hoxton - Middleton Grange,1495.0,956.0,17840.0,NSW,1228,1454,0.0536,0.285
127011726,Cobbitty - Bringelly,864.0,645.0,5773.0,NSW,829,981,0.1117,0.285
127011727,Gledswood Hills - Gregory Hills,998.0,539.0,19400.0,NSW,693,820,0.0278,0.285
127011728,Leppington - Catherine Field,1844.0,1334.0,19426.0,NSW,1714,2029,0.0687,0.285
127011729,Oran Park,1300.0,817.0,24055.0,NSW,1050,1243,0.034,0.285
127021509,Bonnyrigg Heights - Bonnyrigg,2936.0,1856.0,17421.0,NSW,2385,2823,0.1065,0.285
127021510,Bossley Park - Abbotsbury,3940.0,2663.0,19723.0,NSW,3422,4050,0.135,0.285
127021511,Cabramatta - Lansvale,4328.0,2845.0,24373.0,NSW,3656,4327,0.1167,0.285
127021512,Cabramatta West - Mount Pritchard,2949.0,1998.0,18536.0,NSW,2567,3039,0.1078,0.285
127021513,Canley Vale - Canley Heights,3575.0,2254.0,22465.0,NSW,2896,3428,0.1003,0.285
127021514,Edensor Park,1898.0,1243.0,10192.0,NSW,1597,1891,0.122,0.285
127021515,Fairfield,3402.0,2296.0,19044.0,NSW,2950,3492,0.1206,0.285
127021516,Fairfield - West,3498.0,2461.0,22025.0,NSW,3162,3743,0.1117,0.285
127021517,Greenfield Park - Prairiewood,1770.0,1258.0,8796.0,NSW,1617,1913,0.143,0.285
127021518,Horsley Park - Kemps Creek,905.0,675.0,4193.0,NSW,867,1027,0.161,0.285
127021519,Smithfield - Wetherill Park,3807.0,2663.0,20128.0,NSW,3422,4050,0.1323,0.285
127021520,St Johns Park - Wakeley,2527.0,1765.0,11178.0,NSW,2268,2685,0.1579,0.285
127021521,Wetherill Park Industrial,6.0,6.0,39.0,NSW,8,9,0.1538,0.285
127031522,Casula,2424.0,1612.0,16801.0,NSW,2071,2452,0.0959,0.285
127031523,Chipping Norton - Moorebank,3211.0,2277.0,21851.0,NSW,2926,3463,0.1042,0.285
127031524,Holsworthy - Wattle Grove,2593.0,1782.0,21269.0,NSW,2290,2710,0.0838,0.285
127031599,Lurnea - Cartwright,1755.0,1181.0,13522.0,NSW,1518,1796,0.0873,0.285
127031601,Warwick Farm,837.0,550.0,6482.0,NSW,707,837,0.0849,0.285
127031730,Edmondson Park,900.0,525.0,16918.0,NSW,675,799,0.031,0.285
127031731,Liverpool - East,2121.0,1333.0,20362.0,NSW,1713,2027,0.0655,0.285
127031732,Liverpool - West,2362.0,1682.0,14883.0,NSW,2161,2558,0.113,0.285
127031733,Prestons,1719.0,1096.0,15535.0,NSW,1408,1667,0.0706,0.285
128011529,Gymea - Grays Point,3341.0,2413.0,18647.0,NSW,3101,3670,0.1294,0.285
128011530,Miranda - Yowie Bay,4429.0,3357.0,22406.0,NSW,4314,5106,0.1498,0.285
128011531,Sylvania - Taren Point,4243.0,3377.0,16532.0,NSW,4339,5136,0.2043,0.285
128011602,Caringbah,2155.0,1600.0,13761.0,NSW,2056,2434,0.1163,0.285
128011603,Caringbah South,2759.0,1972.0,13506.0,NSW,2534,2999,0.146,0.285
128011604,Cronulla - Kurnell - Bundeena,5589.0,3801.0,25379.0,NSW,4884,5781,0.1498,0.285
128011605,Lilli Pilli - Port Hacking - Dolans Bay,645.0,464.0,3366.0,NSW,596,706,0.1378,0.285
128011606,Woolooware - Burraneer,1744.0,1224.0,9535.0,NSW,1573,1862,0.1284,0.285
128021533,Heathcote - Waterfall,1388.0,1041.0,6712.0,NSW,1338,1583,0.1551,0.285
128021534,Illawong - Alfords Point,2320.0,1503.0,10593.0,NSW,1931,2286,0.1419,0.285
128021535,Menai - Lucas Heights - Woronora,3723.0,2405.0,20901.0,NSW,3090,3658,0.1151,0.285
128021536,Oyster Bay - Como - Jannali,3915.0,2827.0,22773.0,NSW,3633,4300,0.1241,0.285
128021537,Royal National Park,0.0,0.0,45.0,NSW,0,0,0.0,0.285
128021538,Sutherland - Kirrawee,4092.0,3075.0,24447.0,NSW,3951,4677,0.1258,0.285
128021607,Engadine,3061.0,2404.0,17720.0,NSW,3089,3656,0.1357,0.285
128021608,Loftus - Yarrawarrah,1416.0,1029.0,7424.0,NSW,1322,1565,0.1386,0.285
128021609,Woronora Heights,620.0,373.0,3598.0,NSW,479,567,0.1037,0.285
201011001,Alfredton,2755.0,1967.0,20130.0,VIC,2581,3094,0.0977,0.312
201011002,Ballarat,2854.0,2093.0,11773.0,VIC,2746,3292,0.1778,0.312
201011005,Buninyong,1490.0,1009.0,7358.0,VIC,1324,1587,0.1371,0.312
201011006,Delacombe,1760.0,1227.0,14271.0,VIC,1610,1930,0.086,0.312
201011007,Smythes Creek,744.0,450.0,4278.0,VIC,590,708,0.1052,0.312
201011008,Wendouree - Miners Rest,3121.0,2242.0,15570.0,VIC,2942,3527,0.144,0.312
201011481,Ballarat East - Warrenheip,2189.0,1596.0,9717.0,VIC,2094,2511,0.1642,0.312
201011482,Ballarat North - Invermay,3054.0,2164.0,15169.0,VIC,2839,3404,0.1427,0.312
201011483,Canadian - Mount Clear,2363.0,1683.0,12457.0,VIC,2208,2647,0.1351,0.312
201011484,Sebastopol - Redan,2915.0,2169.0,12839.0,VIC,2846,3412,0.1689,0.312
201021009,Bacchus Marsh Surrounds,1347.0,950.0,6722.0,VIC,1246,1494,0.1413,0.312
201021010,Creswick - Clunes,2219.0,1565.0,7997.0,VIC,2053,2462,0.1957,0.312
201021011,Daylesford,3143.0,2162.0,10247.0,VIC,2837,3401,0.211,0.312
201021012,Gordon (Vic.),1266.0,845.0,6532.0,VIC,1109,1329,0.1294,0.312
201031013,Avoca,1134.0,815.0,3633.0,VIC,1069,1282,0.2243,0.312
201031014,Beaufort,1288.0,898.0,4835.0,VIC,1178,1413,0.1857,0.312
201031015,Golden Plains - North,1079.0,714.0,5000.0,VIC,937,1123,0.1428,0.312
201031016,Maryborough (Vic.),2616.0,2027.0,8229.0,VIC,2659,3188,0.2463,0.312
201031017,Maryborough Surrounds,1769.0,1209.0,5703.0,VIC,1586,1902,0.212,0.312
202011018,Bendigo,2873.0,2067.0,14499.0,VIC,2712,3251,0.1426,0.312
202011019,California Gully - Eaglehawk,2580.0,1851.0,13503.0,VIC,2429,2912,0.1371,0.312
202011020,East Bendigo - Kennington,3542.0,2706.0,14022.0,VIC,3550,4257,0.193,0.312
202011021,Flora Hill - Spring Gully,1752.0,1281.0,9566.0,VIC,1681,2015,0.1339,0.312
202011022,Kangaroo Flat - Golden Square,5293.0,4072.0,21423.0,VIC,5342,6405,0.1901,0.312
202011023,Maiden Gully,858.0,541.0,5840.0,VIC,710,851,0.0926,0.312
202011024,Strathfieldsaye,2071.0,1458.0,11480.0,VIC,1913,2293,0.127,0.312
202011025,White Hills - Ascot,2299.0,1542.0,15689.0,VIC,2023,2426,0.0983,0.312
202021026,Bendigo Surrounds - South,1593.0,1005.0,8971.0,VIC,1319,1581,0.112,0.312
202021027,Castlemaine,3496.0,2589.0,11538.0,VIC,3397,4072,0.2244,0.312
202021028,Castlemaine Surrounds,2870.0,1959.0,9596.0,VIC,2570,3082,0.2041,0.312
202021029,Heathcote,1608.0,1111.0,5329.0,VIC,1458,1748,0.2085,0.312
202021030,Kyneton,2634.0,1897.0,10608.0,VIC,2489,2984,0.1788,0.312
202021031,Woodend,1906.0,1389.0,8035.0,VIC,1822,2185,0.1729,0.312
202031032,Bendigo Surrounds - North,1164.0,761.0,5395.0,VIC,998,1197,0.1411,0.312
202031033,Loddon,2276.0,1591.0,7260.0,VIC,2087,2503,0.2191,0.312
203011034,Bannockburn,1176.0,814.0,8298.0,VIC,1068,1280,0.0981,0.312
203011035,Golden Plains - South,1360.0,849.0,8761.0,VIC,1114,1335,0.0969,0.312
203011036,Winchelsea,1359.0,891.0,6957.0,VIC,1169,1402,0.1281,0.312
203021037,Belmont,2739.0,1987.0,15134.0,VIC,2607,3126,0.1313,0.312
203021039,Geelong,2587.0,1797.0,13736.0,VIC,2358,2827,0.1308,0.312
203021040,Geelong West - Hamlyn Heights,3428.0,2359.0,22157.0,VIC,3095,3711,0.1065,0.312
203021042,Highton,4489.0,3213.0,25611.0,VIC,4215,5054,0.1255,0.312
203021043,Lara,3361.0,2357.0,22972.0,VIC,3092,3708,0.1026,0.312
203021044,Leopold,3072.0,2239.0,13755.0,VIC,2938,3522,0.1628,0.312
203021045,Newcomb - Moolap,3887.0,2922.0,15180.0,VIC,3834,4596,0.1925,0.312
203021046,Newtown (Vic.),2018.0,1413.0,10416.0,VIC,1854,2223,0.1357,0.312
203021047,North Geelong - Bell Park,3755.0,2867.0,15715.0,VIC,3762,4510,0.1824,0.312
203021485,Charlemont,1553.0,1179.0,14026.0,VIC,1547,1855,0.0841,0.312
203021486,Corio - Lovely Banks,2871.0,1999.0,18516.0,VIC,2623,3144,0.108,0.312
203021487,Grovedale - Mount Duneed,4596.0,3384.0,27782.0,VIC,4440,5323,0.1218,0.312
203021488,Norlane,1640.0,1187.0,8939.0,VIC,1557,1867,0.1328,0.312
203031048,Clifton Springs,4670.0,3302.0,17732.0,VIC,4332,5194,0.1862,0.312
203031049,Lorne - Anglesea,2206.0,1550.0,6281.0,VIC,2034,2438,0.2468,0.312
203031051,Portarlington,4420.0,3097.0,10630.0,VIC,4063,4872,0.2913,0.312
203031052,Point Lonsdale - Queenscliff,2669.0,1997.0,5890.0,VIC,2620,3141,0.339,0.312
203031053,Torquay,4705.0,3245.0,26426.0,VIC,4257,5104,0.1228,0.312
203031489,Barwon Heads - Armstrong Creek,2152.0,1450.0,14423.0,VIC,1902,2281,0.1005,0.312
203031490,Ocean Grove,4906.0,3440.0,20505.0,VIC,4513,5411,0.1678,0.312
204011054,Alexandra,2236.0,1604.0,6859.0,VIC,2104,2523,0.2339,0.312
204011055,Euroa,2338.0,1671.0,6898.0,VIC,2192,2628,0.2422,0.312
204011056,Kilmore - Broadford,3230.0,2322.0,16509.0,VIC,3046,3653,0.1407,0.312
204011057,Mansfield (Vic.),2959.0,2015.0,11146.0,VIC,2644,3170,0.1808,0.312
204011058,Nagambie,1522.0,1064.0,4841.0,VIC,1396,1674,0.2198,0.312
204011059,Seymour,1618.0,1174.0,6851.0,VIC,1540,1847,0.1714,0.312
204011060,Seymour Surrounds,780.0,524.0,4548.0,VIC,687,824,0.1152,0.312
204011061,Upper Yarra Valley,37.0,29.0,251.0,VIC,38,46,0.1155,0.312
204011062,Yea,1382.0,928.0,4346.0,VIC,1218,1460,0.2135,0.312
204021063,Benalla,3394.0,2550.0,10890.0,VIC,3346,4011,0.2342,0.312
204021064,Benalla Surrounds,1080.0,698.0,3831.0,VIC,916,1098,0.1822,0.312
204021065,Rutherglen,1133.0,818.0,4157.0,VIC,1073,1287,0.1968,0.312
204021066,Wangaratta,4994.0,3729.0,20069.0,VIC,4892,5866,0.1858,0.312
204021067,Wangaratta Surrounds,2517.0,1691.0,10100.0,VIC,2219,2660,0.1674,0.312
204031068,Beechworth,1395.0,982.0,4961.0,VIC,1288,1545,0.1979,0.312
204031069,Bright - Mount Beauty,2339.0,1615.0,8959.0,VIC,2119,2540,0.1803,0.312
204031070,Chiltern - Indigo Valley,748.0,520.0,3267.0,VIC,682,818,0.1592,0.312
204031071,Myrtleford,1326.0,942.0,4639.0,VIC,1236,1482,0.2031,0.312
204031072,Towong,1886.0,1344.0,6206.0,VIC,1763,2114,0.2166,0.312
204031073,West Wodonga,3037.0,2131.0,15650.0,VIC,2796,3352,0.1362,0.312
204031075,Yackandandah,1152.0,752.0,5485.0,VIC,987,1183,0.1371,0.312
204031491,Baranduda - Leneva,1901.0,1327.0,14293.0,VIC,1741,2087,0.0928,0.312
204031492,Wodonga,3317.0,2437.0,14881.0,VIC,3197,3833,0.1638,0.312
205011076,Drouin,4486.0,3232.0,21801.0,VIC,4240,5084,0.1483,0.312
205011077,Mount Baw Baw Region,1688.0,1119.0,6741.0,VIC,1468,1760,0.166,0.312
205011078,Trafalgar (Vic.),2131.0,1500.0,8589.0,VIC,1968,2360,0.1746,0.312
205011079,Warragul,5282.0,3863.0,24909.0,VIC,5068,6076,0.1551,0.312
205021080,Alps - East,0.0,0.0,0.0,VIC,0,0,0.0,0.312
205021081,Bairnsdale,4221.0,3172.0,15790.0,VIC,4162,4990,0.2009,0.312
205021082,Bruthen - Omeo,2162.0,1476.0,8579.0,VIC,1937,2322,0.172,0.312
205021083,Lake King,0.0,0.0,0.0,VIC,0,0,0.0,0.312
205021084,Lakes Entrance,4140.0,3031.0,11301.0,VIC,3977,4768,0.2682,0.312
205021085,Orbost,2277.0,1569.0,6718.0,VIC,2059,2468,0.2336,0.312
205021086,Paynesville,3160.0,2320.0,7151.0,VIC,3044,3649,0.3244,0.312
205031087,Foster,3228.0,2336.0,9609.0,VIC,3065,3675,0.2431,0.312
205031088,French Island,48.0,36.0,141.0,VIC,47,57,0.2553,0.312
205031089,Korumburra,2384.0,1653.0,9970.0,VIC,2169,2600,0.1658,0.312
205031090,Leongatha,3114.0,2260.0,11677.0,VIC,2965,3555,0.1935,0.312
205031091,Phillip Island,4638.0,3129.0,14543.0,VIC,4105,4922,0.2152,0.312
205031092,Wilsons Promontory,1.0,1.0,15.0,VIC,1,2,0.0667,0.312
205031093,Wonthaggi - Inverloch,8814.0,6262.0,28798.0,VIC,8216,9850,0.2174,0.312
205041094,Churchill,2613.0,1708.0,12224.0,VIC,2241,2687,0.1397,0.312
205041095,Moe - Newborough,4232.0,3062.0,17512.0,VIC,4017,4817,0.1749,0.312
205041096,Morwell,3352.0,2401.0,14526.0,VIC,3150,3777,0.1653,0.312
205041098,Yallourn North - Glengarry,891.0,591.0,4937.0,VIC,775,930,0.1197,0.312
205041493,Traralgon - East,2561.0,1884.0,12263.0,VIC,2472,2964,0.1536,0.312
205041494,Traralgon - West,3414.0,2431.0,17224.0,VIC,3189,3824,0.1411,0.312
205051099,Alps - West,15.0,8.0,23.0,VIC,10,13,0.3478,0.312
205051100,Longford - Loch Sport,1488.0,957.0,5020.0,VIC,1256,1505,0.1906,0.312
205051101,Maffra,3747.0,2591.0,15448.0,VIC,3399,4076,0.1677,0.312
205051102,Rosedale,919.0,627.0,4924.0,VIC,823,986,0.1273,0.312
205051103,Sale,3447.0,2547.0,15386.0,VIC,3342,4006,0.1655,0.312
205051104,Yarram,1774.0,1191.0,5615.0,VIC,1563,1873,0.2121,0.312
206011106,Brunswick East,1182.0,829.0,14438.0,VIC,1088,1304,0.0574,0.312
206011107,Brunswick West,1780.0,1258.0,15644.0,VIC,1650,1979,0.0804,0.312
206011109,Pascoe Vale South,1558.0,1121.0,10869.0,VIC,1471,1763,0.1031,0.312
206011495,Brunswick - North,1574.0,1135.0,14595.0,VIC,1489,1785,0.0778,0.312
206011496,Brunswick - South,1470.0,998.0,15190.0,VIC,1309,1570,0.0657,0.312
206011497,Coburg - East,1807.0,1316.0,13966.0,VIC,1727,2070,0.0942,0.312
206011498,Coburg - West,1999.0,1417.0,14835.0,VIC,1859,2229,0.0955,0.312
206021110,Alphington - Fairfield,1332.0,916.0,9688.0,VIC,1202,1441,0.0945,0.312
206021112,Thornbury,2555.0,1871.0,19982.0,VIC,2455,2943,0.0936,0.312
206021499,Northcote - East,2207.0,1549.0,15920.0,VIC,2032,2437,0.0973,0.312
206021500,Northcote - West,1345.0,992.0,10953.0,VIC,1302,1560,0.0906,0.312
206031113,Ascot Vale,2151.0,1428.0,16154.0,VIC,1874,2246,0.0884,0.312
206031115,Flemington,1097.0,742.0,10290.0,VIC,974,1167,0.0721,0.312
206031116,Moonee Ponds,2815.0,1955.0,17823.0,VIC,2565,3075,0.1097,0.312
206031501,Essendon (West) - Aberfeldie,2822.0,1955.0,17156.0,VIC,2565,3075,0.114,0.312
206031502,Essendon - East,2059.0,1389.0,12946.0,VIC,1822,2185,0.1073,0.312
206041117,Carlton,1356.0,1017.0,23954.0,VIC,1334,1600,0.0425,0.312
206041118,Docklands,1262.0,767.0,18567.0,VIC,1006,1206,0.0413,0.312
206041119,East Melbourne,1124.0,800.0,5222.0,VIC,1050,1258,0.1532,0.312
206041120,Flemington Racecourse,0.0,0.0,78.0,VIC,0,0,0.0,0.312
206041121,Kensington (Vic.),1158.0,754.0,11699.0,VIC,989,1186,0.0644,0.312
206041124,Parkville,658.0,526.0,8293.0,VIC,690,827,0.0634,0.312
206041125,South Yarra - West,1468.0,1139.0,6946.0,VIC,1494,1792,0.164,0.312
206041127,West Melbourne - Industrial,0.0,0.0,0.0,VIC,0,0,0.0,0.312
206041503,Melbourne CBD - East,706.0,497.0,13697.0,VIC,652,782,0.0363,0.312
206041504,Melbourne CBD - North,517.0,438.0,23579.0,VIC,575,689,0.0186,0.312
206041505,Melbourne CBD - West,457.0,314.0,21528.0,VIC,412,494,0.0146,0.312
206041506,North Melbourne,1346.0,894.0,19221.0,VIC,1173,1406,0.0465,0.312
206041507,Royal Botanic Gardens Victoria,0.0,0.0,0.0,VIC,0,0,0.0,0.312
206041508,Southbank (West) - South Wharf,581.0,387.0,7866.0,VIC,508,609,0.0492,0.312
206041509,Southbank - East,861.0,587.0,19428.0,VIC,770,923,0.0302,0.312
206041510,West Melbourne - Residential,384.0,228.0,9301.0,VIC,299,359,0.0245,0.312
206051128,Albert Park,3202.0,2334.0,17184.0,VIC,3062,3671,0.1358,0.312
206051129,Elwood,1844.0,1169.0,15961.0,VIC,1534,1839,0.0732,0.312
206051130,Port Melbourne,2998.0,2146.0,16884.0,VIC,2816,3376,0.1271,0.312
206051134,St Kilda East,1652.0,1119.0,17332.0,VIC,1468,1760,0.0646,0.312
206051511,Port Melbourne Industrial,113.0,66.0,2611.0,VIC,87,104,0.0253,0.312
206051512,South Melbourne,1993.0,1460.0,12916.0,VIC,1916,2297,0.113,0.312
206051513,St Kilda - Central,1356.0,869.0,13725.0,VIC,1140,1367,0.0633,0.312
206051514,St Kilda - West,2019.0,1375.0,16059.0,VIC,1804,2163,0.0856,0.312
206061135,Armadale,1888.0,1469.0,9997.0,VIC,1927,2311,0.1469,0.312
206061136,Prahran - Windsor,2436.0,1787.0,20928.0,VIC,2345,2811,0.0854,0.312
206061138,Toorak,3727.0,2903.0,13504.0,VIC,3809,4566,0.215,0.312
206061515,South Yarra - North,1013.0,757.0,13633.0,VIC,993,1191,0.0555,0.312
206061516,South Yarra - South,1395.0,1041.0,10558.0,VIC,1366,1637,0.0986,0.312
206071139,Abbotsford,882.0,602.0,10294.0,VIC,790,947,0.0585,0.312
206071140,Carlton North - Princes Hill,1332.0,979.0,8747.0,VIC,1284,1540,0.1119,0.312
206071141,Collingwood,712.0,480.0,11145.0,VIC,630,755,0.0431,0.312
206071142,Fitzroy,1257.0,818.0,11984.0,VIC,1073,1287,0.0683,0.312
206071143,Fitzroy North,2079.0,1565.0,13722.0,VIC,2053,2462,0.1141,0.312
206071145,Clifton Hill - Alphington,1532.0,1044.0,11292.0,VIC,1370,1642,0.0925,0.312
206071517,Richmond (South) - Cremorne,1986.0,1386.0,19230.0,VIC,1818,2180,0.0721,0.312
206071518,Richmond - North,1741.0,1182.0,15319.0,VIC,1551,1859,0.0772,0.312
207011146,Ashburton (Vic.),1394.0,970.0,8403.0,VIC,1273,1526,0.1154,0.312
207011147,Balwyn,3728.0,2813.0,16966.0,VIC,3691,4425,0.1658,0.312
207011148,Balwyn North,3962.0,2903.0,22325.0,VIC,3809,4566,0.13,0.312
207011149,Camberwell,4480.0,3339.0,22120.0,VIC,4381,5252,0.1509,0.312
207011150,Glen Iris - East,3004.0,2116.0,17537.0,VIC,2776,3328,0.1207,0.312
207011152,Hawthorn East,2538.0,1866.0,17318.0,VIC,2448,2935,0.1077,0.312
207011154,Kew East,1203.0,871.0,6780.0,VIC,1143,1370,0.1285,0.312
207011155,Surrey Hills (West) - Canterbury,3575.0,2649.0,16231.0,VIC,3475,4167,0.1632,0.312
207011519,Hawthorn - North,1531.0,1110.0,10820.0,VIC,1456,1746,0.1026,0.312
207011520,Hawthorn - South,1763.0,1308.0,13481.0,VIC,1716,2057,0.097,0.312
207011521,Kew - South,2442.0,1789.0,12352.0,VIC,2347,2814,0.1448,0.312
207011522,Kew - West,2464.0,1769.0,13675.0,VIC,2321,2783,0.1294,0.312
207021156,Bulleen,2744.0,2158.0,11762.0,VIC,2831,3395,0.1835,0.312
207021157,Doncaster,5801.0,4498.0,27904.0,VIC,5901,7075,0.1612,0.312
207021159,Templestowe,4197.0,3105.0,17467.0,VIC,4074,4884,0.1778,0.312
207021160,Templestowe Lower,3384.0,2634.0,14612.0,VIC,3456,4143,0.1803,0.312
207021424,Doncaster East - North,3700.0,2722.0,16352.0,VIC,3571,4282,0.1665,0.312
207021425,Doncaster East - South,3108.0,2363.0,16710.0,VIC,3100,3717,0.1414,0.312
207031161,Blackburn,4095.0,2990.0,23471.0,VIC,3923,4703,0.1274,0.312
207031162,Blackburn South,2277.0,1722.0,11079.0,VIC,2259,2709,0.1554,0.312
207031163,Box Hill,3615.0,2618.0,26668.0,VIC,3435,4118,0.0982,0.312
207031164,Box Hill North,3208.0,2307.0,19435.0,VIC,3027,3629,0.1187,0.312
207031165,Burwood (Vic.),1949.0,1508.0,14918.0,VIC,1978,2372,0.1011,0.312
207031166,Burwood East,2622.0,2053.0,12366.0,VIC,2694,3229,0.166,0.312
207031167,Surrey Hills (East) - Mont Albert,2079.0,1518.0,10765.0,VIC,1992,2388,0.141,0.312
208011168,Beaumaris,3388.0,2454.0,14422.0,VIC,3220,3860,0.1702,0.312
208011169,Brighton (Vic.),6077.0,4627.0,24107.0,VIC,6071,7278,0.1919,0.312
208011170,Brighton East,3337.0,2473.0,17261.0,VIC,3245,3890,0.1433,0.312
208011171,Highett (West) - Cheltenham,1988.0,1459.0,13098.0,VIC,1914,2295,0.1114,0.312
208011172,Hampton,3591.0,2567.0,19208.0,VIC,3368,4038,0.1336,0.312
208011173,Sandringham - Black Rock,4430.0,3288.0,18022.0,VIC,4314,5172,0.1824,0.312
208021174,Bentleigh - McKinnon,4234.0,3083.0,26825.0,VIC,4045,4850,0.1149,0.312
208021176,Carnegie,2941.0,2134.0,20903.0,VIC,2800,3357,0.1021,0.312
208021177,Caulfield - North,4113.0,3068.0,24485.0,VIC,4025,4826,0.1253,0.312
208021178,Caulfield - South,3723.0,2768.0,18975.0,VIC,3632,4354,0.1459,0.312
208021179,Elsternwick,2128.0,1564.0,12765.0,VIC,2052,2460,0.1225,0.312
208021180,Hughesdale,1228.0,881.0,8088.0,VIC,1156,1386,0.1089,0.312
208021181,Murrumbeena,1416.0,976.0,10045.0,VIC,1281,1535,0.0972,0.312
208021182,Ormond - Glen Huntly,1910.0,1324.0,14736.0,VIC,1737,2083,0.0898,0.312
208021426,Bentleigh East - North,2412.0,1704.0,17553.0,VIC,2236,2680,0.0971,0.312
208021427,Bentleigh East - South,2512.0,1865.0,14770.0,VIC,2447,2934,0.1263,0.312
208031183,Aspendale Gardens - Waterways,1511.0,1067.0,9099.0,VIC,1400,1678,0.1173,0.312
208031184,Braeside,6.0,6.0,28.0,VIC,8,9,0.2143,0.312
208031185,Carrum - Patterson Lakes,2663.0,1880.0,12445.0,VIC,2467,2957,0.1511,0.312
208031186,Chelsea - Bonbeach,2989.0,2166.0,15882.0,VIC,2842,3407,0.1364,0.312
208031187,Chelsea Heights,1044.0,763.0,5456.0,VIC,1001,1200,0.1398,0.312
208031188,Highett (East) - Cheltenham,4796.0,3610.0,25866.0,VIC,4736,5679,0.1396,0.312
208031189,Edithvale - Aspendale,2325.0,1636.0,14151.0,VIC,2146,2573,0.1156,0.312
208031190,Mentone,2760.0,2030.0,13987.0,VIC,2663,3193,0.1451,0.312
208031191,Moorabbin - Heatherton,1535.0,1114.0,9708.0,VIC,1462,1752,0.1148,0.312
208031192,Moorabbin Airport,0.0,0.0,26.0,VIC,0,0,0.0,0.312
208031193,Mordialloc - Parkdale,3790.0,2650.0,22229.0,VIC,3477,4168,0.1192,0.312
208041194,Malvern - Glen Iris,4214.0,3210.0,21680.0,VIC,4212,5049,0.1481,0.312
208041195,Malvern East,3788.0,2771.0,23738.0,VIC,3636,4359,0.1167,0.312
209011196,Bundoora - East,1982.0,1548.0,10240.0,VIC,2031,2435,0.1512,0.312
209011197,Greensborough,4370.0,3141.0,21338.0,VIC,4121,4941,0.1472,0.312
209011198,Heidelberg - Rosanna,3018.0,2259.0,16915.0,VIC,2964,3553,0.1336,0.312
209011199,Heidelberg West,2095.0,1394.0,16703.0,VIC,1829,2193,0.0835,0.312
209011200,Ivanhoe,2517.0,1743.0,13151.0,VIC,2287,2742,0.1325,0.312
209011201,Ivanhoe East - Eaglemont,1795.0,1262.0,8100.0,VIC,1656,1985,0.1558,0.312
209011202,Montmorency - Briar Hill,3552.0,2571.0,16957.0,VIC,3373,4044,0.1516,0.312
209011203,Viewbank - Yallambie,3599.0,2738.0,19009.0,VIC,3592,4307,0.144,0.312
209011204,Watsonia,1777.0,1331.0,9518.0,VIC,1746,2094,0.1398,0.312
209021205,Kingsbury,1406.0,991.0,12508.0,VIC,1300,1559,0.0792,0.312
209021428,Preston - East,2810.0,1997.0,22596.0,VIC,2620,3141,0.0884,0.312
209021429,Preston - West,1810.0,1268.0,13470.0,VIC,1664,1995,0.0941,0.312
209021523,Reservoir - North East,2262.0,1649.0,15976.0,VIC,2163,2594,0.1032,0.312
209021524,Reservoir - North West,2408.0,1936.0,9834.0,VIC,2540,3045,0.1969,0.312
209021525,Reservoir - South East,2359.0,1728.0,13875.0,VIC,2267,2718,0.1245,0.312
209021526,Reservoir - South West,1847.0,1291.0,15161.0,VIC,1694,2031,0.0852,0.312
209031209,Eltham,4662.0,3126.0,23554.0,VIC,4101,4917,0.1327,0.312
209031210,Hurstbridge,629.0,395.0,3540.0,VIC,518,621,0.1116,0.312
209031211,Kinglake,702.0,416.0,4399.0,VIC,546,654,0.0946,0.312
209031212,Panton Hill - St Andrews,1183.0,754.0,5153.0,VIC,989,1186,0.1463,0.312
209031213,Plenty - Yarrambat,1693.0,1148.0,9609.0,VIC,1506,1806,0.1195,0.312
209031214,Research - North Warrandyte,1237.0,790.0,7034.0,VIC,1036,1243,0.1123,0.312
209031215,Wattle Glen - Diamond Creek,2171.0,1427.0,14803.0,VIC,1872,2245,0.0964,0.312
209041216,Bundoora - North,1142.0,803.0,8005.0,VIC,1054,1263,0.1003,0.312
209041217,Bundoora - West,1449.0,1090.0,6742.0,VIC,1430,1715,0.1617,0.312
209041220,Mill Park - North,3004.0,1888.0,17706.0,VIC,2477,2970,0.1066,0.312
209041221,Mill Park - South,2114.0,1312.0,11322.0,VIC,1721,2064,0.1159,0.312
209041223,Thomastown,4356.0,3385.0,20538.0,VIC,4441,5325,0.1648,0.312
209041224,Wallan,2665.0,1633.0,28415.0,VIC,2142,2569,0.0575,0.312
209041225,Whittlesea,1896.0,1356.0,15811.0,VIC,1779,2133,0.0858,0.312
209041431,Epping - East,2137.0,1422.0,13492.0,VIC,1866,2237,0.1054,0.312
209041432,Epping - South,1400.0,997.0,8413.0,VIC,1308,1568,0.1185,0.312
209041433,Epping (Vic.) - West,917.0,546.0,12905.0,VIC,716,859,0.0423,0.312
209041435,South Morang - North,1141.0,695.0,13070.0,VIC,912,1093,0.0532,0.312
209041436,South Morang - South,1830.0,1312.0,12889.0,VIC,1721,2064,0.1018,0.312
209041437,Wollert,1924.0,1175.0,33578.0,VIC,1542,1848,0.035,0.312
209041527,Doreen - North,1776.0,1225.0,17231.0,VIC,1607,1927,0.0711,0.312
209041528,Doreen - South,869.0,548.0,11810.0,VIC,719,862,0.0464,0.312
209041529,Lalor - East,2002.0,1566.0,10195.0,VIC,2055,2463,0.1536,0.312
209041530,Lalor - West,2371.0,1759.0,13933.0,VIC,2308,2767,0.1262,0.312
209041531,Mernda - North,1328.0,949.0,12038.0,VIC,1245,1493,0.0788,0.312
209041532,Mernda - South,797.0,501.0,13526.0,VIC,657,788,0.037,0.312
210011226,Airport West,1600.0,1225.0,8647.0,VIC,1607,1927,0.1417,0.312
210011227,Essendon Airport,0.0,0.0,14.0,VIC,0,0,0.0,0.312
210011228,Keilor,2235.0,1722.0,8701.0,VIC,2259,2709,0.1979,0.312
210011230,Niddrie - Essendon West,1206.0,885.0,7925.0,VIC,1161,1392,0.1117,0.312
210011231,Strathmore,1826.0,1279.0,10457.0,VIC,1678,2012,0.1223,0.312
210011533,Avondale Heights,3216.0,2557.0,12822.0,VIC,3355,4022,0.1994,0.312
210011534,Keilor East,3361.0,2675.0,15497.0,VIC,3510,4208,0.1726,0.312
210021232,Gisborne,2533.0,1783.0,15434.0,VIC,2339,2805,0.1155,0.312
210021233,Macedon,779.0,560.0,3645.0,VIC,735,881,0.1536,0.312
210021234,Riddells Creek,871.0,596.0,4547.0,VIC,782,938,0.1311,0.312
210021235,Romsey,2078.0,1349.0,11489.0,VIC,1770,2122,0.1174,0.312
210031236,Coburg North,1119.0,834.0,8935.0,VIC,1094,1312,0.0933,0.312
210031237,Fawkner,2055.0,1586.0,14960.0,VIC,2081,2495,0.106,0.312
210031439,Gowanbrae,561.0,441.0,3189.0,VIC,579,694,0.1383,0.312
210031440,Hadfield,1095.0,861.0,6654.0,VIC,1130,1354,0.1294,0.312
210031535,Glenroy - East,2099.0,1586.0,15735.0,VIC,2081,2495,0.1008,0.312
210031536,Glenroy - West,1095.0,801.0,9575.0,VIC,1051,1260,0.0837,0.312
210031537,Oak Park,1013.0,687.0,8488.0,VIC,901,1081,0.0809,0.312
210031538,Pascoe Vale,2358.0,1724.0,18434.0,VIC,2262,2712,0.0935,0.312
210041240,Sunbury,2196.0,1425.0,14810.0,VIC,1870,2242,0.0962,0.312
210041539,Diggers Rest,587.0,325.0,6967.0,VIC,426,511,0.0466,0.312
210041540,Sunbury - South,2824.0,2055.0,16819.0,VIC,2696,3233,0.1222,0.312
210041541,Sunbury - West,1659.0,1088.0,11404.0,VIC,1427,1711,0.0954,0.312
210051242,Broadmeadows,1721.0,1167.0,14786.0,VIC,1531,1836,0.0789,0.312
210051243,Campbellfield - Coolaroo,2530.0,1872.0,16438.0,VIC,2456,2945,0.1139,0.312
210051245,Gladstone Park - Westmeadows,3716.0,2687.0,18264.0,VIC,3525,4227,0.1471,0.312
210051246,Greenvale - Bulla,2873.0,1780.0,25723.0,VIC,2335,2800,0.0692,0.312
210051247,Meadow Heights,1884.0,1198.0,14960.0,VIC,1572,1884,0.0801,0.312
210051248,Melbourne Airport,12.0,8.0,130.0,VIC,10,13,0.0615,0.312
210051250,Tullamarine,1350.0,1012.0,6710.0,VIC,1328,1592,0.1508,0.312
210051441,Craigieburn - Central,948.0,615.0,8207.0,VIC,807,967,0.0749,0.312
210051442,Craigieburn - North,910.0,540.0,12882.0,VIC,708,849,0.0419,0.312
210051443,Craigieburn - South,1771.0,1019.0,24086.0,VIC,1337,1603,0.0423,0.312
210051445,Mickleham - Yuroke,1371.0,806.0,35371.0,VIC,1057,1268,0.0228,0.312
210051542,Craigieburn - North West,526.0,302.0,11198.0,VIC,396,475,0.027,0.312
210051543,Craigieburn - West,1088.0,769.0,14760.0,VIC,1009,1210,0.0521,0.312
210051544,Roxburgh Park (South) - Somerton,1022.0,629.0,9731.0,VIC,825,989,0.0646,0.312
210051545,Roxburgh Park - North,1285.0,808.0,15427.0,VIC,1060,1271,0.0524,0.312
211011251,Bayswater,2250.0,1668.0,13305.0,VIC,2188,2624,0.1254,0.312
211011254,Knoxfield - Scoresby,2842.0,2027.0,17142.0,VIC,2659,3188,0.1182,0.312
211011255,Lysterfield,914.0,557.0,6614.0,VIC,731,876,0.0842,0.312
211011256,Rowville - Central,2809.0,1841.0,15731.0,VIC,2415,2896,0.117,0.312
211011257,Rowville - North,1324.0,962.0,7894.0,VIC,1262,1513,0.1219,0.312
211011258,Rowville - South,1893.0,1283.0,10594.0,VIC,1683,2018,0.1211,0.312
211011259,Wantirna,3101.0,2214.0,14631.0,VIC,2905,3483,0.1513,0.312
211011260,Wantirna South,4469.0,3171.0,18388.0,VIC,4160,4988,0.1724,0.312
211011446,Boronia,4385.0,3183.0,24565.0,VIC,4176,5007,0.1296,0.312
211011447,Ferntree Gully - North,2821.0,2111.0,14530.0,VIC,2770,3321,0.1453,0.312
211011448,Ferntree Gully (South) - Upper Ferntree Gully,2611.0,1879.0,15600.0,VIC,2465,2956,0.1204,0.312
211011449,The Basin,646.0,446.0,4345.0,VIC,585,702,0.1026,0.312
211021261,Donvale - Park Orchards,3595.0,2659.0,16778.0,VIC,3489,4183,0.1585,0.312
211021262,Warrandyte - Wonga Park,2066.0,1387.0,10238.0,VIC,1820,2182,0.1355,0.312
211031263,Bayswater North,1885.0,1264.0,12043.0,VIC,1658,1988,0.105,0.312
211031265,Croydon Hills - Warranwood,3100.0,2021.0,18391.0,VIC,2652,3179,0.1099,0.312
211031266,Ringwood,3270.0,2415.0,19633.0,VIC,3168,3799,0.123,0.312
211031267,Ringwood East,3616.0,2632.0,21866.0,VIC,3453,4140,0.1204,0.312
211031268,Ringwood North,1946.0,1410.0,9803.0,VIC,1850,2218,0.1438,0.312
211031450,Croydon - East,3015.0,2207.0,17181.0,VIC,2896,3472,0.1285,0.312
211031451,Croydon - West,3370.0,2684.0,14828.0,VIC,3521,4222,0.181,0.312
211031452,Croydon South,858.0,614.0,5140.0,VIC,806,966,0.1195,0.312
211041269,Forest Hill,2349.0,1769.0,11213.0,VIC,2321,2783,0.1578,0.312
211041270,Mitcham (Vic.),2793.0,2024.0,17472.0,VIC,2655,3184,0.1158,0.312
211041271,Nunawading,2386.0,1831.0,13230.0,VIC,2402,2880,0.1384,0.312
211041272,Vermont,2034.0,1524.0,11353.0,VIC,1999,2397,0.1342,0.312
211041273,Vermont South,3236.0,2512.0,12275.0,VIC,3296,3951,0.2046,0.312
211051274,Belgrave - Selby,1638.0,1069.0,9991.0,VIC,1403,1682,0.107,0.312
211051275,Chirnside Park,2189.0,1595.0,12506.0,VIC,2093,2509,0.1275,0.312
211051276,Healesville - Yarra Glen,3323.0,2388.0,14040.0,VIC,3133,3756,0.1701,0.312
211051277,Kilsyth,2017.0,1553.0,10676.0,VIC,2038,2443,0.1455,0.312
211051278,Lilydale - Coldstream,3855.0,2818.0,20533.0,VIC,3697,4433,0.1372,0.312
211051279,Monbulk - Silvan,1137.0,791.0,5834.0,VIC,1038,1244,0.1356,0.312
211051280,Montrose,1273.0,967.0,6921.0,VIC,1269,1521,0.1397,0.312
211051281,Mooroolbark,3876.0,2727.0,24258.0,VIC,3578,4290,0.1124,0.312
211051282,Mount Dandenong - Olinda,2100.0,1365.0,9609.0,VIC,1791,2147,0.1421,0.312
211051283,Mount Evelyn,1589.0,1127.0,10032.0,VIC,1479,1773,0.1123,0.312
211051284,Upwey - Tecoma,1570.0,1011.0,9862.0,VIC,1326,1590,0.1025,0.312
211051285,Wandin - Seville,1428.0,955.0,7999.0,VIC,1253,1502,0.1194,0.312
211051286,Yarra Valley,3392.0,2261.0,17059.0,VIC,2966,3557,0.1325,0.312
212011289,Emerald - Cockatoo,3211.0,2104.0,18958.0,VIC,2760,3310,0.111,0.312
212011546,Beaconsfield - Officer,2545.0,1735.0,28367.0,VIC,2276,2729,0.0612,0.312
212011547,Bunyip - Garfield,1923.0,1301.0,10242.0,VIC,1707,2046,0.127,0.312
212011548,Koo Wee Rup,1783.0,1284.0,12009.0,VIC,1685,2020,0.1069,0.312
212011549,Pakenham - North East,1847.0,1345.0,16379.0,VIC,1765,2116,0.0821,0.312
212011550,Pakenham - North West,887.0,631.0,9658.0,VIC,828,993,0.0653,0.312
212011551,Pakenham - South East,1281.0,1026.0,6706.0,VIC,1346,1614,0.153,0.312
212011552,Pakenham - South West,3179.0,2309.0,28217.0,VIC,3029,3632,0.0818,0.312
212021293,Berwick - North,5050.0,3778.0,23797.0,VIC,4957,5943,0.1588,0.312
212021295,Doveton,1696.0,1137.0,12792.0,VIC,1492,1789,0.0889,0.312
212021297,Hallam,1893.0,1276.0,11944.0,VIC,1674,2007,0.1068,0.312
212021299,Narre Warren North,1486.0,988.0,8184.0,VIC,1296,1554,0.1207,0.312
212021453,Endeavour Hills - North,2211.0,1443.0,12150.0,VIC,1893,2270,0.1188,0.312
212021454,Endeavour Hills - South,2573.0,1659.0,13594.0,VIC,2177,2610,0.122,0.312
212021455,Narre Warren - North East,1654.0,1031.0,13643.0,VIC,1353,1622,0.0756,0.312
212021456,Narre Warren - South West,1946.0,1269.0,15452.0,VIC,1665,1996,0.0821,0.312
212021553,Berwick - South East,1861.0,1212.0,20002.0,VIC,1590,1906,0.0606,0.312
212021554,Berwick - South West,1000.0,621.0,12791.0,VIC,815,977,0.0485,0.312
212031300,Cranbourne,2874.0,1937.0,22544.0,VIC,2541,3047,0.0859,0.312
212031303,Cranbourne South,2151.0,1386.0,24578.0,VIC,1818,2180,0.0564,0.312
212031304,Cranbourne West,1886.0,1238.0,24902.0,VIC,1624,1947,0.0497,0.312
212031306,Lynbrook - Lyndhurst,1471.0,928.0,19435.0,VIC,1218,1460,0.0477,0.312
212031308,Pearcedale - Tooradin,1413.0,964.0,8253.0,VIC,1265,1516,0.1168,0.312
212031457,Narre Warren South - East,1480.0,962.0,13030.0,VIC,1262,1513,0.0738,0.312
212031458,Narre Warren South - West,1576.0,981.0,17141.0,VIC,1287,1543,0.0572,0.312
212031555,Clyde North - North,821.0,560.0,13155.0,VIC,735,881,0.0426,0.312
212031556,Clyde North - South,1134.0,685.0,24609.0,VIC,899,1078,0.0278,0.312
212031557,Cranbourne East - North,2381.0,1795.0,25149.0,VIC,2355,2824,0.0714,0.312
212031558,Cranbourne East - South,1133.0,872.0,15112.0,VIC,1144,1372,0.0577,0.312
212031559,Cranbourne North - East,753.0,470.0,13678.0,VIC,617,739,0.0344,0.312
212031560,Cranbourne North - West,1260.0,797.0,12329.0,VIC,1046,1254,0.0646,0.312
212031561,Hampton Park - East,1404.0,817.0,13383.0,VIC,1072,1285,0.061,0.312
212031562,Hampton Park - West,1719.0,1073.0,13768.0,VIC,1408,1688,0.0779,0.312
212041309,Clarinda - Oakleigh South,2861.0,2090.0,11752.0,VIC,2742,3288,0.1778,0.312
212041310,Clayton South,2149.0,1572.0,15138.0,VIC,2062,2473,0.1038,0.312
212041312,Dandenong North,4292.0,3106.0,23300.0,VIC,4075,4886,0.1333,0.312
212041313,Dingley Village,2510.0,1868.0,10754.0,VIC,2451,2938,0.1737,0.312
212041316,Noble Park North,1534.0,1124.0,7651.0,VIC,1475,1768,0.1469,0.312
212041317,Springvale,3907.0,2740.0,24111.0,VIC,3595,4310,0.1136,0.312
212041318,Springvale South,2237.0,1508.0,13139.0,VIC,1978,2372,0.1148,0.312
212041459,Noble Park - East,1930.0,1285.0,13699.0,VIC,1686,2021,0.0938,0.312
212041460,Noble Park - West,3140.0,2299.0,20330.0,VIC,3016,3616,0.1131,0.312
212041563,Dandenong - North,3171.0,2276.0,23067.0,VIC,2986,3580,0.0987,0.312
212041564,Dandenong - South,1345.0,977.0,10032.0,VIC,1282,1537,0.0974,0.312
212041565,Keysborough - North,3241.0,2409.0,15095.0,VIC,3161,3789,0.1596,0.312
212041566,Keysborough - South,1419.0,856.0,16874.0,VIC,1123,1346,0.0507,0.312
212051319,Ashwood - Chadstone,2985.0,2146.0,20947.0,VIC,2816,3376,0.1024,0.312
212051321,Glen Waverley - East,4656.0,3559.0,22689.0,VIC,4669,5598,0.1569,0.312
212051322,Glen Waverley - West,3937.0,2865.0,23202.0,VIC,3759,4507,0.1235,0.312
212051323,Mount Waverley - North,3001.0,2232.0,17214.0,VIC,2928,3511,0.1297,0.312
212051324,Mount Waverley - South,3563.0,2628.0,20581.0,VIC,3448,4134,0.1277,0.312
212051325,Mulgrave,3894.0,2946.0,20981.0,VIC,3865,4634,0.1404,0.312
212051326,Oakleigh - Huntingdale,3503.0,2553.0,25104.0,VIC,3350,4016,0.1017,0.312
212051327,Wheelers Hill,6126.0,4925.0,21285.0,VIC,6462,7747,0.2314,0.312
212051567,Clayton (North) - Notting Hill,684.0,556.0,14143.0,VIC,729,875,0.0393,0.312
212051568,Clayton - Central,1220.0,911.0,15034.0,VIC,1195,1433,0.0606,0.312
213011328,Ardeer - Albion,1215.0,894.0,7908.0,VIC,1173,1406,0.1131,0.312
213011329,Cairnlea,1278.0,746.0,10045.0,VIC,979,1173,0.0743,0.312
213011331,Delahey,1401.0,881.0,8008.0,VIC,1156,1386,0.11,0.312
213011332,Keilor Downs,2963.0,2044.0,13068.0,VIC,2682,3215,0.1564,0.312
213011333,Kings Park (Vic.),2651.0,1865.0,13931.0,VIC,2447,2934,0.1339,0.312
213011334,St Albans - North,3592.0,2595.0,21002.0,VIC,3405,4082,0.1236,0.312
213011335,St Albans - South,3439.0,2501.0,17764.0,VIC,3281,3934,0.1408,0.312
213011336,Sunshine,1262.0,848.0,10104.0,VIC,1113,1334,0.0839,0.312
213011337,Sunshine North,1963.0,1341.0,12503.0,VIC,1759,2109,0.1073,0.312
213011338,Sunshine West,3396.0,2549.0,18790.0,VIC,3344,4010,0.1357,0.312
213011339,Sydenham,1634.0,1057.0,11972.0,VIC,1387,1663,0.0883,0.312
213011340,Taylors Lakes,3420.0,2182.0,16999.0,VIC,2863,3432,0.1284,0.312
213011569,Deer Park,2793.0,1953.0,18447.0,VIC,2562,3072,0.1059,0.312
213011570,Derrimut,561.0,339.0,8913.0,VIC,445,533,0.038,0.312
213021341,Altona,2781.0,2076.0,14232.0,VIC,2724,3266,0.1459,0.312
213021342,Altona Meadows,3551.0,2385.0,18793.0,VIC,3129,3752,0.1269,0.312
213021343,Altona North,2554.0,1994.0,15914.0,VIC,2616,3137,0.1253,0.312
213021344,Newport,2297.0,1499.0,19943.0,VIC,1967,2358,0.0752,0.312
213021345,Seabrook,617.0,385.0,4963.0,VIC,505,606,0.0776,0.312
213021346,Williamstown,3325.0,2313.0,16920.0,VIC,3035,3638,0.1367,0.312
213031347,Braybrook,2458.0,1600.0,20699.0,VIC,2099,2517,0.0773,0.312
213031348,Footscray,1966.0,1363.0,20756.0,VIC,1788,2144,0.0657,0.312
213031349,Maribyrnong,1672.0,1078.0,13818.0,VIC,1414,1696,0.078,0.312
213031350,Seddon - Kingsville,961.0,636.0,9782.0,VIC,834,1000,0.065,0.312
213031351,West Footscray - Tottenham,1231.0,824.0,12953.0,VIC,1081,1296,0.0636,0.312
213031352,Yarraville,1715.0,1176.0,16243.0,VIC,1543,1850,0.0724,0.312
213041353,Bacchus Marsh,4281.0,3040.0,26576.0,VIC,3988,4782,0.1144,0.312
213041358,Melton West,2361.0,1536.0,22691.0,VIC,2015,2416,0.0677,0.312
213041359,Rockbank - Mount Cottrell,1180.0,694.0,31389.0,VIC,911,1092,0.0221,0.312
213041360,Taylors Hill,1762.0,1190.0,19856.0,VIC,1561,1872,0.0599,0.312
213041461,Burnside,985.0,712.0,6449.0,VIC,934,1120,0.1104,0.312
213041462,Burnside Heights,455.0,267.0,6499.0,VIC,350,420,0.0411,0.312
213041463,Caroline Springs,2130.0,1354.0,21022.0,VIC,1776,2130,0.0644,0.312
213041571,Brookfield,1272.0,928.0,10408.0,VIC,1218,1460,0.0892,0.312
213041572,Cobblebank - Strathtulloh,263.0,128.0,11760.0,VIC,168,201,0.0109,0.312
213041573,Eynesbury - Exford,305.0,187.0,3933.0,VIC,245,294,0.0475,0.312
213041574,Fraser Rise - Plumpton,1039.0,637.0,20730.0,VIC,836,1002,0.0307,0.312
213041575,Hillside,1765.0,1160.0,16120.0,VIC,1522,1825,0.072,0.312
213041576,Kurunjang - Toolern Vale,1520.0,955.0,12069.0,VIC,1253,1502,0.0791,0.312
213041577,Melton,1695.0,1240.0,8046.0,VIC,1627,1951,0.1541,0.312
213041578,Melton South - Weir Views,1947.0,1294.0,21758.0,VIC,1698,2035,0.0595,0.312
213051361,Hoppers Crossing - North,2587.0,1592.0,18410.0,VIC,2089,2504,0.0865,0.312
213051362,Hoppers Crossing - South,3229.0,2270.0,18967.0,VIC,2978,3571,0.1197,0.312
213051363,Laverton,834.0,477.0,12754.0,VIC,626,750,0.0374,0.312
213051368,Werribee - South,2575.0,1798.0,17937.0,VIC,2359,2828,0.1002,0.312
213051464,Point Cook - East,1487.0,945.0,21519.0,VIC,1240,1486,0.0439,0.312
213051466,Point Cook - South,957.0,598.0,20596.0,VIC,785,941,0.029,0.312
213051467,Werribee - East,3019.0,2046.0,19124.0,VIC,2684,3218,0.107,0.312
213051468,Werribee - West,2193.0,1300.0,30552.0,VIC,1706,2045,0.0426,0.312
213051579,Manor Lakes - Quandong,459.0,262.0,12575.0,VIC,344,412,0.0208,0.312
213051580,Point Cook - North East,1454.0,1004.0,14817.0,VIC,1317,1579,0.0678,0.312
213051581,Point Cook - North West,664.0,412.0,10165.0,VIC,541,648,0.0405,0.312
213051582,Tarneit (West) - Mount Cottrell,370.0,203.0,17173.0,VIC,266,319,0.0118,0.312
213051583,Tarneit - Central,1662.0,1105.0,29462.0,VIC,1450,1738,0.0375,0.312
213051584,Tarneit - North,227.0,118.0,13485.0,VIC,155,186,0.0088,0.312
213051585,Tarneit - South,826.0,546.0,11708.0,VIC,716,859,0.0466,0.312
213051586,Truganina - North,338.0,167.0,14287.0,VIC,219,263,0.0117,0.312
213051587,Truganina - South East,413.0,245.0,10689.0,VIC,321,385,0.0229,0.312
213051588,Truganina - South West,1109.0,686.0,20356.0,VIC,900,1079,0.0337,0.312
213051589,Wyndham Vale - North,507.0,320.0,13138.0,VIC,420,503,0.0244,0.312
213051590,Wyndham Vale - South,1401.0,896.0,14163.0,VIC,1176,1409,0.0633,0.312
214011370,Carrum Downs,3084.0,2110.0,23342.0,VIC,2768,3319,0.0904,0.312
214011371,Frankston,4353.0,3096.0,24792.0,VIC,4062,4870,0.1249,0.312
214011372,Frankston North,3464.0,2562.0,19841.0,VIC,3361,4030,0.1291,0.312
214011373,Frankston South,4130.0,3071.0,19214.0,VIC,4029,4831,0.1598,0.312
214011374,Langwarrin,4104.0,2839.0,25747.0,VIC,3725,4466,0.1103,0.312
214011375,Seaford (Vic.),3286.0,2349.0,18072.0,VIC,3082,3695,0.13,0.312
214011376,Skye - Sandhurst,1814.0,1150.0,13607.0,VIC,1509,1809,0.0845,0.312
214021377,Dromana,4382.0,3265.0,13785.0,VIC,4284,5136,0.2369,0.312
214021378,Flinders,2221.0,1523.0,6065.0,VIC,1998,2396,0.2511,0.312
214021379,Hastings - Somers,5846.0,4270.0,23960.0,VIC,5602,6717,0.1782,0.312
214021381,Mount Eliza,4359.0,3227.0,19009.0,VIC,4234,5076,0.1698,0.312
214021382,Mount Martha,5070.0,3845.0,20166.0,VIC,5045,6048,0.1907,0.312
214021383,Point Nepean,6961.0,5128.0,20258.0,VIC,6728,8066,0.2531,0.312
214021384,Rosebud - McCrae,7816.0,6013.0,23281.0,VIC,7889,9458,0.2583,0.312
214021385,Somerville,3774.0,2645.0,18972.0,VIC,3470,4161,0.1394,0.312
214021591,Mornington - East,3740.0,3064.0,15111.0,VIC,4020,4820,0.2028,0.312
214021592,Mornington - West,4349.0,3395.0,10843.0,VIC,4454,5340,0.3131,0.312
215011386,Ararat,2046.0,1499.0,8328.0,VIC,1967,2358,0.18,0.312
215011387,Ararat Surrounds,826.0,536.0,3178.0,VIC,703,843,0.1687,0.312
215011388,Horsham,3803.0,2808.0,16956.0,VIC,3684,4417,0.1656,0.312
215011389,Horsham Surrounds,737.0,467.0,3459.0,VIC,613,735,0.135,0.312
215011390,Nhill Region,1917.0,1382.0,6725.0,VIC,1813,2174,0.2055,0.312
215011391,St Arnaud,1027.0,769.0,3406.0,VIC,1009,1210,0.2258,0.312
215011392,Stawell,2252.0,1615.0,8398.0,VIC,2119,2540,0.1923,0.312
215011393,West Wimmera,797.0,572.0,2680.0,VIC,750,900,0.2134,0.312
215011394,Yarriambiack,1903.0,1336.0,6283.0,VIC,1753,2102,0.2126,0.312
215021395,Irymple,1470.0,1002.0,7956.0,VIC,1315,1576,0.1259,0.312
215021396,Merbein,1055.0,719.0,4971.0,VIC,943,1131,0.1446,0.312
215021398,Mildura Surrounds,956.0,657.0,3801.0,VIC,862,1033,0.1728,0.312
215021399,Red Cliffs,1193.0,805.0,6090.0,VIC,1056,1266,0.1322,0.312
215021469,Mildura - North,3668.0,2671.0,18120.0,VIC,3504,4201,0.1474,0.312
215021470,Mildura - South,3324.0,2440.0,16688.0,VIC,3201,3838,0.1462,0.312
215031400,Buloke,1836.0,1286.0,5960.0,VIC,1687,2023,0.2158,0.312
215031401,Gannawarra,2104.0,1535.0,6567.0,VIC,2014,2415,0.2337,0.312
215031402,Kerang,1199.0,876.0,3832.0,VIC,1149,1378,0.2286,0.312
215031403,Robinvale,577.0,377.0,3737.0,VIC,495,593,0.1009,0.312
215031404,Swan Hill,2274.0,1704.0,10839.0,VIC,2236,2680,0.1572,0.312
215031405,Swan Hill Surrounds,1325.0,841.0,6519.0,VIC,1103,1323,0.129,0.312
216011406,Echuca,3916.0,2865.0,15551.0,VIC,3759,4507,0.1842,0.312
216011407,Kyabram,2766.0,2057.0,10883.0,VIC,2699,3236,0.189,0.312
216011408,Lockington - Gunbower,873.0,569.0,3960.0,VIC,747,895,0.1437,0.312
216011409,Rochester,1167.0,863.0,3713.0,VIC,1132,1357,0.2324,0.312
216011410,Rushworth,1209.0,846.0,4210.0,VIC,1110,1331,0.201,0.312
216021411,Cobram,2008.0,1554.0,6600.0,VIC,2039,2444,0.2355,0.312
216021412,Moira,697.0,464.0,2861.0,VIC,609,730,0.1622,0.312
216021413,Numurkah,3121.0,2212.0,12493.0,VIC,2902,3479,0.1771,0.312
216021414,Yarrawonga,2992.0,2276.0,8882.0,VIC,2986,3580,0.2562,0.312
216031415,Mooroopna,1959.0,1445.0,8315.0,VIC,1896,2273,0.1738,0.312
216031416,Shepparton - North,3605.0,2548.0,20307.0,VIC,3343,4008,0.1255,0.312
216031418,Shepparton Surrounds - East,760.0,484.0,4065.0,VIC,635,761,0.1191,0.312
216031419,Shepparton Surrounds - West,2314.0,1612.0,10407.0,VIC,2115,2536,0.1549,0.312
216031593,Kialla,1750.0,1228.0,10109.0,VIC,1611,1932,0.1215,0.312
216031594,Shepparton - South East,3432.0,2626.0,16481.0,VIC,3445,4131,0.1593,0.312
217011420,Glenelg (Vic.),2545.0,1738.0,8832.0,VIC,2280,2734,0.1968,0.312
217011421,Hamilton (Vic.),2755.0,2080.0,10332.0,VIC,2729,3272,0.2013,0.312
217011422,Portland,2960.0,2107.0,11178.0,VIC,2764,3314,0.1885,0.312
217011423,Southern Grampians,1726.0,1171.0,6249.0,VIC,1536,1842,0.1874,0.312
217031471,Camperdown,1056.0,803.0,3405.0,VIC,1054,1263,0.2358,0.312
217031472,Colac,3119.0,2357.0,12660.0,VIC,3092,3708,0.1862,0.312
217031473,Colac Surrounds,1255.0,859.0,5704.0,VIC,1127,1351,0.1506,0.312
217031474,Corangamite - North,1473.0,1039.0,5245.0,VIC,1363,1634,0.1981,0.312
217031475,Corangamite - South,1676.0,1197.0,7148.0,VIC,1570,1883,0.1675,0.312
217031476,Otway,1207.0,806.0,3948.0,VIC,1057,1268,0.2042,0.312
217041477,Moyne - East,1389.0,908.0,7145.0,VIC,1191,1428,0.1271,0.312
217041478,Moyne - West,2633.0,1861.0,10215.0,VIC,2442,2927,0.1822,0.312
217041479,Warrnambool - North,4676.0,3333.0,22916.0,VIC,4373,5243,0.1454,0.312
217041480,Warrnambool - South,3269.0,2384.0,13580.0,VIC,3128,3750,0.1756,0.312
301011001,Alexandra Hills,2837.0,1889.0,17256.0,QLD,2565,3102,0.1095,0.358
301011002,Belmont - Gumdale,1371.0,953.0,7903.0,QLD,1294,1565,0.1206,0.358
301011003,Birkdale,3351.0,2480.0,15917.0,QLD,3368,4072,0.1558,0.358
301011004,Capalaba,3517.0,2459.0,19128.0,QLD,3339,4038,0.1286,0.358
301011005,Thorneside,811.0,578.0,4028.0,QLD,785,949,0.1435,0.358
301011006,Wellington Point,2473.0,1674.0,12324.0,QLD,2273,2749,0.1358,0.358
301021007,Cleveland,5194.0,3898.0,16769.0,QLD,5293,6401,0.2325,0.358
301021008,Ormiston,1764.0,1331.0,6925.0,QLD,1807,2186,0.1922,0.358
301021009,Redland Bay,3464.0,2440.0,19594.0,QLD,3314,4006,0.1245,0.358
301021011,Sheldon - Mount Cotton,1054.0,693.0,8703.0,QLD,941,1138,0.0796,0.358
301021012,Thornlands,3128.0,2216.0,21476.0,QLD,3009,3639,0.1032,0.358
301021013,Victoria Point,4649.0,3606.0,15851.0,QLD,4897,5921,0.2275,0.358
301021550,North Stradbroke Island,727.0,496.0,2261.0,QLD,674,814,0.2194,0.358
301021551,Southern Moreton Bay Islands,4050.0,2720.0,9993.0,QLD,3694,4466,0.2722,0.358
301031014,Brisbane Port - Lytton,0.0,0.0,10.0,QLD,0,0,0.0,0.358
301031015,Manly - Lota,1575.0,1108.0,8254.0,QLD,1505,1819,0.1342,0.358
301031016,Manly West,2044.0,1493.0,12320.0,QLD,2027,2452,0.1212,0.358
301031017,Murarrie,458.0,294.0,5164.0,QLD,399,483,0.0569,0.358
301031018,Tingalpa,1435.0,1042.0,9311.0,QLD,1415,1711,0.1119,0.358
301031019,Wakerley,910.0,604.0,9820.0,QLD,820,992,0.0615,0.358
301031020,Wynnum,2882.0,1958.0,15268.0,QLD,2659,3215,0.1282,0.358
301031021,Wynnum West - Hemmant,2697.0,2022.0,16773.0,QLD,2746,3320,0.1206,0.358
302011022,Bald Hills,1154.0,777.0,8367.0,QLD,1055,1276,0.0929,0.358
302011023,Bridgeman Downs,1972.0,1392.0,11675.0,QLD,1890,2286,0.1192,0.358
302011024,Carseldine,2083.0,1583.0,10316.0,QLD,2150,2599,0.1535,0.358
302011025,Everton Park,1359.0,1039.0,10998.0,QLD,1411,1706,0.0945,0.358
302011026,McDowall,1266.0,883.0,8602.0,QLD,1199,1450,0.1027,0.358
302021027,Aspley,3186.0,2468.0,13637.0,QLD,3352,4052,0.181,0.358
302021028,Chermside,2131.0,1623.0,12506.0,QLD,2204,2665,0.1298,0.358
302021029,Chermside West,1100.0,819.0,7008.0,QLD,1112,1345,0.1169,0.358
302021030,Geebung,712.0,523.0,4654.0,QLD,710,859,0.1124,0.358
302021031,Kedron - Gordon Park,1588.0,1072.0,15488.0,QLD,1456,1760,0.0692,0.358
302021032,Stafford,841.0,597.0,7378.0,QLD,811,980,0.0809,0.358
302021033,Stafford Heights,1360.0,1072.0,7320.0,QLD,1456,1760,0.1464,0.358
302021034,Wavell Heights,1297.0,886.0,11115.0,QLD,1203,1455,0.0797,0.358
302031035,Boondall,1711.0,1232.0,10285.0,QLD,1673,2023,0.1198,0.358
302031036,Brisbane Airport,5.0,5.0,131.0,QLD,7,8,0.0382,0.358
302031037,Eagle Farm - Pinkenba,398.0,252.0,2511.0,QLD,342,414,0.1004,0.358
302031038,Northgate - Virginia,806.0,532.0,7484.0,QLD,722,874,0.0711,0.358
302031039,Nudgee - Banyo,1471.0,1076.0,11663.0,QLD,1461,1767,0.0923,0.358
302031040,Nundah,1703.0,1126.0,14589.0,QLD,1529,1849,0.0772,0.358
302041041,Bracken Ridge,2898.0,2053.0,18625.0,QLD,2788,3371,0.1102,0.358
302041042,Brighton (Qld),1689.0,1155.0,10113.0,QLD,1568,1897,0.1142,0.358
302041043,Deagon,710.0,530.0,3977.0,QLD,720,870,0.1333,0.358
302041044,Sandgate - Shorncliffe,1576.0,1147.0,6965.0,QLD,1558,1883,0.1647,0.358
302041045,Taigum - Fitzgibbon,2834.0,2236.0,15202.0,QLD,3036,3672,0.1471,0.358
302041046,Zillmere,1313.0,921.0,10045.0,QLD,1251,1512,0.0917,0.358
303011047,Camp Hill,1236.0,834.0,12923.0,QLD,1133,1369,0.0645,0.358
303011048,Cannon Hill,706.0,493.0,7633.0,QLD,669,810,0.0646,0.358
303011049,Carina,1944.0,1441.0,12703.0,QLD,1957,2366,0.1134,0.358
303011050,Carina Heights,962.0,655.0,7404.0,QLD,889,1076,0.0885,0.358
303011051,Carindale,3785.0,2693.0,17371.0,QLD,3657,4422,0.155,0.358
303021052,Annerley,1190.0,773.0,12985.0,QLD,1050,1269,0.0595,0.358
303021053,Coorparoo,2348.0,1632.0,19007.0,QLD,2216,2680,0.0859,0.358
303021054,Fairfield - Dutton Park,494.0,319.0,5440.0,QLD,433,524,0.0586,0.358
303021055,Greenslopes,1191.0,769.0,11487.0,QLD,1044,1263,0.0669,0.358
303021056,Holland Park,1066.0,772.0,9247.0,QLD,1048,1268,0.0835,0.358
303021057,Holland Park West,796.0,559.0,6739.0,QLD,759,918,0.0829,0.358
303021058,Woolloongabba,673.0,483.0,10068.0,QLD,656,793,0.048,0.358
303021059,Yeronga,1921.0,1446.0,10851.0,QLD,1964,2374,0.1333,0.358
303031060,Eight Mile Plains,2440.0,1679.0,16541.0,QLD,2280,2757,0.1015,0.358
303031061,Macgregor (Qld),950.0,718.0,6619.0,QLD,975,1179,0.1085,0.358
303031062,Mansfield (Qld),1374.0,1018.0,9300.0,QLD,1382,1672,0.1095,0.358
303031063,Mount Gravatt,2056.0,1473.0,16991.0,QLD,2000,2419,0.0867,0.358
303031064,Rochedale - Burbank,1222.0,756.0,13092.0,QLD,1027,1241,0.0577,0.358
303031065,Upper Mount Gravatt,1636.0,1249.0,12081.0,QLD,1696,2051,0.1034,0.358
303031066,Wishart,1946.0,1463.0,11916.0,QLD,1987,2402,0.1228,0.358
303041067,Coopers Plains,738.0,528.0,6269.0,QLD,717,867,0.0842,0.358
303041068,Moorooka,1289.0,921.0,11665.0,QLD,1251,1512,0.079,0.358
303041069,Robertson,1062.0,850.0,5544.0,QLD,1154,1396,0.1533,0.358
303041070,Salisbury - Nathan,880.0,644.0,8181.0,QLD,875,1057,0.0787,0.358
303041071,Tarragindi,1460.0,1032.0,11593.0,QLD,1401,1695,0.089,0.358
303051072,Algester,1350.0,993.0,9975.0,QLD,1348,1631,0.0995,0.358
303051073,Calamvale - Stretton,3096.0,1994.0,25028.0,QLD,2708,3274,0.0797,0.358
303051074,Pallara - Willawong,788.0,442.0,15458.0,QLD,600,726,0.0286,0.358
303051075,Parkinson - Drewvale,2032.0,1328.0,16999.0,QLD,1803,2181,0.0781,0.358
303051076,Rocklea - Acacia Ridge,1304.0,929.0,10025.0,QLD,1262,1525,0.0927,0.358
303061077,Kuraby,1203.0,871.0,9402.0,QLD,1183,1430,0.0926,0.358
303061078,Runcorn,1849.0,1221.0,15478.0,QLD,1658,2005,0.0789,0.358
303061079,Sunnybank,1499.0,1073.0,10292.0,QLD,1457,1762,0.1043,0.358
303061080,Sunnybank Hills,3279.0,2338.0,19514.0,QLD,3175,3839,0.1198,0.358
304011081,Jindalee - Mount Ommaney,1534.0,1154.0,7865.0,QLD,1567,1895,0.1467,0.358
304011082,Middle Park - Jamboree Heights,1332.0,956.0,7351.0,QLD,1298,1570,0.1301,0.358
304011083,Riverhills,634.0,443.0,4265.0,QLD,602,727,0.1039,0.358
304011084,Seventeen Mile Rocks - Sinnamon Park,1961.0,1371.0,9923.0,QLD,1862,2251,0.1382,0.358
304011085,Westlake,955.0,628.0,4524.0,QLD,853,1031,0.1388,0.358
304021086,Bellbowrie - Moggill,1646.0,1233.0,11073.0,QLD,1674,2025,0.1114,0.358
304021087,Brookfield - Kenmore Hills,1505.0,1125.0,7228.0,QLD,1528,1847,0.1556,0.358
304021088,Chapel Hill,2080.0,1519.0,11170.0,QLD,2063,2494,0.136,0.358
304021089,Fig Tree Pocket,606.0,429.0,4608.0,QLD,583,704,0.0931,0.358
304021090,Kenmore,1570.0,1202.0,10067.0,QLD,1632,1974,0.1194,0.358
304021091,Pinjarra Hills - Pullenvale,1148.0,846.0,5885.0,QLD,1149,1389,0.1438,0.358
304031092,Chelmer - Graceville,1191.0,880.0,8059.0,QLD,1195,1445,0.1092,0.358
304031093,Corinda,1006.0,766.0,5608.0,QLD,1040,1258,0.1366,0.358
304031094,Indooroopilly,1921.0,1419.0,15122.0,QLD,1927,2330,0.0938,0.358
304031095,Sherwood,1150.0,846.0,6985.0,QLD,1149,1389,0.1211,0.358
304031096,St Lucia,1422.0,1059.0,14981.0,QLD,1438,1739,0.0707,0.358
304031097,Taringa,1347.0,1031.0,9998.0,QLD,1400,1693,0.1031,0.358
304041098,Enoggera,893.0,586.0,9881.0,QLD,796,962,0.0593,0.358
304041099,Enoggera Reservoir,8.0,6.0,33.0,QLD,8,10,0.1818,0.358
304041100,Keperra,1493.0,1253.0,7591.0,QLD,1702,2057,0.1651,0.358
304041101,Mitchelton,1200.0,859.0,9558.0,QLD,1167,1410,0.0899,0.358
304041102,Mount Coot-tha,0.0,0.0,0.0,QLD,0,0,0.0,0.358
304041103,The Gap,3086.0,2272.0,18147.0,QLD,3085,3731,0.1252,0.358
304041104,Upper Kedron - Ferny Grove,1604.0,1122.0,12642.0,QLD,1524,1842,0.0888,0.358
305011105,Brisbane City,1439.0,959.0,16884.0,QLD,1302,1575,0.0568,0.358
305011106,Fortitude Valley,442.0,310.0,11545.0,QLD,421,509,0.0269,0.358
305011107,Highgate Hill,813.0,545.0,7207.0,QLD,740,895,0.0756,0.358
305011108,Kangaroo Point,1547.0,1106.0,11909.0,QLD,1502,1816,0.0929,0.358
305011109,New Farm,2392.0,1655.0,13753.0,QLD,2247,2718,0.1203,0.358
305011110,South Brisbane,1057.0,709.0,17130.0,QLD,963,1164,0.0414,0.358
305011111,Spring Hill,496.0,297.0,8940.0,QLD,403,488,0.0332,0.358
305011112,West End,1729.0,1164.0,17456.0,QLD,1581,1911,0.0667,0.358
305021113,Balmoral,461.0,287.0,4845.0,QLD,390,471,0.0592,0.358
305021114,Bulimba,1125.0,773.0,7890.0,QLD,1050,1269,0.098,0.358
305021115,East Brisbane,614.0,426.0,6661.0,QLD,579,699,0.064,0.358
305021116,Hawthorne,482.0,304.0,5695.0,QLD,413,499,0.0534,0.358
305021117,Morningside - Seven Hills,1469.0,1012.0,15838.0,QLD,1374,1662,0.0639,0.358
305021118,Norman Park,732.0,481.0,7357.0,QLD,653,790,0.0654,0.358
305031119,Albion,639.0,503.0,4820.0,QLD,683,826,0.1044,0.358
305031120,Alderley,686.0,479.0,7218.0,QLD,650,787,0.0664,0.358
305031121,Ascot,1129.0,763.0,6318.0,QLD,1036,1253,0.1208,0.358
305031122,Clayfield,1592.0,1090.0,11622.0,QLD,1480,1790,0.0938,0.358
305031123,Grange,475.0,354.0,4926.0,QLD,481,581,0.0719,0.358
305031124,Hamilton (Qld),1269.0,914.0,7307.0,QLD,1241,1501,0.1251,0.358
305031125,Hendra,746.0,524.0,5178.0,QLD,712,860,0.1012,0.358
305031126,Kelvin Grove - Herston,668.0,487.0,12173.0,QLD,661,800,0.04,0.358
305031127,Newmarket,535.0,373.0,5419.0,QLD,507,612,0.0688,0.358
305031128,Newstead - Bowen Hills,2094.0,1520.0,20923.0,QLD,2064,2496,0.0726,0.358
305031129,Wilston,477.0,336.0,4145.0,QLD,456,552,0.0811,0.358
305031130,Windsor,721.0,474.0,8844.0,QLD,644,778,0.0536,0.358
305031131,Wooloowin - Lutwyche,1192.0,829.0,12131.0,QLD,1126,1361,0.0683,0.358
305041132,Ashgrove,1824.0,1285.0,14842.0,QLD,1745,2110,0.0866,0.358
305041133,Auchenflower,776.0,578.0,6123.0,QLD,785,949,0.0944,0.358
305041134,Bardon,1243.0,871.0,11096.0,QLD,1183,1430,0.0785,0.358
305041135,Paddington - Milton,1256.0,839.0,13272.0,QLD,1139,1378,0.0632,0.358
305041136,Red Hill (Qld),557.0,363.0,6678.0,QLD,493,596,0.0544,0.358
305041137,Toowong,1356.0,995.0,13665.0,QLD,1351,1634,0.0728,0.358
306011138,Brinsmead,814.0,484.0,5711.0,QLD,657,795,0.0847,0.358
306011139,Clifton Beach - Kewarra Beach,2890.0,1873.0,12587.0,QLD,2544,3075,0.1488,0.358
306011140,Freshwater - Stratford,619.0,404.0,3852.0,QLD,549,663,0.1049,0.358
306011141,Redlynch,1839.0,1235.0,14755.0,QLD,1677,2028,0.0837,0.358
306011142,Trinity Beach - Smithfield,2826.0,1869.0,19422.0,QLD,2538,3069,0.0962,0.358
306011143,Yorkeys Knob - Machans Beach,1420.0,920.0,6317.0,QLD,1249,1511,0.1456,0.358
306021144,Bentley Park,886.0,557.0,9142.0,QLD,756,915,0.0609,0.358
306021145,Cairns City,2027.0,1339.0,13509.0,QLD,1818,2199,0.0991,0.358
306021146,Earlville - Bayview Heights,2023.0,1515.0,8787.0,QLD,2057,2488,0.1724,0.358
306021147,Edmonton,1425.0,995.0,12239.0,QLD,1351,1634,0.0813,0.358
306021148,Gordonvale - Trinity,1654.0,1072.0,11119.0,QLD,1456,1760,0.0964,0.358
306021149,Kanimbla - Mooroobool,1789.0,1219.0,10319.0,QLD,1655,2002,0.1181,0.358
306021150,Lamb Range,0.0,0.0,6.0,QLD,0,0,0.0,0.358
306021151,Manoora,984.0,661.0,6333.0,QLD,898,1085,0.1044,0.358
306021152,Manunda,921.0,666.0,5345.0,QLD,904,1094,0.1246,0.358
306021153,Mount Sheridan,1260.0,823.0,9024.0,QLD,1118,1351,0.0912,0.358
306021154,Westcourt - Bungalow,1194.0,843.0,6833.0,QLD,1145,1384,0.1234,0.358
306021155,White Rock,826.0,597.0,5180.0,QLD,811,980,0.1153,0.358
306021156,Whitfield - Edge Hill,1680.0,1250.0,8603.0,QLD,1698,2052,0.1453,0.358
306021157,Woree,963.0,644.0,5256.0,QLD,875,1057,0.1225,0.358
306031158,Babinda,1203.0,804.0,4719.0,QLD,1092,1320,0.1704,0.358
306031159,Innisfail,2122.0,1533.0,9467.0,QLD,2082,2517,0.1619,0.358
306031160,Johnstone,1935.0,1246.0,8244.0,QLD,1692,2046,0.1511,0.358
306031161,Tully,3115.0,2079.0,11722.0,QLD,2823,3414,0.1774,0.358
306031162,Wooroonooran,0.0,0.0,3.0,QLD,0,0,0.0,0.358
306031163,Yarrabah,186.0,129.0,2659.0,QLD,175,212,0.0485,0.358
306041164,Daintree,1531.0,1047.0,6979.0,QLD,1422,1719,0.15,0.358
306041165,Port Douglas,1295.0,851.0,5995.0,QLD,1156,1397,0.142,0.358
306051166,Atherton,3221.0,2372.0,12342.0,QLD,3221,3895,0.1922,0.358
306051167,Herberton,1595.0,1055.0,5703.0,QLD,1433,1732,0.185,0.358
306051168,Kuranda,1118.0,738.0,5040.0,QLD,1002,1212,0.1464,0.358
306051169,Malanda - Yungaburra,2763.0,1917.0,9585.0,QLD,2603,3148,0.2,0.358
306051170,Mareeba,2812.0,2089.0,12602.0,QLD,2837,3430,0.1658,0.358
307011171,Balonne,753.0,534.0,4356.0,QLD,725,877,0.1226,0.358
307011172,Chinchilla,1483.0,1051.0,9117.0,QLD,1427,1726,0.1153,0.358
307011173,Goondiwindi,1194.0,867.0,6308.0,QLD,1177,1424,0.1374,0.358
307011174,Inglewood - Waggamba,951.0,653.0,4178.0,QLD,887,1072,0.1563,0.358
307011175,Miles - Wandoan,849.0,602.0,4357.0,QLD,818,988,0.1382,0.358
307011176,Roma,984.0,676.0,7123.0,QLD,918,1110,0.0949,0.358
307011177,Roma Surrounds,1283.0,893.0,6248.0,QLD,1213,1466,0.1429,0.358
307011178,Tara,860.0,560.0,4000.0,QLD,760,920,0.14,0.358
307021179,Crows Nest - Rosalie,2762.0,1961.0,9726.0,QLD,2663,3220,0.2016,0.358
307021180,Jondaryan,1498.0,983.0,7835.0,QLD,1335,1614,0.1255,0.358
307021181,Millmerran,764.0,509.0,3328.0,QLD,691,836,0.1529,0.358
307021182,Pittsworth,1330.0,987.0,5927.0,QLD,1340,1621,0.1665,0.358
307021183,Wambo,3170.0,2186.0,17791.0,QLD,2969,3589,0.1229,0.358
307031184,Clifton - Greenmount,1302.0,944.0,5364.0,QLD,1282,1550,0.176,0.358
307031185,Southern Downs - East,1307.0,905.0,4594.0,QLD,1229,1486,0.197,0.358
307031186,Southern Downs - West,1427.0,991.0,5255.0,QLD,1346,1627,0.1886,0.358
307031187,Stanthorpe,1762.0,1296.0,5455.0,QLD,1760,2128,0.2376,0.358
307031188,Stanthorpe Surrounds,1785.0,1252.0,6499.0,QLD,1700,2056,0.1926,0.358
307031189,Warwick,4148.0,3081.0,16156.0,QLD,4184,5059,0.1907,0.358
308011190,Central Highlands - East,553.0,342.0,7586.0,QLD,464,562,0.0451,0.358
308011191,Central Highlands - West,1392.0,957.0,7666.0,QLD,1300,1571,0.1248,0.358
308011192,Emerald,1279.0,765.0,15182.0,QLD,1039,1256,0.0504,0.358
308031205,Berserker,1156.0,806.0,7257.0,QLD,1095,1323,0.1111,0.358
308031206,Bouldercombe,462.0,307.0,1980.0,QLD,417,504,0.1551,0.358
308031207,Emu Park,1777.0,1259.0,6242.0,QLD,1710,2067,0.2017,0.358
308031208,Frenchville - Mount Archer,1654.0,1178.0,9242.0,QLD,1600,1934,0.1275,0.358
308031209,Glenlee - Rockyview,838.0,530.0,5788.0,QLD,720,870,0.0916,0.358
308031210,Gracemere,1681.0,1086.0,13193.0,QLD,1475,1783,0.0823,0.358
308031211,Lakes Creek,768.0,536.0,5039.0,QLD,728,880,0.1064,0.358
308031212,Mount Morgan,928.0,626.0,3064.0,QLD,850,1028,0.2043,0.358
308031213,Norman Gardens,1943.0,1344.0,11204.0,QLD,1825,2207,0.12,0.358
308031214,Park Avenue,986.0,762.0,5516.0,QLD,1035,1251,0.1381,0.358
308031215,Parkhurst - Kawana,1192.0,815.0,8000.0,QLD,1107,1338,0.1019,0.358
308031216,Rockhampton - West,1238.0,910.0,6107.0,QLD,1236,1494,0.149,0.358
308031217,Rockhampton City,588.0,398.0,3381.0,QLD,540,654,0.1177,0.358
308031218,Rockhampton Surrounds - East,828.0,527.0,3711.0,QLD,716,865,0.142,0.358
308031219,Rockhampton Surrounds - North,989.0,626.0,4966.0,QLD,850,1028,0.1261,0.358
308031220,Rockhampton Surrounds - West,598.0,400.0,3202.0,QLD,543,657,0.1249,0.358
308031221,Shoalwater Bay,13.0,13.0,22.0,QLD,18,21,0.5909,0.358
308031222,The Range - Allenstown,1396.0,1062.0,8149.0,QLD,1442,1744,0.1303,0.358
308031223,Yeppoon,4724.0,3252.0,22120.0,QLD,4416,5340,0.147,0.358
308041528,Banana,1695.0,1154.0,9206.0,QLD,1567,1895,0.1254,0.358
308041529,Biloela,815.0,572.0,5847.0,QLD,777,939,0.0978,0.358
308051530,Agnes Water - Miriam Vale,1914.0,1179.0,7886.0,QLD,1601,1936,0.1495,0.358
308051531,Boyne Island - Tannum Sands,1626.0,1056.0,10626.0,QLD,1434,1734,0.0994,0.358
308051532,Callemondah,20.0,16.0,33.0,QLD,22,26,0.4848,0.358
308051533,Clinton - New Auckland,1689.0,1083.0,15175.0,QLD,1471,1778,0.0714,0.358
308051534,Gladstone,1038.0,669.0,6709.0,QLD,909,1098,0.0997,0.358
308051535,Gladstone Hinterland,1901.0,1222.0,12158.0,QLD,1659,2007,0.1005,0.358
308051536,Kin Kora - Sun Valley,542.0,370.0,3578.0,QLD,502,608,0.1034,0.358
308051537,South Trees,0.0,0.0,0.0,QLD,0,0,0.0,0.358
308051538,Telina - Toolooa,723.0,426.0,6767.0,QLD,579,699,0.063,0.358
308051539,West Gladstone,906.0,608.0,5133.0,QLD,826,998,0.1184,0.358
309011224,Broadbeach Waters,1642.0,1221.0,8916.0,QLD,1658,2005,0.1369,0.358
309011225,Burleigh Heads,2189.0,1570.0,9833.0,QLD,2132,2578,0.1597,0.358
309011226,Burleigh Waters,3002.0,2315.0,15110.0,QLD,3144,3801,0.1532,0.358
309011227,Mermaid Beach - Broadbeach,3047.0,2138.0,15863.0,QLD,2903,3511,0.1348,0.358
309011228,Mermaid Waters,2712.0,2019.0,14359.0,QLD,2742,3315,0.1406,0.358
309011229,Miami,1334.0,969.0,8313.0,QLD,1316,1591,0.1166,0.358
309021230,Coolangatta,1779.0,1261.0,7074.0,QLD,1712,2071,0.1783,0.358
309021231,Currumbin - Tugun,2455.0,1665.0,13217.0,QLD,2261,2734,0.126,0.358
309021232,Currumbin Waters,2028.0,1512.0,10183.0,QLD,2053,2483,0.1485,0.358
309021233,Elanora,2586.0,1946.0,13221.0,QLD,2643,3195,0.1472,0.358
309021234,Palm Beach,3201.0,2214.0,18151.0,QLD,3007,3635,0.122,0.358
309031235,Arundel,2335.0,1768.0,11919.0,QLD,2401,2903,0.1483,0.358
309031236,Biggera Waters,2426.0,1730.0,10838.0,QLD,2349,2841,0.1596,0.358
309031237,Coombabah,3523.0,2782.0,10773.0,QLD,3778,4568,0.2582,0.358
309031238,Labrador,4395.0,3200.0,19529.0,QLD,4346,5254,0.1639,0.358
309031239,Paradise Point - Hollywell,3270.0,2432.0,10659.0,QLD,3303,3993,0.2282,0.358
309031240,Runaway Bay,3262.0,2592.0,9657.0,QLD,3520,4256,0.2684,0.358
309041241,Guanaba - Springbrook,883.0,542.0,4638.0,QLD,736,890,0.1169,0.358
309041242,Tamborine - Canungra,3708.0,2543.0,16628.0,QLD,3453,4176,0.1529,0.358
309051243,Currumbin Valley - Tallebudgera,1468.0,951.0,8044.0,QLD,1291,1562,0.1182,0.358
309051244,Mudgeeraba - Bonogin,3027.0,2102.0,20571.0,QLD,2855,3451,0.1022,0.358
309051245,Reedy Creek - Andrews,1098.0,773.0,9489.0,QLD,1050,1269,0.0815,0.358
309061246,Carrara,3038.0,2228.0,14145.0,QLD,3026,3658,0.1575,0.358
309061247,Highland Park,1632.0,1212.0,8793.0,QLD,1646,1990,0.1378,0.358
309061248,Nerang - Mount Nathan,4191.0,3126.0,22316.0,QLD,4245,5133,0.1401,0.358
309061249,Pacific Pines - Gaven,2063.0,1332.0,19170.0,QLD,1809,2187,0.0695,0.358
309061250,Worongary - Tallai,1583.0,1073.0,8932.0,QLD,1457,1762,0.1201,0.358
309071251,Coomera,1644.0,1032.0,23797.0,QLD,1401,1695,0.0434,0.358
309071252,Helensvale,3530.0,2547.0,20815.0,QLD,3459,4182,0.1224,0.358
309071253,Hope Island,4827.0,3547.0,17592.0,QLD,4817,5824,0.2016,0.358
309071254,Jacobs Well - Alberton,961.0,606.0,5397.0,QLD,823,995,0.1123,0.358
309071256,Oxenford - Maudsland,2310.0,1517.0,19545.0,QLD,2060,2491,0.0776,0.358
309071552,Ormeau (East) - Stapylton,1191.0,858.0,11760.0,QLD,1165,1409,0.073,0.358
309071553,Ormeau (West) - Yatala,1446.0,925.0,12831.0,QLD,1256,1519,0.0721,0.358
309071554,Pimpama - North,1787.0,1298.0,13249.0,QLD,1763,2131,0.098,0.358
309071555,Pimpama - South,471.0,272.0,12687.0,QLD,369,447,0.0214,0.358
309071556,Upper Coomera (South) - Wongawallan,1311.0,869.0,12315.0,QLD,1180,1427,0.0706,0.358
309071557,Upper Coomera - North,2117.0,1494.0,21776.0,QLD,2029,2453,0.0686,0.358
309071558,Willow Vale - Pimpama (West),579.0,341.0,8374.0,QLD,463,560,0.0407,0.358
309081259,Clear Island Waters,1275.0,1012.0,4528.0,QLD,1374,1662,0.2235,0.358
309081260,Merrimac,1172.0,870.0,7390.0,QLD,1181,1429,0.1177,0.358
309081262,Varsity Lakes,2407.0,1750.0,18082.0,QLD,2376,2874,0.0968,0.358
309081559,Robina - East,3350.0,2456.0,18119.0,QLD,3335,4033,0.1355,0.358
309081560,Robina - West,2072.0,1598.0,9589.0,QLD,2170,2624,0.1666,0.358
309091263,Ashmore,2740.0,2159.0,12820.0,QLD,2932,3545,0.1684,0.358
309091264,Molendinar,854.0,601.0,6708.0,QLD,816,987,0.0896,0.358
309091265,Parkwood,1304.0,833.0,9145.0,QLD,1131,1368,0.0911,0.358
309091540,Southport - North,3475.0,2656.0,20057.0,QLD,3607,4361,0.1324,0.358
309091541,Southport - South,3930.0,2892.0,19921.0,QLD,3927,4749,0.1452,0.358
309101267,Benowa,2353.0,1723.0,10660.0,QLD,2340,2829,0.1616,0.358
309101268,Bundall,810.0,558.0,5080.0,QLD,758,916,0.1098,0.358
309101269,Main Beach,1624.0,1222.0,4225.0,QLD,1659,2007,0.2892,0.358
309101561,Surfers Paradise - North,3425.0,2526.0,14341.0,QLD,3430,4148,0.1761,0.358
309101562,Surfers Paradise - South,3297.0,2332.0,16873.0,QLD,3167,3829,0.1382,0.358
310011271,Darra - Sumner,661.0,409.0,5012.0,QLD,555,672,0.0816,0.358
310011272,Durack,1866.0,1395.0,8743.0,QLD,1894,2291,0.1596,0.358
310011274,Inala - Richlands,2536.0,1682.0,21363.0,QLD,2284,2762,0.0787,0.358
310011275,Oxley (Qld),1136.0,822.0,9387.0,QLD,1116,1350,0.0876,0.358
310011276,Wacol,469.0,285.0,6908.0,QLD,387,468,0.0413,0.358
310011563,Doolandella,770.0,485.0,9788.0,QLD,659,796,0.0496,0.358
310011564,Forest Lake - Ellen Grove,3171.0,2119.0,24020.0,QLD,2878,3479,0.0882,0.358
310021277,Boonah,3423.0,2443.0,13294.0,QLD,3318,4011,0.1838,0.358
310021278,Esk,1748.0,1230.0,5210.0,QLD,1670,2020,0.2361,0.358
310021279,Lake Manchester - England Creek,0.0,0.0,0.0,QLD,0,0,0.0,0.358
310021280,Lockyer Valley - East,4236.0,2975.0,23498.0,QLD,4040,4885,0.1266,0.358
310021281,Lowood,2854.0,1864.0,15256.0,QLD,2531,3061,0.1222,0.358
310021282,Rosewood,2613.0,1817.0,15987.0,QLD,2467,2984,0.1137,0.358
310031283,Brassall,2129.0,1535.0,12966.0,QLD,2085,2520,0.1184,0.358
310031284,Bundamba,1464.0,1051.0,10193.0,QLD,1427,1726,0.1031,0.358
310031285,Churchill - Yamanto,1047.0,709.0,7150.0,QLD,963,1164,0.0992,0.358
310031286,Ipswich - Central,1205.0,814.0,6920.0,QLD,1105,1337,0.1176,0.358
310031287,Ipswich - East,3341.0,2353.0,18923.0,QLD,3195,3864,0.1243,0.358
310031288,Ipswich - North,678.0,423.0,4659.0,QLD,574,695,0.0908,0.358
310031289,Karalee - Barellan Point,975.0,623.0,7212.0,QLD,846,1023,0.0864,0.358
310031290,Karana Downs,971.0,652.0,6254.0,QLD,885,1071,0.1043,0.358
310031291,Leichhardt - One Mile,1154.0,778.0,8790.0,QLD,1057,1277,0.0885,0.358
310031292,North Ipswich - Tivoli,1366.0,994.0,6611.0,QLD,1350,1632,0.1504,0.358
310031293,Raceview,2641.0,1917.0,16268.0,QLD,2603,3148,0.1178,0.358
310031294,Ripley,969.0,603.0,20406.0,QLD,819,990,0.0296,0.358
310031295,Riverview,571.0,436.0,3172.0,QLD,592,716,0.1375,0.358
310041297,Camira - Gailes,1418.0,952.0,9726.0,QLD,1293,1563,0.0979,0.358
310041298,Carole Park,0.0,0.0,7.0,QLD,0,0,0.0,0.358
310041299,Collingwood Park - Redbank,1364.0,896.0,14132.0,QLD,1217,1471,0.0634,0.358
310041300,Goodna,1361.0,935.0,11376.0,QLD,1270,1535,0.0822,0.358
310041301,New Chum,3.0,3.0,3.0,QLD,4,5,1.0,0.358
310041302,Redbank Plains,2108.0,1325.0,28189.0,QLD,1799,2176,0.047,0.358
310041303,Springfield,626.0,395.0,8394.0,QLD,536,649,0.0471,0.358
310041304,Springfield Lakes,1495.0,965.0,28313.0,QLD,1310,1585,0.0341,0.358
310041565,Augustine Heights - Brookwater,529.0,327.0,10054.0,QLD,444,537,0.0325,0.358
310041566,Bellbird Park,939.0,600.0,10595.0,QLD,815,985,0.0566,0.358
311011305,Beaudesert,3766.0,2646.0,16114.0,QLD,3593,4345,0.1642,0.358
311021306,Beenleigh,1444.0,1019.0,8938.0,QLD,1384,1673,0.114,0.358
311021307,Eagleby,3079.0,2431.0,14343.0,QLD,3301,3992,0.1695,0.358
311021308,Edens Landing - Holmview,998.0,689.0,11184.0,QLD,936,1131,0.0616,0.358
311021309,Mount Warren Park,1241.0,909.0,5988.0,QLD,1234,1493,0.1518,0.358
311021310,Wolffdene - Bahrs Scrub,1252.0,830.0,12005.0,QLD,1127,1363,0.0691,0.358
311031311,Boronia Heights - Park Ridge,3139.0,2300.0,25707.0,QLD,3123,3777,0.0895,0.358
311031312,Browns Plains,839.0,536.0,9212.0,QLD,728,880,0.0582,0.358
311031313,Chambers Flat - Logan Reserve,1735.0,1177.0,15106.0,QLD,1598,1933,0.0779,0.358
311031314,Crestmead,1120.0,670.0,12827.0,QLD,910,1100,0.0522,0.358
311031315,Greenbank Military Camp,0.0,0.0,0.0,QLD,0,0,0.0,0.358
311031316,Hillcrest,1228.0,795.0,9850.0,QLD,1080,1305,0.0807,0.358
311031317,Marsden,1504.0,980.0,17319.0,QLD,1331,1609,0.0566,0.358
311031318,Munruben - Park Ridge South,735.0,438.0,4558.0,QLD,595,719,0.0961,0.358
311031319,Regents Park - Heritage Park,1998.0,1133.0,17046.0,QLD,1539,1860,0.0665,0.358
311041322,Logan Village,1849.0,1319.0,9649.0,QLD,1791,2166,0.1367,0.358
311041567,Flagstone (East) - Riverbend,761.0,482.0,7132.0,QLD,655,791,0.0676,0.358
311041568,Flagstone (West) - New Beith,1006.0,615.0,12381.0,QLD,835,1010,0.0497,0.358
311041569,Greenbank - North Maclean,1235.0,827.0,11150.0,QLD,1123,1358,0.0742,0.358
311041570,Jimboomba - Glenlogan,2569.0,1619.0,20720.0,QLD,2199,2658,0.0781,0.358
311041571,Yarrabilba,701.0,430.0,14641.0,QLD,584,706,0.0294,0.358
311051323,Bethania - Waterford,2710.0,2184.0,13051.0,QLD,2966,3586,0.1673,0.358
311051324,Cornubia - Carbrook,1658.0,1107.0,9465.0,QLD,1503,1818,0.117,0.358
311051325,Loganholme - Tanah Merah,1537.0,1038.0,12574.0,QLD,1410,1704,0.0826,0.358
311051326,Loganlea,1440.0,945.0,12808.0,QLD,1283,1552,0.0738,0.358
311051327,Shailer Park,1974.0,1235.0,12640.0,QLD,1677,2028,0.0977,0.358
311051328,Waterford West,1429.0,1071.0,8496.0,QLD,1454,1759,0.1261,0.358
311061329,Daisy Hill,1092.0,739.0,7403.0,QLD,1004,1213,0.0998,0.358
311061330,Kingston (Qld),1351.0,938.0,11126.0,QLD,1274,1540,0.0843,0.358
311061331,Logan Central,861.0,599.0,6590.0,QLD,813,984,0.0909,0.358
311061332,Rochedale South - Priestdale,2513.0,1846.0,16050.0,QLD,2507,3031,0.115,0.358
311061333,Slacks Creek,1545.0,1061.0,10761.0,QLD,1441,1742,0.0986,0.358
311061334,Springwood,1917.0,1403.0,10302.0,QLD,1905,2304,0.1362,0.358
311061335,Underwood,763.0,503.0,7415.0,QLD,683,826,0.0678,0.358
311061336,Woodridge,1917.0,1379.0,13902.0,QLD,1873,2264,0.0992,0.358
312011337,Bowen,2180.0,1503.0,11054.0,QLD,2041,2468,0.136,0.358
312011338,Broadsound - Nebo,902.0,497.0,9177.0,QLD,675,816,0.0542,0.358
312011339,Clermont,552.0,372.0,4047.0,QLD,505,611,0.0919,0.358
312011340,Collinsville,816.0,505.0,3996.0,QLD,686,829,0.1264,0.358
312011341,Moranbah,329.0,148.0,9973.0,QLD,201,243,0.0148,0.358
312021342,Andergrove - Beaconsfield,2791.0,1926.0,16860.0,QLD,2616,3162,0.1142,0.358
312021343,East Mackay,671.0,479.0,3864.0,QLD,650,787,0.124,0.358
312021344,Eimeo - Rural View,1386.0,797.0,14796.0,QLD,1082,1309,0.0539,0.358
312021345,Eungella Hinterland,3.0,1.0,9.0,QLD,1,2,0.1111,0.358
312021346,Mackay,593.0,385.0,4159.0,QLD,523,632,0.0926,0.358
312021347,Mackay Harbour,156.0,82.0,668.0,QLD,111,135,0.1228,0.358
312021348,Mount Pleasant - Glenella,2088.0,1503.0,12028.0,QLD,2041,2468,0.125,0.358
312021349,North Mackay,1283.0,957.0,6414.0,QLD,1300,1571,0.1492,0.358
312021350,Ooralea - Bakers Creek,886.0,573.0,6514.0,QLD,778,941,0.088,0.358
312021351,Pioneer Valley,1278.0,843.0,9363.0,QLD,1145,1384,0.09,0.358
312021352,Sarina,2378.0,1550.0,12409.0,QLD,2105,2545,0.1249,0.358
312021353,Seaforth - Calen,1800.0,1180.0,8657.0,QLD,1602,1938,0.1363,0.358
312021354,Shoal Point - Bucasia,803.0,499.0,6530.0,QLD,678,819,0.0764,0.358
312021355,Slade Point,637.0,404.0,3666.0,QLD,549,663,0.1102,0.358
312021356,South Mackay,1330.0,949.0,7190.0,QLD,1289,1558,0.132,0.358
312021357,Walkerston - Eton,1421.0,954.0,8730.0,QLD,1296,1566,0.1093,0.358
312021358,West Mackay,1268.0,874.0,6504.0,QLD,1187,1435,0.1344,0.358
312031359,Airlie - Whitsundays,1989.0,1173.0,16280.0,QLD,1593,1926,0.0721,0.358
312031360,Cape Conway,0.0,0.0,0.0,QLD,0,0,0.0,0.358
312031361,Proserpine,2006.0,1350.0,9414.0,QLD,1833,2217,0.1434,0.358
313011362,Beachmere - Sandstone Point,6144.0,4608.0,17652.0,QLD,6258,7566,0.261,0.358
313011363,Bribie Island,10499.0,7987.0,22137.0,QLD,10846,13115,0.3608,0.358
313021364,Burpengary - East,957.0,671.0,8721.0,QLD,911,1102,0.0769,0.358
313021366,Caboolture - South,4379.0,3232.0,27015.0,QLD,4389,5307,0.1196,0.358
313021367,Elimbah,687.0,468.0,4606.0,QLD,636,768,0.1016,0.358
313021368,Morayfield - East,1765.0,1238.0,13292.0,QLD,1681,2033,0.0931,0.358
313021369,Wamuran,856.0,570.0,4484.0,QLD,774,936,0.1271,0.358
313021572,Caboolture - East,2942.0,2093.0,19529.0,QLD,2842,3437,0.1072,0.358
313021573,Caboolture - West,2561.0,1894.0,14299.0,QLD,2572,3110,0.1325,0.358
313031370,Kilcoy,1365.0,933.0,6107.0,QLD,1267,1532,0.1528,0.358
313031371,Woodford - D`Aguilar,1818.0,1209.0,10429.0,QLD,1642,1985,0.1159,0.358
313041372,Burpengary,2851.0,1913.0,18503.0,QLD,2598,3141,0.1034,0.358
313041373,Deception Bay,5437.0,4049.0,24188.0,QLD,5499,6648,0.1674,0.358
313041374,Morayfield,925.0,607.0,6822.0,QLD,824,997,0.089,0.358
313041375,Narangba,2259.0,1535.0,23135.0,QLD,2085,2520,0.0663,0.358
313041376,Upper Caboolture,667.0,419.0,3538.0,QLD,569,688,0.1184,0.358
313051377,Clontarf,1923.0,1400.0,8869.0,QLD,1901,2299,0.1579,0.358
313051378,Margate - Woody Point,3181.0,2265.0,12579.0,QLD,3076,3719,0.1801,0.358
313051379,Redcliffe,3610.0,2654.0,11079.0,QLD,3604,4358,0.2396,0.358
313051380,Rothwell - Kippa-Ring,4321.0,3386.0,17628.0,QLD,4598,5560,0.1921,0.358
313051574,Moreton Island,48.0,40.0,333.0,QLD,54,66,0.1201,0.358
313051575,Scarborough - Newport,4818.0,3478.0,17587.0,QLD,4723,5711,0.1978,0.358
314011382,Albany Creek,3004.0,2150.0,17299.0,QLD,2920,3530,0.1243,0.358
314011383,Cashmere,2381.0,1535.0,21158.0,QLD,2085,2520,0.0725,0.358
314011384,Dayboro,1817.0,1194.0,9956.0,QLD,1621,1961,0.1199,0.358
314011385,Eatons Hill,940.0,609.0,8022.0,QLD,827,1000,0.0759,0.358
314011386,The Hills District,3666.0,2694.0,25967.0,QLD,3658,4424,0.1037,0.358
314011387,Samford Valley,2615.0,1774.0,13100.0,QLD,2409,2913,0.1354,0.358
314021389,Murrumba Downs - Griffin,2678.0,1902.0,26616.0,QLD,2583,3123,0.0715,0.358
314021576,Dakabin,483.0,291.0,5969.0,QLD,395,478,0.0488,0.358
314021577,Kallangur,3370.0,2420.0,23364.0,QLD,3286,3974,0.1036,0.358
314021578,Mango Hill,1295.0,891.0,17546.0,QLD,1210,1463,0.0508,0.358
314021579,North Lakes,2705.0,1943.0,24454.0,QLD,2639,3190,0.0795,0.358
314031391,Bray Park,1629.0,1141.0,10743.0,QLD,1549,1874,0.1062,0.358
314031392,Lawnton,1050.0,743.0,7934.0,QLD,1009,1220,0.0936,0.358
314031393,Petrie,1271.0,818.0,9128.0,QLD,1111,1343,0.0896,0.358
314031394,Strathpine - Brendale,2348.0,1673.0,15146.0,QLD,2272,2747,0.1105,0.358
315011395,Aurukun,71.0,51.0,1163.0,QLD,69,84,0.0439,0.358
315011396,Cape York,1185.0,755.0,8391.0,QLD,1025,1240,0.09,0.358
315011397,Croydon - Etheridge,220.0,166.0,997.0,QLD,225,273,0.1665,0.358
315011398,Kowanyama - Pormpuraaw,139.0,90.0,1798.0,QLD,122,148,0.0501,0.358
315011399,Northern Peninsula,181.0,89.0,2928.0,QLD,121,146,0.0304,0.358
315011400,Tablelands,1229.0,798.0,6361.0,QLD,1084,1310,0.1255,0.358
315011401,Torres,332.0,187.0,3495.0,QLD,254,307,0.0535,0.358
315011402,Torres Strait Islands,377.0,210.0,4289.0,QLD,285,345,0.049,0.358
315011403,Weipa,171.0,82.0,4281.0,QLD,111,135,0.0192,0.358
315021404,Carpentaria,524.0,310.0,5238.0,QLD,421,509,0.0592,0.358
315021405,Mount Isa,1553.0,995.0,18356.0,QLD,1351,1634,0.0542,0.358
315021406,Mount Isa Surrounds,483.0,284.0,4309.0,QLD,386,466,0.0659,0.358
315021407,Northern Highlands,551.0,365.0,3192.0,QLD,496,599,0.1143,0.358
315031408,Barcaldine - Blackall,1103.0,776.0,4886.0,QLD,1054,1274,0.1588,0.358
315031409,Charleville,844.0,542.0,3992.0,QLD,736,890,0.1358,0.358
315031410,Far Central West,424.0,284.0,2208.0,QLD,386,466,0.1286,0.358
315031411,Far South West,543.0,348.0,2785.0,QLD,473,571,0.125,0.358
315031412,Longreach,668.0,437.0,3758.0,QLD,593,718,0.1163,0.358
316011413,Buderim - North,6018.0,4691.0,19760.0,QLD,6370,7703,0.2374,0.358
316011414,Buderim - South,3495.0,2562.0,18313.0,QLD,3479,4207,0.1399,0.358
316011415,Mountain Creek,1511.0,1026.0,12310.0,QLD,1393,1685,0.0833,0.358
316011416,Sippy Downs,2040.0,1662.0,12569.0,QLD,2257,2729,0.1322,0.358
316021417,Aroona - Currimundi,2339.0,1701.0,10281.0,QLD,2310,2793,0.1655,0.358
316021418,Buddina - Minyama,1823.0,1312.0,7199.0,QLD,1782,2154,0.1822,0.358
316021419,Caloundra - Kings Beach,2388.0,1784.0,7065.0,QLD,2423,2929,0.2525,0.358
316021421,Golden Beach - Pelican Waters,4972.0,3744.0,13987.0,QLD,5084,6148,0.2677,0.358
316021422,Moffat Beach - Battery Hill,2049.0,1475.0,8285.0,QLD,2003,2422,0.178,0.358
316021423,Parrearra - Warana,2750.0,1999.0,11115.0,QLD,2715,3282,0.1798,0.358
316021424,Wurtulla - Birtinya,2134.0,1499.0,11610.0,QLD,2036,2461,0.1291,0.358
316021580,Caloundra West - Baringa,2473.0,1641.0,21953.0,QLD,2228,2695,0.0748,0.358
316021581,Meridan Plains - Little Mountain (North),3607.0,2928.0,15037.0,QLD,3976,4808,0.1947,0.358
316031425,Coolum Beach,3490.0,2335.0,16992.0,QLD,3171,3834,0.1374,0.358
316031426,Marcoola - Mudjimba,3376.0,2405.0,12553.0,QLD,3266,3949,0.1916,0.358
316031427,Maroochydore - Kuluin,6865.0,5102.0,25351.0,QLD,6929,8377,0.2013,0.358
316031428,Mooloolaba - Alexandra Headland,2951.0,2057.0,13075.0,QLD,2793,3378,0.1573,0.358
316051434,Noosa Heads,1699.0,1274.0,5291.0,QLD,1730,2092,0.2408,0.358
316051435,Noosaville,3672.0,2838.0,9623.0,QLD,3854,4660,0.2949,0.358
316051437,Sunshine Beach,1520.0,1032.0,7443.0,QLD,1401,1695,0.1387,0.358
316051438,Tewantin,3396.0,2583.0,10691.0,QLD,3508,4241,0.2416,0.358
316051543,Peregian Beach - Marcus Beach,883.0,594.0,4355.0,QLD,807,975,0.1364,0.358
316051544,Peregian Springs,1948.0,1458.0,11859.0,QLD,1980,2394,0.1229,0.358
316061439,Beerwah,2006.0,1380.0,9878.0,QLD,1874,2266,0.1397,0.358
316061440,Caloundra Hinterland,3444.0,2484.0,9304.0,QLD,3373,4079,0.267,0.358
316061441,Glass House Mountains,1466.0,1055.0,7194.0,QLD,1433,1732,0.1466,0.358
316061442,Landsborough,2421.0,1601.0,20622.0,QLD,2174,2629,0.0776,0.358
316061443,Maroochy Hinterland,2127.0,1451.0,7316.0,QLD,1970,2383,0.1983,0.358
316061444,Palmwoods,2811.0,1916.0,13207.0,QLD,2602,3146,0.1451,0.358
316071545,Bli Bli,2552.0,1942.0,11834.0,QLD,2637,3189,0.1641,0.358
316071546,Diddillibah - Rosemount,1101.0,807.0,4690.0,QLD,1096,1325,0.1721,0.358
316071547,Eumundi - Yandina,2387.0,1563.0,13501.0,QLD,2123,2566,0.1158,0.358
316071548,Nambour,4361.0,3138.0,24367.0,QLD,4261,5153,0.1288,0.358
316081549,Noosa Hinterland,6505.0,4439.0,25972.0,QLD,6028,7289,0.1709,0.358
317011445,Cambooya - Wyreema,1204.0,758.0,8732.0,QLD,1029,1245,0.0868,0.358
317011446,Darling Heights,2842.0,2191.0,16099.0,QLD,2975,3598,0.1361,0.358
317011447,Drayton - Harristown,2585.0,2035.0,11401.0,QLD,2764,3341,0.1785,0.358
317011448,Gatton,1396.0,1014.0,8756.0,QLD,1377,1665,0.1158,0.358
317011449,Gowrie (Qld),939.0,571.0,7886.0,QLD,775,938,0.0724,0.358
317011450,Highfields,3638.0,2557.0,16336.0,QLD,3472,4199,0.1565,0.358
317011451,Lockyer Valley - West,2222.0,1481.0,12806.0,QLD,2011,2432,0.1156,0.358
317011452,Middle Ridge,1844.0,1343.0,8120.0,QLD,1824,2205,0.1654,0.358
317011453,Newtown (Qld),1841.0,1345.0,10650.0,QLD,1827,2208,0.1263,0.358
317011454,North Toowoomba - Harlaxton,1062.0,738.0,6607.0,QLD,1002,1212,0.1117,0.358
317011455,Rangeville,2135.0,1629.0,8849.0,QLD,2212,2675,0.1841,0.358
317011456,Toowoomba - Central,2523.0,1831.0,14369.0,QLD,2486,3007,0.1274,0.358
317011457,Toowoomba - East,2102.0,1510.0,10812.0,QLD,2051,2479,0.1397,0.358
317011458,Toowoomba - West,2792.0,1984.0,17587.0,QLD,2694,3258,0.1128,0.358
317011459,Wilsonton,3779.0,2948.0,14639.0,QLD,4003,4841,0.2014,0.358
318011460,Ayr,2326.0,1691.0,9250.0,QLD,2296,2777,0.1828,0.358
318011461,Burdekin,1895.0,1315.0,7903.0,QLD,1786,2159,0.1664,0.358
318011462,Charters Towers,1789.0,1333.0,8159.0,QLD,1810,2189,0.1634,0.358
318011463,Dalrymple,887.0,583.0,3881.0,QLD,792,957,0.1502,0.358
318011464,Ingham,1235.0,932.0,4507.0,QLD,1266,1530,0.2068,0.358
318011465,Ingham Surrounds,2082.0,1503.0,6655.0,QLD,2041,2468,0.2258,0.358
318011466,Palm Island,160.0,88.0,2287.0,QLD,120,144,0.0385,0.358
318021467,Aitkenvale,782.0,541.0,4875.0,QLD,735,888,0.111,0.358
318021468,Annandale (Qld),1395.0,903.0,10353.0,QLD,1226,1483,0.0872,0.358
318021469,Belgian Gardens - Pallarenda,713.0,538.0,3215.0,QLD,731,883,0.1673,0.358
318021470,Bohle Plains,1058.0,692.0,10000.0,QLD,940,1136,0.0692,0.358
318021471,Condon - Rasmussen,2059.0,1534.0,11360.0,QLD,2083,2519,0.135,0.358
318021472,Cranbrook,1267.0,953.0,6075.0,QLD,1294,1565,0.1569,0.358
318021474,Douglas,737.0,478.0,8371.0,QLD,649,785,0.0571,0.358
318021475,Garbutt - West End,1122.0,781.0,6603.0,QLD,1061,1282,0.1183,0.358
318021476,Gulliver - Currajong - Vincent,1191.0,820.0,7863.0,QLD,1114,1346,0.1043,0.358
318021477,Heatley,818.0,645.0,3999.0,QLD,876,1059,0.1613,0.358
318021478,Hermit Park - Rosslea,816.0,531.0,5690.0,QLD,721,872,0.0933,0.358
318021479,Hyde Park - Pimlico,819.0,585.0,4759.0,QLD,794,961,0.1229,0.358
318021480,Kelso,1475.0,992.0,11210.0,QLD,1347,1629,0.0885,0.358
318021481,Kirwan - East,1577.0,1117.0,7910.0,QLD,1517,1834,0.1412,0.358
318021482,Kirwan - West,2267.0,1435.0,15209.0,QLD,1949,2356,0.0944,0.358
318021483,Magnetic Island,958.0,622.0,2638.0,QLD,845,1021,0.2358,0.358
318021484,Mount Louisa,1212.0,781.0,10857.0,QLD,1061,1282,0.0719,0.358
318021485,Mundingburra,803.0,630.0,3593.0,QLD,856,1034,0.1753,0.358
318021486,Northern Beaches,1482.0,977.0,7052.0,QLD,1327,1604,0.1385,0.358
318021487,Oonoonba,805.0,500.0,7544.0,QLD,679,821,0.0663,0.358
318021488,South Townsville - Railway Estate,875.0,568.0,5571.0,QLD,771,933,0.102,0.358
318021489,Townsville - South,1058.0,656.0,5546.0,QLD,891,1077,0.1183,0.358
318021490,Townsville City - North Ward,1667.0,1140.0,9587.0,QLD,1548,1872,0.1189,0.358
318021491,Wulguru - Roseneath,1114.0,791.0,6345.0,QLD,1074,1299,0.1247,0.358
318021582,Burdell - Mount Low,1715.0,1102.0,21706.0,QLD,1497,1809,0.0508,0.358
318021583,Deeragun - Jensen,766.0,485.0,6661.0,QLD,659,796,0.0728,0.358
319011492,Ashfield - Kepnock,1278.0,979.0,5923.0,QLD,1329,1608,0.1653,0.358
319011493,Bargara - Burnett Heads,6667.0,4759.0,21242.0,QLD,6463,7814,0.224,0.358
319011494,Branyan - Kensington,1086.0,752.0,5856.0,QLD,1021,1235,0.1284,0.358
319011495,Bundaberg,1174.0,828.0,6554.0,QLD,1124,1360,0.1263,0.358
319011496,Bundaberg East - Kalkie,1364.0,1019.0,5995.0,QLD,1384,1673,0.17,0.358
319011497,Bundaberg North - Gooburrum,2311.0,1752.0,7909.0,QLD,2379,2877,0.2215,0.358
319011498,Bundaberg Surrounds - North,2446.0,1607.0,9839.0,QLD,2182,2639,0.1633,0.358
319011499,Bundaberg Surrounds - South,3695.0,2502.0,11923.0,QLD,3398,4108,0.2098,0.358
319011500,Millbank - Avoca,2492.0,2016.0,7784.0,QLD,2738,3310,0.259,0.358
319011501,Svensson Heights - Norville,1476.0,1088.0,6041.0,QLD,1478,1786,0.1801,0.358
319011502,Walkervale - Avenell Heights,2714.0,2024.0,11322.0,QLD,2749,3323,0.1788,0.358
319021503,Gayndah - Mundubbera,1776.0,1304.0,6668.0,QLD,1771,2141,0.1956,0.358
319021504,Gin Gin,1619.0,1065.0,5745.0,QLD,1446,1749,0.1854,0.358
319021505,Kingaroy,2321.0,1689.0,11009.0,QLD,2294,2773,0.1534,0.358
319021506,Kingaroy Surrounds - North,2688.0,1962.0,9951.0,QLD,2664,3222,0.1972,0.358
319021507,Kingaroy Surrounds - South,1038.0,720.0,4411.0,QLD,978,1182,0.1632,0.358
319021508,Monto - Eidsvold,1122.0,802.0,3814.0,QLD,1089,1317,0.2103,0.358
319021509,Nanango,3578.0,2479.0,10664.0,QLD,3366,4071,0.2325,0.358
319021510,North Burnett,2.0,2.0,13.0,QLD,3,3,0.1538,0.358
319031511,Cooloola,3159.0,2193.0,7080.0,QLD,2978,3601,0.3097,0.358
319031512,Gympie - North,3475.0,2583.0,15394.0,QLD,3508,4241,0.1678,0.358
319031513,Gympie - South,2062.0,1533.0,8623.0,QLD,2082,2517,0.1778,0.358
319031514,Gympie Surrounds,5188.0,3457.0,22330.0,QLD,4695,5676,0.1548,0.358
319031515,Kilkivan,1046.0,680.0,3913.0,QLD,923,1117,0.1738,0.358
319041516,Booral - River Heads,1750.0,1135.0,7478.0,QLD,1541,1864,0.1518,0.358
319041517,Craignish - Dundowran Beach,1548.0,1049.0,6169.0,QLD,1425,1722,0.17,0.358
319041518,Pialba - Eli Waters,6124.0,4831.0,17383.0,QLD,6560,7933,0.2779,0.358
319041519,Point Vernon,1926.0,1401.0,5869.0,QLD,1903,2300,0.2387,0.358
319041520,Torquay - Scarness - Kawungan,5364.0,4072.0,16413.0,QLD,5530,6686,0.2481,0.358
319041521,Urangan - Wondunna,5195.0,3716.0,16350.0,QLD,5046,6102,0.2273,0.358
319051522,Burrum - Fraser,4091.0,2779.0,11634.0,QLD,3774,4563,0.2389,0.358
319051523,Granville,831.0,601.0,3183.0,QLD,816,987,0.1888,0.358
319051524,Maryborough (Qld),5144.0,3749.0,19258.0,QLD,5091,6156,0.1947,0.358
319051525,Maryborough Surrounds - South,3478.0,2248.0,10891.0,QLD,3053,3691,0.2064,0.358
319051526,Tinana,1886.0,1359.0,6157.0,QLD,1846,2231,0.2207,0.358
401011001,Adelaide,2771.0,2028.0,21767.0,SA,2569,3038,0.0932,0.267
401011002,North Adelaide,1587.0,1246.0,7351.0,SA,1579,1867,0.1695,0.267
401021003,Adelaide Hills,1547.0,1025.0,7183.0,SA,1299,1535,0.1427,0.267
401021004,Aldgate - Stirling,3961.0,2768.0,18843.0,SA,3507,4146,0.1469,0.267
401021005,Hahndorf - Echunga,1191.0,861.0,4712.0,SA,1091,1290,0.1827,0.267
401021006,Lobethal - Woodside,2183.0,1551.0,9834.0,SA,1965,2323,0.1577,0.267
401021007,Mount Barker,4420.0,3213.0,25703.0,SA,4071,4813,0.125,0.267
401021008,Mount Barker Surrounds,1353.0,880.0,7232.0,SA,1115,1318,0.1217,0.267
401021009,Nairne,786.0,529.0,5697.0,SA,670,792,0.0929,0.267
401021010,Uraidla - Summertown,1213.0,821.0,6371.0,SA,1040,1230,0.1289,0.267
401031011,Burnside - Wattle Park,4523.0,3367.0,20045.0,SA,4266,5044,0.168,0.267
401031012,Beaumont - Glen Osmond,2255.0,1685.0,10595.0,SA,2135,2524,0.159,0.267
401031013,Toorak Gardens,4394.0,3438.0,17170.0,SA,4356,5150,0.2002,0.267
401041014,Athelstone,2055.0,1480.0,9876.0,SA,1875,2217,0.1499,0.267
401041015,Paradise - Newton,4637.0,3599.0,22745.0,SA,4560,5391,0.1582,0.267
401041016,Rostrevor - Magill,4847.0,3659.0,25779.0,SA,4636,5481,0.1419,0.267
401051017,Norwood (SA),2521.0,1851.0,11961.0,SA,2345,2773,0.1548,0.267
401051018,Payneham - Felixstow,2924.0,2316.0,13870.0,SA,2934,3469,0.167,0.267
401051019,St Peters - Marden,2770.0,2013.0,14231.0,SA,2550,3015,0.1415,0.267
401061020,Nailsworth - Broadview,1137.0,743.0,6566.0,SA,941,1113,0.1132,0.267
401061021,Prospect,2561.0,1710.0,16743.0,SA,2167,2562,0.1021,0.267
401061022,Walkerville,2008.0,1488.0,8562.0,SA,1885,2229,0.1738,0.267
401071023,Goodwood - Millswood,3768.0,2694.0,18308.0,SA,3413,4036,0.1471,0.267
401071024,Unley - Parkside,5149.0,4001.0,22019.0,SA,5069,5993,0.1817,0.267
402011025,Gawler - North,1675.0,1130.0,10157.0,SA,1432,1693,0.1113,0.267
402011026,Gawler - South,5110.0,3718.0,23805.0,SA,4711,5570,0.1562,0.267
402011027,Lewiston - Two Wells,953.0,597.0,7779.0,SA,756,894,0.0767,0.267
402021028,Craigmore - Blakeview,2718.0,1789.0,21159.0,SA,2267,2680,0.0846,0.267
402021029,Davoren Park,1842.0,1206.0,20026.0,SA,1528,1807,0.0602,0.267
402021030,Elizabeth,1817.0,1313.0,11461.0,SA,1664,1967,0.1146,0.267
402021031,Elizabeth East,2227.0,1539.0,14444.0,SA,1950,2305,0.1065,0.267
402021032,Munno Para West - Angle Vale,1730.0,1146.0,21869.0,SA,1452,1717,0.0524,0.267
402021033,One Tree Hill,497.0,310.0,2523.0,SA,393,464,0.1229,0.267
402021034,Smithfield - Elizabeth North,1995.0,1358.0,12869.0,SA,1721,2034,0.1055,0.267
402021035,Virginia - Waterloo Corner,1405.0,984.0,7499.0,SA,1247,1474,0.1312,0.267
402031036,Enfield - Blair Athol,3488.0,2472.0,27798.0,SA,3132,3703,0.0889,0.267
402031038,Windsor Gardens,3459.0,2474.0,23741.0,SA,3135,3706,0.1042,0.267
402031175,Northgate - Northfield,2490.0,1797.0,19542.0,SA,2277,2692,0.092,0.267
402031176,Valley View - Gilles Plains,1871.0,1428.0,10859.0,SA,1809,2139,0.1315,0.267
402041039,Dry Creek - North,0.0,0.0,0.0,SA,0,0,0.0,0.267
402041040,Ingle Farm,3251.0,2602.0,16156.0,SA,3297,3898,0.1611,0.267
402041041,Para Hills,2586.0,1817.0,15429.0,SA,2302,2722,0.1178,0.267
402041042,Parafield,0.0,0.0,18.0,SA,0,0,0.0,0.267
402041043,Parafield Gardens,2884.0,1998.0,18614.0,SA,2531,2993,0.1073,0.267
402041044,Paralowie,2262.0,1380.0,18477.0,SA,1748,2067,0.0747,0.267
402041046,Salisbury,3365.0,2440.0,19012.0,SA,3091,3655,0.1283,0.267
402041047,Salisbury East,3705.0,2695.0,19082.0,SA,3415,4037,0.1412,0.267
402041048,Salisbury North,2401.0,1543.0,18997.0,SA,1955,2311,0.0812,0.267
402041171,Mawson Lakes - Globe Derby Park,1432.0,892.0,14934.0,SA,1130,1336,0.0597,0.267
402041172,Pooraka - Cavan,1509.0,1072.0,8371.0,SA,1358,1606,0.1281,0.267
402051049,Golden Grove,2291.0,1692.0,10444.0,SA,2144,2535,0.162,0.267
402051050,Greenwith,1390.0,941.0,9284.0,SA,1192,1410,0.1014,0.267
402051051,Highbury - Dernancourt,2506.0,1876.0,11652.0,SA,2377,2810,0.161,0.267
402051052,Hope Valley - Modbury,4152.0,3342.0,18177.0,SA,4234,5006,0.1839,0.267
402051053,Modbury Heights,4048.0,2868.0,19783.0,SA,3634,4296,0.145,0.267
402051054,Redwood Park,3297.0,2342.0,16848.0,SA,2967,3508,0.139,0.267
402051055,St Agnes - Ridgehaven,3142.0,2384.0,13425.0,SA,3021,3571,0.1776,0.267
403011056,Brighton (SA),4353.0,3205.0,15729.0,SA,4061,4801,0.2038,0.267
403011057,Glenelg (SA),6057.0,4502.0,21572.0,SA,5704,6744,0.2087,0.267
403021058,Edwardstown,2573.0,1826.0,15263.0,SA,2314,2735,0.1196,0.267
403021059,Hallett Cove,2724.0,1757.0,12821.0,SA,2226,2632,0.137,0.267
403021060,Marino - Seaview Downs,2123.0,1568.0,10077.0,SA,1987,2349,0.1556,0.267
403021061,Mitchell Park,3433.0,2589.0,17808.0,SA,3280,3878,0.1454,0.267
403021062,Morphettville,3323.0,2454.0,17528.0,SA,3109,3676,0.14,0.267
403021063,Sheidow Park - Trott Park,1522.0,922.0,10434.0,SA,1168,1381,0.0884,0.267
403021064,Warradale,3468.0,2567.0,17594.0,SA,3252,3845,0.1459,0.267
403031065,Belair,1198.0,945.0,4904.0,SA,1197,1416,0.1927,0.267
403031066,Bellevue Heights,1641.0,1296.0,8401.0,SA,1642,1941,0.1543,0.267
403031067,Blackwood,2895.0,2139.0,13688.0,SA,2710,3204,0.1563,0.267
403031068,Colonel Light Gardens,2775.0,1934.0,16119.0,SA,2450,2897,0.12,0.267
403031069,Mitcham (SA),3798.0,2766.0,16987.0,SA,3505,4143,0.1628,0.267
403031070,Panorama,2027.0,1595.0,8987.0,SA,2021,2389,0.1775,0.267
403041071,Aberfoyle Park,2443.0,1648.0,11849.0,SA,2088,2469,0.1391,0.267
403041072,Aldinga,3286.0,2330.0,16777.0,SA,2952,3490,0.1389,0.267
403041073,Christie Downs,1956.0,1483.0,9666.0,SA,1879,2222,0.1534,0.267
403041074,Christies Beach,2339.0,1695.0,11600.0,SA,2148,2539,0.1461,0.267
403041075,Clarendon,711.0,458.0,2859.0,SA,580,686,0.1602,0.267
403041076,Coromandel Valley,790.0,562.0,4617.0,SA,712,842,0.1217,0.267
403041077,Flagstaff Hill,2340.0,1674.0,11185.0,SA,2121,2508,0.1497,0.267
403041078,Hackham - Onkaparinga Hills,1512.0,1075.0,7314.0,SA,1362,1610,0.147,0.267
403041079,Hackham West - Huntfield Heights,1427.0,993.0,8092.0,SA,1258,1488,0.1227,0.267
403041080,Happy Valley,3368.0,2471.0,14421.0,SA,3131,3702,0.1713,0.267
403041081,Happy Valley Reservoir,0.0,0.0,0.0,SA,0,0,0.0,0.267
403041082,Lonsdale,5.0,5.0,26.0,SA,6,7,0.1923,0.267
403041083,McLaren Vale,1887.0,1415.0,8441.0,SA,1793,2120,0.1676,0.267
403041084,Morphett Vale - East,2989.0,2185.0,14159.0,SA,2768,3273,0.1543,0.267
403041085,Morphett Vale - West,2145.0,1595.0,10488.0,SA,2021,2389,0.1521,0.267
403041086,Reynella,2269.0,1709.0,10737.0,SA,2165,2560,0.1592,0.267
403041088,Willunga,951.0,626.0,3747.0,SA,793,938,0.1671,0.267
403041089,Woodcroft,2472.0,1804.0,11722.0,SA,2286,2702,0.1539,0.267
403041177,Seaford - Seaford Meadows,2645.0,1928.0,15149.0,SA,2443,2888,0.1273,0.267
403041178,Seaford Rise - Moana,2073.0,1441.0,11370.0,SA,1826,2159,0.1267,0.267
404011090,Beverley,1339.0,917.0,9652.0,SA,1162,1374,0.095,0.267
404011091,Flinders Park,3338.0,2543.0,17783.0,SA,3222,3809,0.143,0.267
404011092,Henley Beach,3552.0,2653.0,16561.0,SA,3361,3974,0.1602,0.267
404011093,Hindmarsh - Brompton,3150.0,2167.0,20267.0,SA,2746,3246,0.1069,0.267
404011094,Royal Park - Hendon - Albert Park,1077.0,744.0,6799.0,SA,943,1115,0.1094,0.267
404011095,Seaton - Grange,4180.0,3070.0,18255.0,SA,3890,4599,0.1682,0.267
404011096,West Lakes,4975.0,3777.0,15883.0,SA,4785,5658,0.2378,0.267
404011097,Woodville - Cheltenham,3150.0,2170.0,20392.0,SA,2749,3251,0.1064,0.267
404021098,Dry Creek - South,0.0,0.0,0.0,SA,0,0,0.0,0.267
404021099,Largs Bay - Semaphore,3031.0,1966.0,15627.0,SA,2491,2945,0.1258,0.267
404021100,North Haven,3558.0,2455.0,15435.0,SA,3110,3678,0.1591,0.267
404021101,Port Adelaide,2319.0,1546.0,12560.0,SA,1959,2316,0.1231,0.267
404021102,The Parks,3111.0,2166.0,21072.0,SA,2744,3245,0.1028,0.267
404021103,Torrens Island,5.0,4.0,5.0,SA,5,6,0.8,0.267
404031104,Adelaide Airport,0.0,0.0,3.0,SA,0,0,0.0,0.267
404031105,Fulham,716.0,553.0,3124.0,SA,701,828,0.177,0.267
404031106,Lockleys,2825.0,2051.0,14210.0,SA,2599,3072,0.1443,0.267
404031107,Plympton,4638.0,3551.0,28321.0,SA,4499,5319,0.1254,0.267
404031108,Richmond (SA),2716.0,1939.0,18248.0,SA,2457,2905,0.1063,0.267
404031109,West Beach,1176.0,880.0,5438.0,SA,1115,1318,0.1618,0.267
405011110,Barossa - Angaston,1527.0,1025.0,6832.0,SA,1299,1535,0.15,0.267
405011111,Light,2009.0,1311.0,10534.0,SA,1661,1964,0.1245,0.267
405011112,Lyndoch,1295.0,849.0,6949.0,SA,1076,1272,0.1222,0.267
405011113,Mallala,676.0,470.0,3523.0,SA,595,704,0.1334,0.267
405011114,Nuriootpa,2027.0,1527.0,7780.0,SA,1935,2287,0.1963,0.267
405011115,Tanunda,1382.0,1027.0,4743.0,SA,1301,1538,0.2165,0.267
405021116,Clare,1029.0,750.0,4173.0,SA,950,1124,0.1797,0.267
405021117,Gilbert Valley,1452.0,1012.0,5168.0,SA,1282,1516,0.1958,0.267
405021118,Goyder,1221.0,821.0,4147.0,SA,1040,1230,0.198,0.267
405021119,Wakefield - Barunga West,2600.0,1807.0,9756.0,SA,2289,2707,0.1852,0.267
405031120,Jamestown,1284.0,924.0,4703.0,SA,1171,1384,0.1965,0.267
405031121,Peterborough - Mount Remarkable,1810.0,1208.0,5409.0,SA,1531,1810,0.2233,0.267
405031122,Port Pirie,3296.0,2451.0,14181.0,SA,3105,3672,0.1728,0.267
405031123,Port Pirie Surrounds,881.0,619.0,3412.0,SA,784,927,0.1814,0.267
405041124,Kadina,1468.0,1055.0,5721.0,SA,1337,1580,0.1844,0.267
405041125,Moonta,2371.0,1725.0,5709.0,SA,2186,2584,0.3022,0.267
405041126,Wallaroo,1709.0,1218.0,4878.0,SA,1543,1825,0.2497,0.267
405041127,Yorke Peninsula - North,2821.0,2088.0,7719.0,SA,2645,3128,0.2705,0.267
405041128,Yorke Peninsula - South,1660.0,1174.0,4433.0,SA,1487,1759,0.2648,0.267
406011129,Ceduna,559.0,380.0,2865.0,SA,481,569,0.1326,0.267
406011130,Eyre Peninsula,1920.0,1356.0,7178.0,SA,1718,2031,0.1889,0.267
406011131,Kimba - Cleve - Franklin Harbour,1167.0,818.0,4349.0,SA,1036,1225,0.1881,0.267
406011132,Le Hunte - Elliston,467.0,311.0,2197.0,SA,394,466,0.1416,0.267
406011133,Port Lincoln,3625.0,2571.0,17044.0,SA,3257,3851,0.1508,0.267
406011134,West Coast (SA),864.0,528.0,3865.0,SA,669,791,0.1366,0.267
406011135,Western,18.0,11.0,144.0,SA,14,16,0.0764,0.267
406011136,Whyalla,4236.0,2988.0,21764.0,SA,3786,4476,0.1373,0.267
406011137,Whyalla - North,0.0,0.0,0.0,SA,0,0,0.0,0.267
406021138,APY Lands,123.0,64.0,2654.0,SA,81,96,0.0241,0.267
406021139,Coober Pedy,468.0,329.0,1526.0,SA,417,493,0.2156,0.267
406021140,Quorn - Lake Gilles,699.0,497.0,2190.0,SA,630,745,0.2269,0.267
406021141,Outback,359.0,207.0,1967.0,SA,262,310,0.1052,0.267
406021142,Port Augusta,2469.0,1791.0,14114.0,SA,2269,2683,0.1269,0.267
406021143,Roxby Downs,83.0,31.0,4089.0,SA,39,46,0.0076,0.267
407011144,Goolwa - Port Elliot,6028.0,4554.0,13463.0,SA,5770,6822,0.3383,0.267
407011145,Kangaroo Island,1498.0,1053.0,5167.0,SA,1334,1577,0.2038,0.267
407011146,Strathalbyn,2241.0,1630.0,8496.0,SA,2065,2442,0.1919,0.267
407011147,Strathalbyn Surrounds,1978.0,1318.0,8503.0,SA,1670,1974,0.155,0.267
407011148,Victor Harbor,7368.0,5821.0,16861.0,SA,7375,8720,0.3452,0.267
407011149,Yankalilla,2351.0,1633.0,6874.0,SA,2069,2446,0.2376,0.267
407021150,Grant,1365.0,893.0,6445.0,SA,1131,1338,0.1386,0.267
407021151,Kingston - Robe,1285.0,912.0,4017.0,SA,1156,1366,0.227,0.267
407021152,Millicent,1514.0,1075.0,5411.0,SA,1362,1610,0.1987,0.267
407021154,Naracoorte,1362.0,1037.0,6447.0,SA,1314,1553,0.1609,0.267
407021155,Naracoorte Surrounds,504.0,336.0,2454.0,SA,426,503,0.1369,0.267
407021156,Penola,771.0,554.0,3192.0,SA,702,830,0.1736,0.267
407021157,Tatiara,1437.0,1006.0,7071.0,SA,1275,1507,0.1423,0.267
407021158,Wattle Range,948.0,621.0,3636.0,SA,787,930,0.1708,0.267
407021173,Mount Gambier - East,3171.0,2273.0,15490.0,SA,2880,3405,0.1467,0.267
407021174,Mount Gambier - West,3448.0,2564.0,15173.0,SA,3249,3841,0.169,0.267
407031159,Barmera,1764.0,1205.0,6628.0,SA,1527,1805,0.1818,0.267
407031160,Berri,959.0,710.0,4180.0,SA,900,1064,0.1699,0.267
407031161,Karoonda - Lameroo,738.0,543.0,2956.0,SA,688,813,0.1837,0.267
407031162,Loxton,1447.0,1087.0,5722.0,SA,1377,1628,0.19,0.267
407031163,Loxton Surrounds,441.0,291.0,1806.0,SA,369,436,0.1611,0.267
407031164,Mannum,2384.0,1678.0,6931.0,SA,2126,2514,0.2421,0.267
407031165,Murray Bridge,4582.0,3328.0,19710.0,SA,4217,4985,0.1688,0.267
407031166,Murray Bridge Surrounds,864.0,578.0,3936.0,SA,732,866,0.1468,0.267
407031167,Renmark,1278.0,957.0,4723.0,SA,1213,1434,0.2026,0.267
407031168,Renmark Surrounds,1118.0,759.0,5450.0,SA,962,1137,0.1393,0.267
407031169,The Coorong,1532.0,1079.0,5618.0,SA,1367,1616,0.1921,0.267
407031170,Waikerie,2011.0,1412.0,6772.0,SA,1789,2115,0.2085,0.267
501011001,Augusta,1862.0,1240.0,7722.0,WA,1663,1999,0.1606,0.341
501011003,Busselton Surrounds,2971.0,2028.0,13605.0,WA,2720,3269,0.1491,0.341
501011004,Margaret River,1771.0,1116.0,11685.0,WA,1497,1799,0.0955,0.341
501011293,Busselton - East,2595.0,1889.0,10027.0,WA,2533,3045,0.1884,0.341
501011294,Busselton - West,5378.0,3969.0,21249.0,WA,5322,6398,0.1868,0.341
501021005,Australind - Leschenault,3801.0,2589.0,21238.0,WA,3472,4173,0.1219,0.341
501021007,Capel,1296.0,846.0,5909.0,WA,1134,1364,0.1432,0.341
501021008,College Grove - Carey Park,1360.0,923.0,7475.0,WA,1238,1488,0.1235,0.341
501021009,Collie,2228.0,1529.0,9408.0,WA,2050,2465,0.1625,0.341
501021010,Dardanup,763.0,475.0,3630.0,WA,637,766,0.1309,0.341
501021011,Davenport,0.0,0.0,11.0,WA,0,0,0.0,0.341
501021012,Eaton - Pelican Point,2569.0,1886.0,13276.0,WA,2529,3040,0.1421,0.341
501021014,Harvey,2202.0,1532.0,10257.0,WA,2054,2470,0.1494,0.341
501021015,East Bunbury - Glen Iris,1600.0,1165.0,7811.0,WA,1562,1878,0.1491,0.341
501021016,Waroona,1109.0,782.0,4537.0,WA,1049,1261,0.1724,0.341
501021251,Dalyellup,1144.0,765.0,10711.0,WA,1026,1233,0.0714,0.341
501021252,Gelorup - Stratham,648.0,386.0,3203.0,WA,518,622,0.1205,0.341
501021253,South Bunbury - Bunbury,3359.0,2417.0,13439.0,WA,3241,3896,0.1798,0.341
501021254,Withers - Usher,958.0,653.0,5462.0,WA,876,1053,0.1196,0.341
501031017,Bridgetown - Boyup Brook,2126.0,1476.0,7756.0,WA,1979,2379,0.1903,0.341
501031018,Donnybrook - Balingup,1699.0,1145.0,6584.0,WA,1535,1846,0.1739,0.341
501031019,Manjimup,1191.0,828.0,5630.0,WA,1110,1335,0.1471,0.341
501031020,Pemberton,1625.0,1115.0,5571.0,WA,1495,1797,0.2001,0.341
502011021,Dawesville - Bouvard,2549.0,1783.0,10198.0,WA,2391,2874,0.1748,0.341
502011022,Falcon - Wannanup,3152.0,2230.0,10935.0,WA,2990,3595,0.2039,0.341
502011023,Greenfields,2992.0,2367.0,10785.0,WA,3174,3816,0.2195,0.341
502011024,Halls Head - Erskine,6518.0,4926.0,22086.0,WA,6606,7941,0.223,0.341
502011025,Mandurah,3201.0,2403.0,11508.0,WA,3222,3874,0.2088,0.341
502011026,Mandurah - East,2158.0,1608.0,7627.0,WA,2156,2592,0.2108,0.341
502011027,Mandurah - North,4080.0,2993.0,25334.0,WA,4014,4825,0.1181,0.341
502011028,Mandurah - South,3940.0,2937.0,12612.0,WA,3939,4734,0.2329,0.341
502011029,Pinjarra,2663.0,1952.0,11631.0,WA,2618,3147,0.1678,0.341
503011030,City Beach,1717.0,1316.0,7279.0,WA,1765,2121,0.1808,0.341
503011031,Claremont (WA),2602.0,2041.0,10564.0,WA,2737,3290,0.1932,0.341
503011032,Cottesloe,1882.0,1396.0,8723.0,WA,1872,2250,0.16,0.341
503011033,Floreat,1619.0,1102.0,9388.0,WA,1478,1776,0.1174,0.341
503011034,Mosman Park - Peppermint Grove,2322.0,1677.0,12063.0,WA,2249,2703,0.139,0.341
503011035,Nedlands - Dalkeith - Crawley,3795.0,2899.0,21741.0,WA,3888,4673,0.1333,0.341
503011036,Swanbourne - Mount Claremont,2127.0,1561.0,10500.0,WA,2093,2516,0.1487,0.341
503021037,Kings Park (WA),27.0,20.0,50.0,WA,27,32,0.4,0.341
503021038,Mount Hawthorn - Leederville,1540.0,1002.0,13168.0,WA,1344,1615,0.0761,0.341
503021039,Mount Lawley - Inglewood,2874.0,1987.0,18675.0,WA,2665,3203,0.1064,0.341
503021040,North Perth,1501.0,1043.0,10780.0,WA,1399,1681,0.0968,0.341
503021042,Subiaco - Shenton Park,4104.0,3080.0,19944.0,WA,4130,4965,0.1544,0.341
503021043,Wembley - West Leederville - Glendalough,2948.0,2102.0,21430.0,WA,2819,3388,0.0981,0.341
503021295,East Perth,1675.0,1101.0,14213.0,WA,1476,1775,0.0775,0.341
503021296,Perth (North) - Highgate,1119.0,756.0,13406.0,WA,1014,1219,0.0564,0.341
503021297,Perth (West) - Northbridge,1469.0,1058.0,15268.0,WA,1419,1705,0.0693,0.341
504011044,Bassendean - Eden Hill - Ashfield,3065.0,2163.0,17145.0,WA,2901,3487,0.1262,0.341
504011045,Bayswater - Embleton - Bedford,4117.0,2953.0,26740.0,WA,3960,4760,0.1104,0.341
504011046,Maylands,1815.0,1284.0,14971.0,WA,1722,2070,0.0858,0.341
504011047,Morley,4600.0,3442.0,24981.0,WA,4616,5549,0.1378,0.341
504011048,Noranda,2087.0,1514.0,8526.0,WA,2030,2441,0.1776,0.341
504021049,Chidlow,616.0,368.0,5156.0,WA,493,593,0.0714,0.341
504021050,Glen Forrest - Darlington,1638.0,1157.0,7697.0,WA,1552,1865,0.1503,0.341
504021051,Helena Valley - Koongamia,1421.0,1063.0,6471.0,WA,1425,1714,0.1643,0.341
504021052,Malmalling - Reservoir,4.0,4.0,11.0,WA,5,6,0.3636,0.341
504021053,Mundaring,3010.0,2036.0,14224.0,WA,2730,3282,0.1431,0.341
504021054,Swan View - Greenmount - Midvale,2954.0,2155.0,14302.0,WA,2890,3474,0.1507,0.341
504031055,Avon Valley National Park,2.0,2.0,7.0,WA,3,3,0.2857,0.341
504031056,Ballajura,2933.0,1804.0,19667.0,WA,2419,2908,0.0917,0.341
504031057,Beechboro,2593.0,1620.0,25521.0,WA,2172,2611,0.0635,0.341
504031058,Bullsbrook,906.0,572.0,6653.0,WA,767,922,0.086,0.341
504031060,Gidgegannup,520.0,336.0,3132.0,WA,451,542,0.1073,0.341
504031061,Hazelmere - Guildford,917.0,616.0,6946.0,WA,826,993,0.0887,0.341
504031062,Lockridge - Kiara,1667.0,1069.0,14418.0,WA,1434,1723,0.0741,0.341
504031063,Malaga,3.0,1.0,23.0,WA,1,2,0.0435,0.341
504031064,Melaleuca - Lexia,0.0,0.0,0.0,WA,0,0,0.0,0.341
504031065,Middle Swan - Herne Hill,1225.0,891.0,6389.0,WA,1195,1436,0.1395,0.341
504031066,Midland - Guildford,2092.0,1463.0,12081.0,WA,1962,2358,0.1211,0.341
504031067,Stratton - Jane Brook,967.0,640.0,7634.0,WA,858,1032,0.0838,0.341
504031068,The Vines,1822.0,1212.0,15135.0,WA,1625,1954,0.0801,0.341
504031069,Walyunga National Park,0.0,0.0,0.0,WA,0,0,0.0,0.341
504031298,Aveley,1353.0,898.0,18887.0,WA,1204,1448,0.0475,0.341
504031299,Brabham - Henley Brook,758.0,470.0,15852.0,WA,630,758,0.0296,0.341
504031300,Ellenbrook,2363.0,1722.0,21254.0,WA,2309,2776,0.081,0.341
505011070,Craigie - Beldon,1595.0,1076.0,11585.0,WA,1443,1735,0.0929,0.341
505011071,Currambine - Kinross,1972.0,1240.0,14774.0,WA,1663,1999,0.0839,0.341
505011072,Duncraig,3492.0,2577.0,17263.0,WA,3456,4154,0.1493,0.341
505011073,Greenwood - Warwick,2956.0,2250.0,14800.0,WA,3017,3627,0.152,0.341
505011074,Heathridge - Connolly,1851.0,1238.0,11695.0,WA,1660,1996,0.1059,0.341
505011075,Hillarys,2516.0,1695.0,11918.0,WA,2273,2732,0.1422,0.341
505011076,Iluka - Burns Beach,1536.0,882.0,10918.0,WA,1183,1422,0.0808,0.341
505011077,Joondalup - Edgewater,2787.0,1847.0,15348.0,WA,2477,2977,0.1203,0.341
505011078,Kingsley,3269.0,2303.0,13812.0,WA,3088,3712,0.1667,0.341
505011079,Mullaloo - Kallaroo,2463.0,1792.0,12730.0,WA,2403,2889,0.1408,0.341
505011080,Ocean Reef,1681.0,1130.0,8789.0,WA,1515,1822,0.1286,0.341
505011081,Padbury,1529.0,1061.0,9519.0,WA,1423,1710,0.1115,0.341
505011082,Sorrento - Marmion,2774.0,1991.0,10992.0,WA,2670,3209,0.1811,0.341
505011083,Woodvale,2098.0,1372.0,10240.0,WA,1840,2212,0.134,0.341
505021084,Balcatta - Hamersley,3448.0,2723.0,17649.0,WA,3652,4389,0.1543,0.341
505021085,Balga - Mirrabooka,2908.0,1930.0,23317.0,WA,2588,3111,0.0828,0.341
505021087,Herdsman,0.0,0.0,0.0,WA,0,0,0.0,0.341
505021088,Innaloo - Doubleview,2972.0,2133.0,20389.0,WA,2860,3438,0.1046,0.341
505021089,Karrinyup - Gwelup - Carine,5109.0,3950.0,24375.0,WA,5297,6367,0.1621,0.341
505021090,Nollamara - Westminster,2691.0,1810.0,22419.0,WA,2427,2918,0.0807,0.341
505021091,Osborne Park Industrial,21.0,14.0,278.0,WA,19,23,0.0504,0.341
505021092,Scarborough,2474.0,1719.0,20052.0,WA,2305,2771,0.0857,0.341
505021093,Stirling - Osborne Park,2835.0,2062.0,16008.0,WA,2765,3324,0.1288,0.341
505021094,Trigg - North Beach - Watermans Bay,1984.0,1490.0,8734.0,WA,1998,2402,0.1706,0.341
505021095,Tuart Hill - Joondanna,1963.0,1416.0,14303.0,WA,1899,2283,0.099,0.341
505021096,Wembley Downs - Churchlands - Woodlands,3179.0,2429.0,16459.0,WA,3257,3916,0.1476,0.341
505021097,Yokine - Coolbinia - Menora,3676.0,2840.0,18580.0,WA,3808,4578,0.1529,0.341
505021301,Dianella - North,2861.0,2077.0,12684.0,WA,2785,3348,0.1637,0.341
505021302,Dianella - South,2967.0,2242.0,14562.0,WA,3007,3614,0.154,0.341
505031098,Alexander Heights - Koondoola,2001.0,1292.0,12268.0,WA,1733,2083,0.1053,0.341
505031099,Butler - Merriwa - Ridgewood,3698.0,2841.0,25639.0,WA,3810,4580,0.1108,0.341
505031100,Carramar,1553.0,973.0,21455.0,WA,1305,1568,0.0454,0.341
505031101,Clarkson,1635.0,993.0,15492.0,WA,1332,1601,0.0641,0.341
505031102,Girrawheen,1455.0,1004.0,10057.0,WA,1346,1618,0.0998,0.341
505031104,Marangaroo,1899.0,1301.0,10874.0,WA,1745,2097,0.1196,0.341
505031105,Mindarie - Quinns Rocks - Jindalee,3145.0,2098.0,23802.0,WA,2813,3382,0.0881,0.341
505031106,Neerabup National Park,0.0,0.0,4.0,WA,0,0,0.0,0.341
505031107,Tapping - Ashby - Sinagra,2133.0,1519.0,14873.0,WA,2037,2449,0.1021,0.341
505031255,Alkimos - Eglinton,1154.0,716.0,19856.0,WA,960,1154,0.0361,0.341
505031256,Carabooda - Pinjar,133.0,85.0,773.0,WA,114,137,0.11,0.341
505031257,Two Rocks,698.0,452.0,4737.0,WA,606,729,0.0954,0.341
505031258,Yanchep,1680.0,1167.0,13455.0,WA,1565,1881,0.0867,0.341
505031303,Hocking - Pearsall,2062.0,1443.0,14610.0,WA,1935,2326,0.0988,0.341
505031304,Landsdale,1363.0,799.0,17501.0,WA,1071,1288,0.0457,0.341
505031305,Madeley - Darch,1937.0,1400.0,15253.0,WA,1877,2257,0.0918,0.341
505031306,Wanneroo - Sinagra,2734.0,1990.0,16139.0,WA,2669,3208,0.1233,0.341
506011110,Armadale - Wungong - Brookdale,3476.0,2474.0,27670.0,WA,3318,3988,0.0894,0.341
506011111,Ashendon - Lesley,0.0,0.0,3.0,WA,0,0,0.0,0.341
506011112,Camillo - Champion Lakes,1173.0,780.0,6661.0,WA,1046,1257,0.1171,0.341
506011114,Kelmscott,2087.0,1487.0,11193.0,WA,1994,2397,0.1329,0.341
506011115,Mount Nasura - Mount Richon - Bedfordale,1880.0,1308.0,8922.0,WA,1754,2108,0.1466,0.341
506011116,Roleystone,1591.0,1122.0,7707.0,WA,1505,1809,0.1456,0.341
506011117,Seville Grove,1022.0,677.0,12722.0,WA,908,1091,0.0532,0.341
506011307,Harrisdale,765.0,478.0,13792.0,WA,641,771,0.0347,0.341
506011308,Piara Waters - Forrestdale,988.0,596.0,20548.0,WA,799,961,0.029,0.341
506021118,Belmont - Ascot - Redcliffe,2556.0,1748.0,16688.0,WA,2344,2818,0.1047,0.341
506021119,East Victoria Park - Carlisle,2208.0,1509.0,19561.0,WA,2024,2433,0.0771,0.341
506021120,Kewdale Commercial,0.0,0.0,0.0,WA,0,0,0.0,0.341
506021121,Perth Airport,2.0,0.0,23.0,WA,0,0,0.0,0.341
506021123,Victoria Park - Lathlain - Burswood,2305.0,1459.0,18279.0,WA,1957,2352,0.0798,0.341
506021309,Cloverdale,1265.0,946.0,9931.0,WA,1269,1525,0.0953,0.341
506021310,Kewdale,1199.0,891.0,8254.0,WA,1195,1436,0.1079,0.341
506021311,Rivervale,1552.0,1013.0,12481.0,WA,1358,1633,0.0812,0.341
506031124,Bentley - Wilson - St James,3230.0,2526.0,23893.0,WA,3387,4072,0.1057,0.341
506031125,Canning Vale - West,1648.0,1083.0,10705.0,WA,1452,1746,0.1012,0.341
506031126,Canning Vale Commercial,0.0,0.0,5.0,WA,0,0,0.0,0.341
506031127,Cannington - Queens Park,1993.0,1347.0,24183.0,WA,1806,2171,0.0557,0.341
506031128,Parkwood - Ferndale - Lynwood,2931.0,2088.0,15111.0,WA,2800,3366,0.1382,0.341
506031129,Riverton - Shelley - Rossmoyne,3162.0,2378.0,15751.0,WA,3189,3833,0.151,0.341
506031130,Welshpool,2.0,2.0,15.0,WA,3,3,0.1333,0.341
506031131,Willetton,3308.0,2334.0,21179.0,WA,3130,3762,0.1102,0.341
506041132,Beckenham - Kenwick - Langford,2899.0,2034.0,22803.0,WA,2728,3279,0.0892,0.341
506041133,Canning Vale - East,3034.0,2002.0,26872.0,WA,2685,3227,0.0745,0.341
506041134,Gosnells,3938.0,2841.0,23467.0,WA,3810,4580,0.1211,0.341
506041135,Huntingdale - Southern River,2414.0,1513.0,25308.0,WA,2029,2439,0.0598,0.341
506041136,Maddington - Orange Grove - Martin,2449.0,1749.0,17133.0,WA,2345,2819,0.1021,0.341
506041137,Thornlie,4472.0,3157.0,25696.0,WA,4234,5089,0.1229,0.341
506051138,Forrestfield - Wattle Grove,3222.0,2250.0,22286.0,WA,3017,3627,0.101,0.341
506051139,High Wycombe,2148.0,1553.0,13070.0,WA,2083,2503,0.1188,0.341
506051140,Kalamunda - Maida Vale - Gooseberry Hill,4150.0,3202.0,16169.0,WA,4294,5162,0.198,0.341
506051141,Lesmurdie - Bickley - Carmel,2672.0,2003.0,12302.0,WA,2686,3229,0.1628,0.341
506061142,Byford,2009.0,1270.0,25547.0,WA,1703,2047,0.0497,0.341
506061143,Mundijong,1095.0,720.0,8066.0,WA,966,1161,0.0893,0.341
506061144,Serpentine - Jarrahdale,890.0,617.0,5074.0,WA,827,995,0.1216,0.341
506071145,Como,2921.0,2154.0,15941.0,WA,2889,3472,0.1351,0.341
506071146,Manning - Waterford,2483.0,1768.0,12992.0,WA,2371,2850,0.1361,0.341
506071147,South Perth - Kensington,3629.0,2583.0,19025.0,WA,3464,4164,0.1358,0.341
507011148,Banjup,2423.0,1607.0,25803.0,WA,2155,2590,0.0623,0.341
507011150,Bibra Industrial,14.0,4.0,21.0,WA,5,6,0.1905,0.341
507011151,Bibra Lake,0.0,0.0,0.0,WA,0,0,0.0,0.341
507011152,Coogee,2072.0,1463.0,10875.0,WA,1962,2358,0.1345,0.341
507011153,Coolbellup,1520.0,1104.0,9409.0,WA,1480,1780,0.1173,0.341
507011154,Hamilton Hill,2191.0,1641.0,12679.0,WA,2201,2645,0.1294,0.341
507011155,Henderson,4.0,1.0,9.0,WA,1,2,0.1111,0.341
507011158,North Coogee,866.0,537.0,4744.0,WA,720,866,0.1132,0.341
507011159,South Lake - Cockburn Central,2087.0,1466.0,12878.0,WA,1966,2363,0.1138,0.341
507011160,Spearwood,2565.0,1914.0,12592.0,WA,2567,3085,0.152,0.341
507011161,Success - Hammond Park,1526.0,981.0,20712.0,WA,1316,1581,0.0474,0.341
507011163,Yangebup,1099.0,676.0,8223.0,WA,907,1090,0.0822,0.341
507011259,Beeliar - Wattleup,1092.0,673.0,12153.0,WA,902,1085,0.0554,0.341
507011260,Jandakot,533.0,338.0,2636.0,WA,453,545,0.1282,0.341
507021164,East Fremantle,1665.0,1202.0,8361.0,WA,1612,1938,0.1438,0.341
507021165,Fremantle,3636.0,2497.0,19584.0,WA,3348,4025,0.1275,0.341
507021166,Fremantle - South,3353.0,2465.0,16920.0,WA,3306,3974,0.1457,0.341
507021167,O`Connor (WA),1.0,0.0,7.0,WA,0,0,0.0,0.341
507031169,Wellard (West) - Bertram,1215.0,734.0,22095.0,WA,984,1183,0.0332,0.341
507031170,Calista,1270.0,901.0,7790.0,WA,1208,1452,0.1157,0.341
507031172,Hope Valley - Postans,26.0,19.0,80.0,WA,25,31,0.2375,0.341
507031173,Kwinana Industrial,6.0,6.0,25.0,WA,8,10,0.24,0.341
507031174,Parmelia - Orelia,1771.0,1229.0,12301.0,WA,1648,1981,0.0999,0.341
507031261,Casuarina - Wandi,897.0,551.0,12381.0,WA,739,888,0.0445,0.341
507041175,Applecross - Ardross,2757.0,2034.0,12850.0,WA,2728,3279,0.1583,0.341
507041176,Bateman,733.0,536.0,4138.0,WA,719,864,0.1295,0.341
507041177,Bicton - Palmyra,3207.0,2346.0,16132.0,WA,3146,3782,0.1454,0.341
507041178,Booragoon,3695.0,2746.0,17247.0,WA,3682,4427,0.1592,0.341
507041179,Bull Creek,2099.0,1650.0,8650.0,WA,2213,2660,0.1908,0.341
507041180,Leeming,2532.0,1661.0,11571.0,WA,2227,2678,0.1435,0.341
507041181,Melville,3535.0,2639.0,18986.0,WA,3539,4254,0.139,0.341
507041182,Murdoch - Kardinya,3230.0,2418.0,14047.0,WA,3243,3898,0.1721,0.341
507041183,Willagee,900.0,670.0,6075.0,WA,898,1080,0.1103,0.341
507041184,Winthrop,1570.0,1068.0,6526.0,WA,1432,1722,0.1637,0.341
507051186,Cooloongup,1863.0,1342.0,9060.0,WA,1800,2163,0.1481,0.341
507051187,Port Kennedy,1833.0,1249.0,14418.0,WA,1675,2013,0.0866,0.341
507051188,Rockingham,4805.0,3552.0,18463.0,WA,4763,5726,0.1924,0.341
507051189,Rockingham Lakes,3.0,3.0,3.0,WA,4,5,1.0,0.341
507051190,Safety Bay - Shoalwater,3115.0,2205.0,13131.0,WA,2957,3554,0.1679,0.341
507051191,Singleton - Golden Bay - Secret Harbour,2012.0,1305.0,25471.0,WA,1750,2104,0.0512,0.341
507051192,Waikiki,2190.0,1425.0,13513.0,WA,1911,2297,0.1055,0.341
507051193,Warnbro,1810.0,1210.0,11624.0,WA,1623,1951,0.1041,0.341
507051312,Baldivis - North,1365.0,960.0,15666.0,WA,1287,1548,0.0613,0.341
507051313,Baldivis - South,2761.0,1839.0,30259.0,WA,2466,2964,0.0608,0.341
507051314,Karnup,226.0,154.0,2524.0,WA,207,248,0.061,0.341
509011225,Albany,4524.0,3456.0,15801.0,WA,4634,5571,0.2187,0.341
509011226,Albany Surrounds,797.0,516.0,3974.0,WA,692,832,0.1298,0.341
509011227,Bayonet Head - Lower King,1398.0,992.0,5607.0,WA,1330,1599,0.1769,0.341
509011228,Denmark,1911.0,1372.0,6707.0,WA,1840,2212,0.2046,0.341
509011229,Gnowangerup,500.0,301.0,3010.0,WA,404,485,0.1,0.341
509011230,Katanning,916.0,627.0,4784.0,WA,841,1011,0.1311,0.341
509011231,Kojonup,935.0,629.0,4218.0,WA,843,1014,0.1491,0.341
509011232,Little Grove - Elleker,1061.0,708.0,3901.0,WA,949,1141,0.1815,0.341
509011233,McKail - Willyung,2241.0,1581.0,12262.0,WA,2120,2549,0.1289,0.341
509011234,Plantagenet,1463.0,968.0,5734.0,WA,1298,1560,0.1688,0.341
509011235,Stirling Range National Park,0.0,0.0,0.0,WA,0,0,0.0,0.341
509021236,Chittering,1185.0,826.0,6753.0,WA,1108,1332,0.1223,0.341
509021237,Cunderdin,953.0,640.0,3843.0,WA,858,1032,0.1665,0.341
509021238,Dowerin,998.0,680.0,3940.0,WA,912,1096,0.1726,0.341
509021239,Gingin - Dandaragan,2777.0,1896.0,10269.0,WA,2543,3056,0.1846,0.341
509021240,Merredin,1182.0,817.0,5249.0,WA,1096,1317,0.1556,0.341
509021241,Moora,963.0,643.0,4732.0,WA,862,1037,0.1359,0.341
509021242,Mukinbudin,692.0,467.0,3091.0,WA,626,753,0.1511,0.341
509021243,Northam,2621.0,1789.0,12416.0,WA,2399,2884,0.1441,0.341
509021244,Toodyay,1433.0,977.0,5081.0,WA,1310,1575,0.1923,0.341
509021245,York - Beverley,1858.0,1301.0,5444.0,WA,1745,2097,0.239,0.341
509031246,Brookton,1001.0,743.0,3639.0,WA,996,1198,0.2042,0.341
509031247,Kulin,905.0,593.0,4399.0,WA,795,956,0.1348,0.341
509031248,Murray,516.0,352.0,2521.0,WA,472,567,0.1396,0.341
509031249,Narrogin,1027.0,732.0,4603.0,WA,982,1180,0.159,0.341
509031250,Wagin,1338.0,918.0,5058.0,WA,1231,1480,0.1815,0.341
510011262,Broome,1294.0,717.0,16238.0,WA,961,1156,0.0442,0.341
510011263,Derby - West Kimberley,726.0,434.0,8516.0,WA,582,700,0.051,0.341
510011264,Halls Creek,281.0,183.0,4236.0,WA,245,295,0.0432,0.341
510011265,Kununurra,702.0,369.0,8315.0,WA,495,595,0.0444,0.341
510011266,Roebuck,245.0,125.0,2629.0,WA,168,202,0.0475,0.341
510021267,East Pilbara,311.0,140.0,6256.0,WA,188,226,0.0224,0.341
510021268,Newman,140.0,50.0,4588.0,WA,67,81,0.0109,0.341
510021269,Port Hedland,176.0,72.0,4352.0,WA,97,116,0.0165,0.341
510021270,South Hedland,549.0,241.0,12655.0,WA,323,388,0.019,0.341
510031271,Ashburton (WA),335.0,139.0,8179.0,WA,186,224,0.017,0.341
510031272,Karratha,555.0,247.0,19051.0,WA,331,398,0.013,0.341
510031273,Roebourne,316.0,154.0,5665.0,WA,207,248,0.0272,0.341
511011274,Esperance,2697.0,1975.0,12515.0,WA,2648,3184,0.1578,0.341
511011275,Esperance Surrounds,721.0,444.0,4327.0,WA,595,716,0.1026,0.341
511021276,Carnarvon,951.0,594.0,5253.0,WA,797,958,0.1131,0.341
511021277,Exmouth,706.0,461.0,5277.0,WA,618,743,0.0874,0.341
511031278,Boulder,785.0,449.0,7705.0,WA,602,724,0.0583,0.341
511031279,Kalgoorlie,1315.0,832.0,13597.0,WA,1116,1341,0.0612,0.341
511031280,Kalgoorlie - North,889.0,530.0,9417.0,WA,711,854,0.0563,0.341
511031281,Kalgoorlie Airport,0.0,0.0,0.0,WA,0,0,0.0,0.341
511031282,Kambalda - Coolgardie - Norseman,702.0,400.0,4774.0,WA,536,645,0.0838,0.341
511031283,Leinster - Leonora,429.0,189.0,5240.0,WA,253,305,0.0361,0.341
511031284,Trafalgar (WA),0.0,0.0,0.0,WA,0,0,0.0,0.341
511041285,Geraldton,2959.0,2147.0,12334.0,WA,2879,3461,0.1741,0.341
511041286,Geraldton - East,1268.0,834.0,8483.0,WA,1118,1344,0.0983,0.341
511041287,Geraldton - North,1483.0,996.0,9646.0,WA,1336,1606,0.1033,0.341
511041288,Geraldton - South,1858.0,1262.0,11077.0,WA,1692,2034,0.1139,0.341
511041289,Irwin,1257.0,861.0,3864.0,WA,1155,1388,0.2228,0.341
511041290,Meekatharra,471.0,318.0,3347.0,WA,426,513,0.095,0.341
511041291,Morawa,1043.0,674.0,4077.0,WA,904,1086,0.1653,0.341
511041292,Northampton - Mullewa - Greenough,1601.0,1052.0,5862.0,WA,1411,1696,0.1795,0.341
601011001,Bridgewater - Gagebrook,1107.0,735.0,8669.0,TAS,914,1074,0.0848,0.243
601011002,Brighton - Pontville,980.0,661.0,6955.0,TAS,822,966,0.095,0.243
601011003,Old Beach - Otago,1070.0,742.0,5240.0,TAS,922,1084,0.1416,0.243
601021004,Bellerive - Rosny,1749.0,1304.0,6600.0,TAS,1621,1905,0.1976,0.243
601021005,Cambridge,1846.0,1200.0,8853.0,TAS,1492,1753,0.1355,0.243
601021006,Geilston Bay - Risdon,771.0,527.0,3626.0,TAS,655,770,0.1453,0.243
601021007,Howrah - Tranmere,2950.0,2260.0,12063.0,TAS,2809,3302,0.1873,0.243
601021008,Lindisfarne - Rose Bay,2273.0,1785.0,7867.0,TAS,2219,2608,0.2269,0.243
601021009,Mornington - Warrane,860.0,646.0,5102.0,TAS,803,944,0.1266,0.243
601021010,Risdon Vale,526.0,415.0,3775.0,TAS,516,606,0.1099,0.243
601021011,Rokeby,1074.0,729.0,9004.0,TAS,906,1065,0.081,0.243
601021012,South Arm,1033.0,641.0,4657.0,TAS,797,937,0.1376,0.243
601031013,Austins Ferry - Granton,805.0,564.0,4647.0,TAS,701,824,0.1214,0.243
601031014,Berriedale - Chigwell,1032.0,705.0,5901.0,TAS,876,1030,0.1195,0.243
601031015,Claremont (Tas.),1718.0,1296.0,8614.0,TAS,1611,1893,0.1505,0.243
601031016,Derwent Park - Lutana,729.0,501.0,4632.0,TAS,623,732,0.1082,0.243
601031017,Glenorchy,2196.0,1599.0,12341.0,TAS,1988,2336,0.1296,0.243
601031018,Montrose - Rosetta,1097.0,806.0,4996.0,TAS,1002,1178,0.1613,0.243
601031019,Moonah,879.0,578.0,5626.0,TAS,718,844,0.1027,0.243
601031020,New Norfolk,1549.0,1063.0,7649.0,TAS,1321,1553,0.139,0.243
601031021,West Moonah,656.0,474.0,4272.0,TAS,589,693,0.111,0.243
601041022,Kingston - Huntingfield,2654.0,1997.0,14302.0,TAS,2482,2918,0.1396,0.243
601041023,Kingston Beach - Blackmans Bay,2688.0,1920.0,11354.0,TAS,2387,2805,0.1691,0.243
601041024,Margate - Snug,1548.0,1076.0,8726.0,TAS,1337,1572,0.1233,0.243
601041025,Mount Wellington,0.0,0.0,0.0,TAS,0,0,0.0,0.243
601041026,Taroona - Bonnet Hill,889.0,644.0,3600.0,TAS,800,941,0.1789,0.243
601051027,Hobart,1632.0,1198.0,9304.0,TAS,1489,1750,0.1288,0.243
601051028,Lenah Valley - Mount Stuart,1614.0,1106.0,9200.0,TAS,1375,1616,0.1202,0.243
601051029,Mount Nelson - Dynnyrne,862.0,614.0,5231.0,TAS,763,897,0.1174,0.243
601051030,New Town,1146.0,814.0,6519.0,TAS,1012,1189,0.1249,0.243
601051031,Sandy Bay,2838.0,2147.0,12605.0,TAS,2669,3137,0.1703,0.243
601051032,South Hobart - Fern Tree,1187.0,863.0,6809.0,TAS,1073,1261,0.1267,0.243
601051033,West Hobart,1128.0,763.0,6417.0,TAS,948,1115,0.1189,0.243
601061034,Dodges Ferry - Lewisham,1897.0,1190.0,9032.0,TAS,1479,1739,0.1318,0.243
601061035,Sorell - Richmond,2393.0,1741.0,10742.0,TAS,2164,2544,0.1621,0.243
602011036,Invermay,501.0,330.0,3514.0,TAS,410,482,0.0939,0.243
602011037,Kings Meadows - Punchbowl,942.0,693.0,5033.0,TAS,861,1012,0.1377,0.243
602011038,Launceston,1116.0,816.0,5441.0,TAS,1014,1192,0.15,0.243
602011039,Legana,1070.0,788.0,5070.0,TAS,979,1151,0.1554,0.243
602011040,Mowbray,570.0,427.0,4142.0,TAS,531,624,0.1031,0.243
602011041,Newnham - Mayfield,1537.0,1079.0,10010.0,TAS,1341,1576,0.1078,0.243
602011042,Newstead,1296.0,1027.0,5498.0,TAS,1277,1500,0.1868,0.243
602011043,Norwood (Tas.),1114.0,864.0,3931.0,TAS,1074,1262,0.2198,0.243
602011044,Prospect Vale - Blackstone,1851.0,1405.0,6923.0,TAS,1746,2053,0.2029,0.243
602011045,Ravenswood,672.0,496.0,3969.0,TAS,617,725,0.125,0.243
602011046,Riverside,1692.0,1186.0,7497.0,TAS,1474,1733,0.1582,0.243
602011047,South Launceston,773.0,564.0,4880.0,TAS,701,824,0.1156,0.243
602011048,Summerhill - Prospect,1049.0,761.0,4992.0,TAS,946,1112,0.1524,0.243
602011049,Trevallyn,897.0,603.0,4902.0,TAS,750,881,0.123,0.243
602011050,Waverley - St Leonards,634.0,429.0,4114.0,TAS,533,627,0.1043,0.243
602011051,West Launceston,880.0,603.0,4229.0,TAS,750,881,0.1426,0.243
602011052,Youngtown - Relbia,1162.0,892.0,5254.0,TAS,1109,1303,0.1698,0.243
602021053,Beauty Point - Beaconsfield,1438.0,946.0,4204.0,TAS,1176,1382,0.225,0.243
602021054,Deloraine,1707.0,1232.0,6325.0,TAS,1531,1800,0.1948,0.243
602021055,Grindelwald - Lanena,1793.0,1233.0,6439.0,TAS,1533,1801,0.1915,0.243
602021056,Hadspen - Carrick,721.0,482.0,3795.0,TAS,599,704,0.127,0.243
602021057,Westbury,1220.0,835.0,4677.0,TAS,1038,1220,0.1785,0.243
602031058,Dilston - Lilydale,978.0,629.0,4579.0,TAS,782,919,0.1374,0.243
602031059,George Town,2017.0,1413.0,7428.0,TAS,1756,2064,0.1902,0.243
602031060,Longford,1229.0,893.0,4643.0,TAS,1110,1305,0.1923,0.243
602031061,Northern Midlands,934.0,642.0,3859.0,TAS,798,938,0.1664,0.243
602031062,Perth - Evandale,1357.0,931.0,5793.0,TAS,1157,1360,0.1607,0.243
602031064,St Helens - Scamander,2402.0,1619.0,7156.0,TAS,2012,2365,0.2262,0.243
602031099,Flinders and Cape Barren Islands,356.0,257.0,941.0,TAS,319,375,0.2731,0.243
602031100,Scottsdale - Bridport,1922.0,1335.0,7011.0,TAS,1659,1950,0.1904,0.243
603011065,Central Highlands,698.0,457.0,2490.0,TAS,568,668,0.1835,0.243
603011066,Derwent Valley,673.0,448.0,3475.0,TAS,557,655,0.1289,0.243
603011067,Southern Midlands,1458.0,970.0,6981.0,TAS,1206,1417,0.1389,0.243
603011068,Wilderness - East,0.0,0.0,7.0,TAS,0,0,0.0,0.243
603021069,Bruny Island - Kettering,1194.0,841.0,3607.0,TAS,1045,1229,0.2332,0.243
603021070,Cygnet,1438.0,965.0,5145.0,TAS,1199,1410,0.1876,0.243
603021071,Geeveston - Dover,1191.0,810.0,4383.0,TAS,1007,1183,0.1848,0.243
603021072,Huonville - Franklin,1991.0,1361.0,10211.0,TAS,1692,1988,0.1333,0.243
603031073,Forestier - Tasman,961.0,629.0,2722.0,TAS,782,919,0.2311,0.243
603031074,Triabunna - Bicheno,1936.0,1371.0,5263.0,TAS,1704,2003,0.2605,0.243
604011075,Acton - Upper Burnie,712.0,515.0,3395.0,TAS,640,752,0.1517,0.243
604011076,Burnie - Ulverstone Surrounds,1069.0,666.0,5385.0,TAS,828,973,0.1237,0.243
604011077,Burnie - Wivenhoe,703.0,487.0,3669.0,TAS,605,712,0.1327,0.243
604011078,Parklands - Camdale,1371.0,958.0,7039.0,TAS,1191,1400,0.1361,0.243
604011079,Penguin - Sulphur Creek,1340.0,934.0,5605.0,TAS,1161,1365,0.1666,0.243
604011080,Romaine - Havenview,715.0,507.0,3645.0,TAS,630,741,0.1391,0.243
604011081,Somerset,1067.0,757.0,4228.0,TAS,941,1106,0.179,0.243
604011082,Ulverstone,2173.0,1641.0,7131.0,TAS,2040,2398,0.2301,0.243
604011083,West Ulverstone,1249.0,918.0,4607.0,TAS,1141,1341,0.1993,0.243
604011084,Wynyard,1957.0,1457.0,6708.0,TAS,1811,2129,0.2172,0.243
604021085,Devonport,3487.0,2650.0,14840.0,TAS,3294,3872,0.1786,0.243
604021086,East Devonport,1325.0,983.0,5281.0,TAS,1222,1436,0.1861,0.243
604021087,Latrobe,1426.0,1070.0,5750.0,TAS,1330,1563,0.1861,0.243
604021088,Miandetta - Don,790.0,535.0,3780.0,TAS,665,782,0.1415,0.243
604021089,Port Sorell,2211.0,1611.0,6830.0,TAS,2002,2354,0.2359,0.243
604021090,Quoiba - Spreyton,719.0,498.0,3281.0,TAS,619,728,0.1518,0.243
604021091,Sheffield - Railton,1666.0,1117.0,6905.0,TAS,1388,1632,0.1618,0.243
604021092,Turners Beach - Forth,888.0,597.0,3671.0,TAS,742,872,0.1626,0.243
604031093,King Island,395.0,287.0,1660.0,TAS,357,419,0.1729,0.243
604031094,North West,831.0,530.0,4402.0,TAS,659,774,0.1204,0.243
604031095,Smithton,914.0,676.0,3913.0,TAS,840,988,0.1728,0.243
604031096,Waratah,888.0,584.0,3969.0,TAS,726,853,0.1471,0.243
604031097,West Coast (Tas.),1033.0,668.0,4339.0,TAS,830,976,0.154,0.243
604031098,Wilderness - West,0.0,0.0,0.0,TAS,0,0,0.0,0.243
701011001,Darwin Airport,1.0,0.0,20.0,NT,0,0,0.0,0.421
701011002,Darwin City,667.0,381.0,7872.0,NT,541,645,0.0484,0.421
701011003,East Point,0.0,0.0,0.0,NT,0,0,0.0,0.421
701011004,Fannie Bay - The Gardens,736.0,530.0,3875.0,NT,753,897,0.1368,0.421
701011005,Larrakeyah,421.0,263.0,4389.0,NT,374,445,0.0599,0.421
701011006,Ludmilla - The Narrows,321.0,228.0,2695.0,NT,324,386,0.0846,0.421
701011007,Parap,358.0,233.0,2969.0,NT,331,394,0.0785,0.421
701011008,Stuart Park,396.0,231.0,4420.0,NT,328,391,0.0523,0.421
701011009,Woolner - Bayview - Winnellie,222.0,158.0,2836.0,NT,225,267,0.0557,0.421
701021010,Alawa,293.0,209.0,2206.0,NT,297,354,0.0947,0.421
701021011,Anula,339.0,210.0,2524.0,NT,298,356,0.0832,0.421
701021012,Berrimah,185.0,106.0,2300.0,NT,151,179,0.0461,0.421
701021013,Brinkin - Nakara,442.0,318.0,3421.0,NT,452,538,0.093,0.421
701021014,Buffalo Creek,0.0,0.0,0.0,NT,0,0,0.0,0.421
701021015,Charles Darwin,0.0,0.0,3.0,NT,0,0,0.0,0.421
701021016,Coconut Grove,426.0,280.0,3007.0,NT,398,474,0.0931,0.421
701021017,East Arm,4.0,1.0,23.0,NT,1,2,0.0435,0.421
701021018,Jingili,228.0,170.0,1906.0,NT,242,288,0.0892,0.421
701021019,Karama,599.0,354.0,5040.0,NT,503,599,0.0702,0.421
701021020,Leanyer,736.0,487.0,4988.0,NT,692,824,0.0976,0.421
701021021,Lyons (NT),242.0,157.0,6989.0,NT,223,266,0.0225,0.421
701021022,Malak - Marrara,725.0,501.0,4656.0,NT,712,848,0.1076,0.421
701021023,Millner,337.0,243.0,2635.0,NT,345,411,0.0922,0.421
701021024,Moil,292.0,213.0,2112.0,NT,303,361,0.1009,0.421
701021025,Nightcliff,528.0,366.0,4121.0,NT,520,620,0.0888,0.421
701021026,Rapid Creek,355.0,231.0,3408.0,NT,328,391,0.0678,0.421
701021027,Tiwi,510.0,385.0,2585.0,NT,547,652,0.1489,0.421
701021028,Wagaman,275.0,198.0,2055.0,NT,281,335,0.0964,0.421
701021029,Wanguri,268.0,157.0,1866.0,NT,223,266,0.0841,0.421
701021030,Wulagi,318.0,216.0,2687.0,NT,307,366,0.0804,0.421
701031031,Howard Springs,675.0,426.0,5929.0,NT,605,721,0.0719,0.421
701031032,Humpty Doo,1190.0,712.0,9266.0,NT,1012,1205,0.0768,0.421
701031033,Koolpinyah,8.0,4.0,14.0,NT,6,7,0.2857,0.421
701031034,Virginia,571.0,359.0,3598.0,NT,510,608,0.0998,0.421
701031035,Weddell,681.0,400.0,4642.0,NT,568,677,0.0862,0.421
701041036,Bakewell,220.0,132.0,3345.0,NT,188,223,0.0395,0.421
701041037,Driver,269.0,171.0,2894.0,NT,243,290,0.0591,0.421
701041038,Durack - Marlow Lagoon,401.0,236.0,4883.0,NT,335,400,0.0483,0.421
701041039,Gray,350.0,225.0,3387.0,NT,320,381,0.0664,0.421
701041040,Moulden,369.0,225.0,3253.0,NT,320,381,0.0692,0.421
701041041,Palmerston - North,301.0,198.0,4747.0,NT,281,335,0.0417,0.421
701041042,Palmerston - South,229.0,138.0,8546.0,NT,196,234,0.0161,0.421
701041043,Rosebery - Bellamack,410.0,258.0,6950.0,NT,367,437,0.0371,0.421
701041044,Woodroffe,314.0,207.0,3427.0,NT,294,350,0.0604,0.421
702011045,Charles,446.0,263.0,4696.0,NT,374,445,0.056,0.421
702011046,East Side,648.0,378.0,6285.0,NT,537,640,0.0601,0.421
702011047,Flynn (NT),447.0,270.0,5150.0,NT,384,457,0.0524,0.421
702011048,Larapinta,464.0,260.0,5692.0,NT,369,440,0.0457,0.421
702011049,Mount Johns,402.0,202.0,4776.0,NT,287,342,0.0423,0.421
702011050,Petermann - Simpson,92.0,47.0,2251.0,NT,67,80,0.0209,0.421
702011051,Ross,558.0,374.0,3094.0,NT,531,633,0.1209,0.421
702011052,Sandover - Plenty,287.0,145.0,4568.0,NT,206,245,0.0317,0.421
702011053,Tanami,183.0,99.0,3382.0,NT,141,168,0.0293,0.421
702011054,Yuendumu - Anmatjere,174.0,98.0,2068.0,NT,139,166,0.0474,0.421
702021055,Barkly,137.0,72.0,2547.0,NT,102,122,0.0283,0.421
702021056,Tennant Creek,354.0,194.0,3520.0,NT,276,328,0.0551,0.421
702031057,Alligator,1022.0,627.0,4733.0,NT,891,1062,0.1325,0.421
702031058,Daly,185.0,116.0,2185.0,NT,165,196,0.0531,0.421
702031059,Thamarrurr,99.0,43.0,2442.0,NT,61,73,0.0176,0.421
702031060,Tiwi Islands,164.0,68.0,2744.0,NT,97,115,0.0248,0.421
702031061,West Arnhem,225.0,113.0,6270.0,NT,161,191,0.018,0.421
702041062,Anindilyakwa,95.0,40.0,2927.0,NT,57,68,0.0137,0.421
702041063,East Arnhem,408.0,180.0,8010.0,NT,256,305,0.0225,0.421
702041064,Nhulunbuy,179.0,87.0,3787.0,NT,124,147,0.023,0.421
702051065,Elsey,179.0,110.0,2643.0,NT,156,186,0.0416,0.421
702051066,Gulf,350.0,199.0,4862.0,NT,283,337,0.0409,0.421
702051067,Katherine,1046.0,641.0,10868.0,NT,911,1085,0.059,0.421
702051068,Victoria River,157.0,89.0,3080.0,NT,126,151,0.0289,0.421
801011001,Aranda,499.0,379.0,2582.0,ACT,526,627,0.1468,0.389
801011002,Belconnen,858.0,665.0,9414.0,ACT,924,1100,0.0706,0.389
801011003,Bruce,836.0,604.0,8008.0,ACT,839,999,0.0754,0.389
801011004,Charnwood,414.0,287.0,3025.0,ACT,399,475,0.0949,0.389
801011005,Cook,600.0,443.0,2896.0,ACT,615,733,0.153,0.389
801011006,Dunlop,708.0,462.0,7296.0,ACT,642,764,0.0633,0.389
801011007,Evatt,858.0,594.0,5469.0,ACT,825,982,0.1086,0.389
801011008,Florey,893.0,607.0,4710.0,ACT,843,1004,0.1289,0.389
801011009,Flynn (ACT),632.0,444.0,3672.0,ACT,617,734,0.1209,0.389
801011010,Fraser,407.0,296.0,2070.0,ACT,411,490,0.143,0.389
801011011,Giralang,627.0,458.0,3346.0,ACT,636,758,0.1369,0.389
801011012,Gooromon,0.0,0.0,4.0,ACT,0,0,0.0,0.389
801011013,Hawker,644.0,513.0,2987.0,ACT,713,849,0.1717,0.389
801011014,Higgins,595.0,466.0,3278.0,ACT,647,771,0.1422,0.389
801011015,Holt,938.0,733.0,5980.0,ACT,1018,1212,0.1226,0.389
801011016,Kaleen,1640.0,1179.0,7685.0,ACT,1638,1950,0.1534,0.389
801011017,Latham,620.0,453.0,3741.0,ACT,629,749,0.1211,0.389
801011018,Lawson,78.0,42.0,2872.0,ACT,58,69,0.0146,0.389
801011019,Macgregor (ACT),707.0,514.0,6942.0,ACT,714,850,0.074,0.389
801011020,Macquarie,570.0,424.0,3154.0,ACT,589,701,0.1344,0.389
801011021,McKellar,560.0,390.0,2633.0,ACT,542,645,0.1481,0.389
801011022,Melba,579.0,426.0,3382.0,ACT,592,705,0.126,0.389
801011023,Page,682.0,576.0,2983.0,ACT,800,953,0.1931,0.389
801011024,Scullin,404.0,315.0,3039.0,ACT,438,521,0.1037,0.389
801011025,Spence,466.0,368.0,2521.0,ACT,511,609,0.146,0.389
801011026,Weetangera,539.0,415.0,2841.0,ACT,576,686,0.1461,0.389
801011111,Molonglo Corridor,0.0,0.0,16.0,ACT,0,0,0.0,0.389
801011142,Macnamara,0.0,0.0,0.0,ACT,0,0,0.0,0.389
801011143,Strathnairn,44.0,26.0,1915.0,ACT,36,43,0.0136,0.389
801011144,West Belconnen,0.0,0.0,22.0,ACT,0,0,0.0,0.389
801031031,Hume,13.0,9.0,394.0,ACT,13,15,0.0228,0.389
801031032,Kowen,6.0,1.0,23.0,ACT,1,2,0.0435,0.389
801031113,Canberra East,251.0,145.0,1194.0,ACT,201,240,0.1214,0.389
801031114,Canberra Airport,10.0,6.0,128.0,ACT,8,10,0.0469,0.389
801031115,Majura,23.0,19.0,270.0,ACT,26,31,0.0704,0.389
801041034,Amaroo,570.0,380.0,5967.0,ACT,528,629,0.0637,0.389
801041035,Bonner,358.0,252.0,7358.0,ACT,350,417,0.0342,0.389
801041036,Casey,387.0,236.0,6636.0,ACT,328,390,0.0356,0.389
801041037,Crace,475.0,379.0,4779.0,ACT,526,627,0.0793,0.389
801041038,Forde,311.0,198.0,4401.0,ACT,275,327,0.045,0.389
801041039,Franklin,364.0,224.0,7457.0,ACT,311,370,0.03,0.389
801041040,Gungahlin,694.0,427.0,9192.0,ACT,593,706,0.0465,0.389
801041043,Hall,66.0,55.0,290.0,ACT,76,91,0.1897,0.389
801041044,Harrison,368.0,233.0,8073.0,ACT,324,385,0.0289,0.389
801041045,Mitchell,0.0,0.0,8.0,ACT,0,0,0.0,0.389
801041046,Ngunnawal,1283.0,925.0,11060.0,ACT,1285,1530,0.0836,0.389
801041047,Nicholls,1204.0,840.0,6516.0,ACT,1167,1389,0.1289,0.389
801041048,Palmerston,742.0,475.0,5491.0,ACT,660,786,0.0865,0.389
801041116,Gungahlin - East,0.0,0.0,0.0,ACT,0,0,0.0,0.389
801041117,Gungahlin - West,0.0,0.0,0.0,ACT,0,0,0.0,0.389
801041118,Jacka,39.0,23.0,678.0,ACT,32,38,0.0339,0.389
801041119,Kenny,3.0,1.0,18.0,ACT,1,2,0.0556,0.389
801041120,Moncrieff,192.0,106.0,5913.0,ACT,147,175,0.0179,0.389
801041121,Taylor,120.0,70.0,4766.0,ACT,97,116,0.0147,0.389
801041122,Throsby,110.0,67.0,3575.0,ACT,93,111,0.0187,0.389
801051049,Acton,2.0,2.0,3279.0,ACT,3,3,0.0006,0.389
801051050,Ainslie,1075.0,815.0,5357.0,ACT,1132,1348,0.1521,0.389
801051051,Braddon,481.0,341.0,7272.0,ACT,474,564,0.0469,0.389
801051053,Civic,320.0,214.0,5269.0,ACT,297,354,0.0406,0.389
801051054,Dickson,280.0,192.0,3989.0,ACT,267,318,0.0481,0.389
801051055,Downer,559.0,407.0,4515.0,ACT,565,673,0.0901,0.389
801051056,Hackett,510.0,373.0,3295.0,ACT,518,617,0.1132,0.389
801051057,Lyneham,861.0,639.0,5875.0,ACT,888,1057,0.1088,0.389
801051058,O`Connor (ACT),871.0,596.0,5865.0,ACT,828,986,0.1016,0.389
801051060,Turner,461.0,331.0,4734.0,ACT,460,547,0.0699,0.389
801051061,Watson,705.0,492.0,7169.0,ACT,683,814,0.0686,0.389
801051123,Black Mountain,0.0,0.0,0.0,ACT,0,0,0.0,0.389
801051124,Campbell,861.0,604.0,5246.0,ACT,839,999,0.1151,0.389
801051125,Duntroon,8.0,6.0,2241.0,ACT,8,10,0.0027,0.389
801051126,Parkes (ACT) - North,13.0,12.0,275.0,ACT,17,20,0.0436,0.389
801051127,Reid,329.0,231.0,1957.0,ACT,321,382,0.118,0.389
801051128,Russell,0.0,0.0,0.0,ACT,0,0,0.0,0.389
801061062,Deakin,778.0,629.0,3166.0,ACT,874,1040,0.1987,0.389
801061063,Forrest,468.0,357.0,1897.0,ACT,496,590,0.1882,0.389
801061064,Griffith (ACT),910.0,629.0,5698.0,ACT,874,1040,0.1104,0.389
801061066,Lake Burley Griffin,0.0,0.0,0.0,ACT,0,0,0.0,0.389
801061067,Narrabundah,1209.0,935.0,6896.0,ACT,1299,1546,0.1356,0.389
801061068,Parkes (ACT) - South,4.0,4.0,4.0,ACT,6,7,1.0,0.389
801061069,Red Hill (ACT),713.0,546.0,3541.0,ACT,758,903,0.1542,0.389
801061070,Yarralumla,929.0,707.0,3102.0,ACT,982,1169,0.2279,0.389
801061129,Barton,356.0,244.0,1996.0,ACT,339,404,0.1222,0.389
801061130,Fyshwick,5.0,4.0,59.0,ACT,6,7,0.0678,0.389
801061131,Kingston (ACT),958.0,648.0,7338.0,ACT,900,1072,0.0883,0.389
801071071,Banks,505.0,307.0,5008.0,ACT,426,508,0.0613,0.389
801071072,Bonython,591.0,386.0,3703.0,ACT,536,638,0.1042,0.389
801071073,Calwell,812.0,474.0,5552.0,ACT,658,784,0.0854,0.389
801071074,Chisholm,829.0,499.0,5221.0,ACT,693,825,0.0956,0.389
801071075,Conder,605.0,391.0,4908.0,ACT,543,647,0.0797,0.389
801071076,Fadden,603.0,412.0,2967.0,ACT,572,681,0.1389,0.389
801071077,Gilmore,363.0,216.0,2648.0,ACT,300,357,0.0816,0.389
801071078,Gordon (ACT),1128.0,772.0,7774.0,ACT,1072,1277,0.0993,0.389
801071079,Gowrie (ACT),585.0,396.0,3096.0,ACT,550,655,0.1279,0.389
801071080,Greenway,1028.0,812.0,5353.0,ACT,1128,1343,0.1517,0.389
801071081,Isabella Plains,696.0,478.0,4276.0,ACT,664,791,0.1118,0.389
801071082,Kambah,3231.0,2431.0,15731.0,ACT,3377,4021,0.1545,0.389
801071083,Macarthur,268.0,159.0,1369.0,ACT,221,263,0.1161,0.389
801071084,Monash,1398.0,1007.0,5580.0,ACT,1399,1666,0.1805,0.389
801071085,Mount Taylor,0.0,0.0,0.0,ACT,0,0,0.0,0.389
801071086,Oxley (ACT),291.0,176.0,1665.0,ACT,244,291,0.1057,0.389
801071087,Richardson,430.0,233.0,2992.0,ACT,324,385,0.0779,0.389
801071088,Theodore,481.0,251.0,3726.0,ACT,349,415,0.0674,0.389
801071089,Tuggeranong,17.0,15.0,40.0,ACT,21,25,0.375,0.389
801071090,Wanniassa,1515.0,1067.0,7721.0,ACT,1482,1765,0.1382,0.389
801071132,Tuggeranong - West,4.0,4.0,10.0,ACT,6,7,0.4,0.389
801081091,Chapman,725.0,547.0,2873.0,ACT,760,905,0.1904,0.389
801081092,Duffy,535.0,420.0,3429.0,ACT,583,695,0.1225,0.389
801081093,Fisher,619.0,511.0,3310.0,ACT,710,845,0.1544,0.389
801081094,Holder,549.0,428.0,2870.0,ACT,594,708,0.1491,0.389
801081095,Rivett,648.0,510.0,3385.0,ACT,708,844,0.1507,0.389
801081096,Stirling,558.0,444.0,2139.0,ACT,617,734,0.2076,0.389
801081097,Waramanga,549.0,431.0,2733.0,ACT,599,713,0.1577,0.389
801081098,Weston,866.0,714.0,3985.0,ACT,992,1181,0.1792,0.389
801081133,Scrivener,0.0,0.0,0.0,ACT,0,0,0.0,0.389
801091099,Chifley,436.0,322.0,2698.0,ACT,447,533,0.1193,0.389
801091100,Curtin,962.0,729.0,5489.0,ACT,1013,1206,0.1328,0.389
801091101,Farrer,850.0,685.0,3751.0,ACT,951,1133,0.1826,0.389
801091102,Garran,754.0,590.0,3709.0,ACT,820,976,0.1591,0.389
801091103,Hughes,603.0,469.0,3150.0,ACT,651,776,0.1489,0.389
801091104,Isaacs,653.0,516.0,2346.0,ACT,717,853,0.2199,0.389
801091105,Lyons (ACT),572.0,469.0,3273.0,ACT,651,776,0.1433,0.389
801091106,Mawson,632.0,453.0,3474.0,ACT,629,749,0.1304,0.389
801091107,O`Malley,268.0,209.0,952.0,ACT,290,346,0.2195,0.389
801091108,Pearce,514.0,399.0,2698.0,ACT,554,660,0.1479,0.389
801091109,Phillip,481.0,335.0,6478.0,ACT,465,554,0.0517,0.389
801091110,Torrens,398.0,298.0,2418.0,ACT,414,493,0.1232,0.389
801101134,Arboretum,6.0,4.0,10.0,ACT,6,7,0.4,0.389
801101135,Coombs,221.0,122.0,5872.0,ACT,169,202,0.0208,0.389
801101136,Denman Prospect,165.0,97.0,4888.0,ACT,135,160,0.0198,0.389
801101137,Molonglo,0.0,0.0,0.0,ACT,0,0,0.0,0.389
801101139,Wright,189.0,122.0,4374.0,ACT,169,202,0.0279,0.389
801101145,Molonglo - East,0.0,0.0,3.0,ACT,0,0,0.0,0.389
801101146,Whitlam,47.0,39.0,879.0,ACT,54,65,0.0444,0.389
801111140,ACT - South West,55.0,24.0,557.0,ACT,33,40,0.0431,0.389
801111141,Namadgi,8.0,1.0,67.0,ACT,1,2,0.0149,0.389
901011001,Christmas Island,263.0,160.0,1865.0,OT,208,248,0.0858,0.3
901021002,Cocos (Keeling) Islands,128.0,85.0,625.0,OT,110,132,0.136,0.3
901031003,Jervis Bay,53.0,28.0,304.0,OT,36,43,0.0921,0.3
901041004,Norfolk Island,660.0,457.0,2200.0,OT,594,708,0.2077,0.3
