sa2_code,sa2_name,sa3_code,state,residential_recipients,home_care_recipients,chsp_recipients,total_recipients
101021007,Braidwood,10102,1,35,65,136,236
101021008,Karabar,10102,1,38,70,148,257
101021009,Queanbeyan,10102,1,51,93,195,339
101021010,Queanbeyan - East,10102,1,20,37,77,134
101021012,Queanbeyan West - Jerrabomberra,10102,1,37,67,142,246
101021610,Googong,10102,1,9,17,35,61
101021611,Queanbeyan Surrounds,10102,1,81,149,313,542
101031013,Bombala,10103,1,12,31,110,153
101031014,Cooma,10103,1,26,67,239,332
101031015,Cooma Surrounds,10103,1,16,39,141,195
101031016,Jindabyne - Berridale,10103,1,20,50,179,249
101041017,Batemans Bay,10104,1,101,215,413,729
101041018,Batemans Bay - South,10104,1,117,251,480,848
101041019,Bega - Tathra,10104,1,85,182,350,618
101041020,Bega-Eden Hinterland,10104,1,81,174,334,589
101041021,Broulee - Tomakin,10104,1,47,100,191,337
101041022,Deua - Wadbilliga,10104,1,1,2,3,5
101041023,Eden,10104,1,43,92,177,312
101041024,Eurobodalla Hinterland,10104,1,40,85,164,289
101041025,Merimbula - Tura Beach,10104,1,149,320,613,1082
101041026,Moruya - Tuross Head,10104,1,108,232,445,786
101041027,Narooma - Bermagui,10104,1,142,304,583,1029
101051539,Goulburn,10105,1,237,430,877,1544
101051540,Goulburn Surrounds,10105,1,153,277,565,995
101061541,Yass,10106,1,60,74,292,426
101061542,Yass Surrounds,10106,1,89,110,433,632
101061543,Young,10106,1,107,131,519,757
101061544,Young Surrounds,10106,1,81,99,393,573
102011028,Avoca Beach - Copacabana,10201,1,51,80,200,331
102011029,Box Head - MacMasters Beach,10201,1,144,223,560,927
102011030,Calga - Kulnura,10201,1,42,66,165,273
102011031,Erina - Green Point,10201,1,205,318,797,1320
102011032,Gosford - Springfield,10201,1,171,265,665,1101
102011033,Kariong,10201,1,28,43,108,180
102011034,Kincumber - Picketts Valley,10201,1,103,159,400,661
102011035,Narara,10201,1,44,68,172,284
102011036,Niagara Park - Lisarow,10201,1,53,82,206,342
102011037,Point Clare - Koolewong,10201,1,65,100,252,417
102011038,Saratoga - Davistown,10201,1,74,115,288,476
102011039,Terrigal - North Avoca,10201,1,130,202,508,840
102011040,Umina - Booker Bay - Patonga,10201,1,294,456,1143,1893
102011041,Wamberal - Forresters Beach,10201,1,96,149,374,620
102011042,Woy Woy - Blackwall,10201,1,160,249,624,1033
102011043,Wyoming,10201,1,109,169,425,703
102021044,Bateau Bay - Killarney Vale,10202,1,232,385,887,1504
102021045,Blue Haven - San Remo,10202,1,72,119,273,463
102021046,Budgewoi - Buff Point - Halekulani,10202,1,118,196,452,767
102021047,Chittaway Bay - Tumbi Umbi,10202,1,152,252,581,986
102021048,Gorokan - Kanwal - Charmhaven,10202,1,248,411,946,1605
102021049,Jilliby - Yarramalong,10202,1,30,49,113,192
102021050,Lake Munmorah - Mannering Park,10202,1,198,327,754,1279
102021051,Ourimbah - Fountaindale,10202,1,33,55,126,214
102021052,Summerland Point - Gwandalan,10202,1,76,126,291,493
102021053,The Entrance,10202,1,221,366,843,1429
102021054,Toukley - Norah Head,10202,1,128,212,488,828
102021055,Tuggerah - Kangy Angy,10202,1,40,67,154,262
102021056,Warnervale - Wadalba,10202,1,147,244,563,955
102021057,Wyong,10202,1,83,137,317,537
103011059,Bathurst - East,10301,1,122,102,393,617
103011060,Bathurst Surrounds,10301,1,83,70,269,422
103011061,Oberon,10301,1,75,63,243,381
103011612,Bathurst - South,10301,1,131,110,424,665
103011613,Bathurst - West,10301,1,136,114,438,687
103021062,Condobolin,10302,1,55,71,384,510
103021063,Cowra,10302,1,97,124,673,894
103021064,Cowra Surrounds,10302,1,69,88,478,635
103021065,Forbes,10302,1,98,126,680,903
103021066,Grenfell,10302,1,47,61,331,440
103021067,Parkes (NSW),10302,1,90,116,626,832
103021068,Parkes Surrounds,10302,1,31,40,214,284
103021069,West Wyalong,10302,1,50,65,351,467
103031070,Lithgow,10303,1,105,147,646,899
103031071,Lithgow Surrounds,10303,1,66,92,402,560
103031072,Mudgee,10303,1,78,109,479,667
103031073,Mudgee Surrounds - East,10303,1,36,50,221,307
103031074,Mudgee Surrounds - West,10303,1,76,106,463,645
103031075,Wollangambe - Wollemi,10303,1,0,0,0,0
103041076,Blayney,10304,1,80,80,299,459
103041077,Orange,10304,1,224,225,839,1289
103041078,Orange - North,10304,1,177,178,664,1019
103041079,Orange Surrounds,10304,1,126,127,473,726
104011080,Grafton,10401,1,197,401,1025,1623
104011081,Grafton Surrounds,10401,1,166,338,864,1368
104011082,Maclean - Yamba - Iluka,10401,1,261,533,1361,2155
104021083,Bellingen,10402,1,51,88,292,432
104021084,Coffs Harbour - North,10402,1,168,289,955,1412
104021085,Coffs Harbour - South,10402,1,115,198,654,967
104021086,Coramba - Nana Glen - Bucca,10402,1,27,47,156,231
104021087,Dorrigo,10402,1,40,69,227,335
104021088,Korora - Emerald Beach,10402,1,84,145,479,708
104021089,Sawtell - Boambee,10402,1,196,337,1115,1648
104021090,Urunga,10402,1,60,103,339,501
104021091,Woolgoolga - Arrawarra,10402,1,139,240,793,1172
105011092,Bourke - Brewarrina,10501,1,9,37,111,157
105011093,Cobar,10501,1,13,53,157,223
105011094,Coonamble,10501,1,13,53,159,226
105011095,Nyngan - Warren,10501,1,21,83,247,351
105011096,Walgett - Lightning Ridge,10501,1,23,90,269,381
105021097,Broken Hill,10502,1,161,151,806,1118
105021098,Far West,10502,1,19,18,96,133
105031099,Coonabarabran,10503,1,121,206,512,840
105031100,Dubbo - East,10503,1,82,139,346,567
105031101,Dubbo - South,10503,1,171,292,724,1187
105031102,Dubbo - West,10503,1,97,166,412,675
105031103,Dubbo Surrounds,10503,1,59,101,251,412
105031104,Gilgandra,10503,1,54,92,228,374
105031105,Narromine,10503,1,76,129,319,524
105031106,Wellington,10503,1,91,156,387,634
106011107,Branxton - Greta - Pokolbin,10601,1,76,97,342,514
106011108,Cessnock,10601,1,175,223,790,1188
106011109,Cessnock Surrounds,10601,1,65,83,292,440
106011110,Dungog,10601,1,83,106,375,564
106011111,Kurri Kurri - Abermain,10601,1,126,161,568,854
106011112,Singleton,10601,1,91,115,408,614
106011113,Singleton Surrounds,10601,1,36,45,161,242
106021114,Maitland,10602,1,52,69,224,344
106021116,Maitland - North,10602,1,69,92,300,461
106021614,East Maitland - Metford,10602,1,148,197,641,986
106021615,Rutherford (North) - Aberglasslyn,10602,1,127,169,552,849
106021616,Rutherford (South) - Telarah,10602,1,54,72,234,360
106021617,Tenambit - East Maitland,10602,1,114,152,496,762
106021618,Thornton - Millers Forest,10602,1,88,118,383,589
106031119,Anna Bay,10603,1,62,150,358,570
106031120,Lemon Tree Passage - Tanilba Bay,10603,1,52,125,299,476
106031121,Nelson Bay Peninsula,10603,1,219,529,1264,2012
106031122,Raymond Terrace,10603,1,70,170,405,645
106031123,Seaham - Woodville,10603,1,25,60,144,228
106031124,Tea Gardens - Hawks Nest,10603,1,89,215,513,817
106031125,Williamtown - Medowie - Karuah,10603,1,86,208,497,792
106041126,Muswellbrook,10604,1,67,88,387,542
106041127,Muswellbrook Surrounds,10604,1,30,40,174,244
106041128,Scone,10604,1,46,62,270,378
106041129,Scone Surrounds,10604,1,69,92,402,563
107011131,Dapto - Avondale,10701,1,285,336,1046,1667
107011132,Horsley - Kembla Grange,10701,1,71,83,259,413
107011133,Port Kembla Industrial,10701,1,0,0,0,0
107011134,Unanderra - Mount Kembla,10701,1,141,166,517,824
107011545,Berkeley - Lake Heights - Cringila,10701,1,133,157,488,778
107011546,Port Kembla - Warrawong,10701,1,105,124,385,613
107011547,Windang - Primbee,10701,1,74,87,271,433
107021135,Illawarra Catchment Reserve,10702,1,0,0,28,28
107031136,Albion Park - Macquarie Pass,10703,1,95,126,415,635
107031137,Albion Park Rail,10703,1,50,67,220,338
107031138,Kiama,10703,1,112,148,489,749
107031139,Kiama Downs - Minnamurra,10703,1,52,69,226,347
107031140,Kiama Hinterland - Gerringong,10703,1,83,111,364,558
107031141,Shellharbour - Flinders,10703,1,122,162,534,818
107031142,Shellharbour - Oak Flats,10703,1,91,121,400,613
107031143,Warilla,10703,1,177,234,773,1184
107041144,Balgownie - Fairy Meadow,10704,1,187,231,748,1166
107041145,Corrimal - Tarrawanna - Bellambi,10704,1,130,161,519,810
107041146,Figtree - Keiraville,10704,1,158,195,632,985
107041147,Helensburgh,10704,1,49,61,196,305
107041148,Thirroul - Austinmer - Coalcliff,10704,1,92,114,368,574
107041150,Woonona - Bulli - Russell Vale,10704,1,154,191,617,962
107041548,Wollongong - East,10704,1,147,183,591,920
107041549,Wollongong - West,10704,1,97,120,388,604
108011151,Bulahdelah - Stroud,10801,1,62,145,208,415
108011152,Forster,10801,1,268,630,904,1803
108011153,Forster-Tuncurry Surrounds,10801,1,94,222,318,635
108011154,Tuncurry,10801,1,136,319,457,911
108021155,Kempsey,10802,1,167,283,654,1104
108021156,Kempsey Surrounds,10802,1,112,189,438,739
108021157,Macksville - Scotts Head,10802,1,72,122,282,476
108021158,Nambucca Heads,10802,1,130,220,507,857
108021159,Nambucca Heads Surrounds,10802,1,101,171,395,666
108021160,South West Rocks,10802,1,116,196,454,767
108031161,Lord Howe Island,10803,1,0,12,0,12
108041162,Laurieton - Bonny Hills,10804,1,354,655,1471,2480
108041164,Port Macquarie - West,10804,1,318,590,1323,2232
108041165,Port Macquarie Surrounds,10804,1,58,107,240,405
108041166,Wauchope,10804,1,139,259,580,978
108041619,Port Macquarie - East,10804,1,128,238,534,901
108041620,Port Macquarie - South,10804,1,237,439,984,1660
108051167,Gloucester,10805,1,66,227,318,611
108051168,Old Bar - Manning Point - Red Head,10805,1,149,517,723,1389
108051169,Taree,10805,1,199,689,965,1852
108051170,Taree Surrounds,10805,1,148,514,720,1382
108051171,Wingham,10805,1,50,174,243,467
109011172,Albury - East,10901,1,160,210,628,998
109011173,Albury - North,10901,1,104,137,409,650
109011174,Albury - South,10901,1,121,158,473,752
109011175,Albury Surrounds,10901,1,131,171,511,813
109011176,Lavington,10901,1,175,229,685,1089
109021177,Hay,10902,1,25,40,197,262
109021178,Wentworth - Buronga,10902,1,51,83,402,535
109021179,Wentworth-Balranald Region,10902,1,25,40,195,259
109031180,Corowa,10903,1,59,92,352,503
109031181,Corowa Surrounds,10903,1,73,113,436,623
109031182,Deniliquin,10903,1,59,91,351,501
109031183,Deniliquin Surrounds,10903,1,55,85,327,468
109031184,Moama,10903,1,80,124,477,681
109031185,Tocumwal - Finley - Jerilderie,10903,1,107,165,633,905
110011186,Armidale,11001,1,170,202,966,1338
110011187,Armidale Surrounds - North,11001,1,37,45,214,296
110011188,Armidale Surrounds - South,11001,1,51,60,289,401
110011189,Walcha,11001,1,37,44,212,293
110021190,Glen Innes,11002,1,96,113,663,872
110021191,Inverell,11002,1,106,124,730,960
110021192,Inverell Surrounds - East,11002,1,43,51,300,395
110021193,Inverell Surrounds - West,11002,1,59,70,411,541
110021194,Tenterfield,11002,1,84,99,579,761
110031195,Moree,11003,1,49,63,266,378
110031196,Moree Surrounds,11003,1,26,33,142,202
110031197,Narrabri,11003,1,51,65,274,390
110031198,Narrabri Surrounds,11003,1,30,38,162,230
110041199,Gunnedah,11004,1,84,82,446,612
110041200,Gunnedah Surrounds,11004,1,36,35,192,264
110041201,Quirindi,11004,1,82,80,432,593
110041202,Tamworth - East,11004,1,190,185,1002,1377
110041203,Tamworth - North,11004,1,152,149,805,1106
110041204,Tamworth - West,11004,1,34,33,177,244
110041205,Tamworth Surrounds,11004,1,179,175,948,1302
111011206,Belmont - Bennetts Green,11101,1,172,266,793,1231
111011207,Belmont South - Blacksmiths,11101,1,60,93,277,430
111011208,Charlestown - Dudley,11101,1,175,272,808,1254
111011209,Glendale - Cardiff - Hillsborough,11101,1,166,258,768,1192
111011210,Mount Hutton - Windale,11101,1,77,119,355,552
111011211,Redhead,11101,1,41,63,189,293
111011212,Swansea - Caves Beach,11101,1,140,217,646,1003
111011213,Valentine - Eleebana,11101,1,116,180,535,830
111011214,Warners Bay - Boolaroo,11101,1,146,226,672,1044
111021215,Bolton Point - Teralba,11102,1,121,125,380,625
111021216,Bonnells Bay - Silverwater,11102,1,133,137,416,686
111021217,Edgeworth - Cameron Park,11102,1,127,131,399,657
111021218,Morisset - Cooranbong,11102,1,298,307,934,1539
111021219,Toronto - Awaba,11102,1,220,227,690,1136
111021220,Wangi Wangi - Rathmines,11102,1,145,149,453,747
111021221,West Wallsend - Barnsley - Killingworth,11102,1,70,72,220,362
111031222,Adamstown - Kotara,11103,1,178,180,484,842
111031223,Beresfield - Hexham,11103,1,118,120,320,558
111031224,Hamilton - Broadmeadow,11103,1,158,160,429,746
111031225,Lambton - New Lambton,11103,1,190,193,518,901
111031226,Maryland - Fletcher - Minmi,11103,1,103,105,281,489
111031227,Mayfield - Warabrook,11103,1,145,148,396,689
111031228,Merewether - The Junction,11103,1,150,153,409,712
111031229,Newcastle - Cooks Hill,11103,1,156,158,424,738
111031230,Newcastle Port - Kooragang,11103,1,1,1,3,5
111031231,Shortland - Jesmond,11103,1,108,109,294,511
111031232,Stockton - Fullerton Cove,11103,1,186,188,505,879
111031233,Wallsend - Elermore Vale,11103,1,288,292,784,1364
111031234,Waratah - North Lambton,11103,1,136,138,371,645
111031235,Wickham - Carrington - Tighes Hill,11103,1,75,76,204,355
112011236,Ballina,11201,1,280,539,1268,2088
112011237,Ballina Surrounds,11201,1,184,354,832,1370
112011238,Bangalow,11201,1,45,86,202,332
112011239,Brunswick Heads - Ocean Shores,11201,1,72,139,327,538
112011240,Byron Bay,11201,1,73,140,329,542
112011241,Evans Head,11201,1,71,138,323,532
112011242,Lennox Head - Skennars Head,11201,1,72,139,326,537
112011243,Mullumbimby,11201,1,74,143,336,553
112021244,Casino,11202,1,121,282,671,1073
112021245,Casino Surrounds,11202,1,61,142,337,539
112021246,Goonellabah,11202,1,119,279,663,1061
112021247,Kyogle,11202,1,75,176,418,668
112021248,Lismore,11202,1,100,234,556,889
112021249,Lismore Surrounds,11202,1,122,285,677,1083
112031250,Kingscliff - Fingal Head,11203,1,173,330,677,1180
112031251,Murwillumbah,11203,1,112,214,439,765
112031252,Murwillumbah Surrounds,11203,1,102,195,399,696
112031253,Pottsville,11203,1,140,268,548,956
112031254,Tweed Heads,11203,1,300,574,1176,2051
112031550,Banora Point,11203,1,231,441,904,1576
112031551,Terranora - North Tumbulgum,11203,1,32,62,126,220
112031552,Tweed Heads South,11203,1,156,298,609,1062
113011256,Griffith (NSW),11301,1,196,250,737,1183
113011257,Griffith Surrounds,11301,1,118,150,443,711
113011258,Leeton,11301,1,106,134,396,636
113011259,Narrandera,11301,1,79,100,296,475
113021260,Tumbarumba,11302,1,25,55,198,277
113021261,Tumut,11302,1,39,85,308,433
113021262,Tumut Surrounds,11302,1,31,66,241,338
113031263,Cootamundra,11303,1,121,198,502,820
113031264,Gundagai,11303,1,41,68,172,281
113031265,Junee,11303,1,58,94,240,392
113031266,Temora,11303,1,88,144,366,598
113031267,Wagga Wagga - East,11303,1,164,269,683,1116
113031268,Wagga Wagga - North,11303,1,40,65,165,269
113031269,Wagga Wagga - South,11303,1,169,277,703,1149
113031270,Wagga Wagga - West,11303,1,100,164,417,681
113031271,Wagga Wagga Surrounds,11303,1,135,220,560,915
114011272,Berry - Kangaroo Valley,11401,1,132,175,598,905
114011273,Callala Bay - Currarong,11401,1,45,60,204,309
114011274,Culburra Beach,11401,1,67,88,301,456
114011275,Ettrema - Sassafras - Budawang,11401,1,1,1,4,6
114011276,Huskisson - Vincentia,11401,1,57,75,256,388
114011277,North Nowra - Bomaderry,11401,1,149,197,673,1018
114011278,Nowra,11401,1,155,205,701,1061
114011279,St Georges Basin - Erowal Bay,11401,1,183,242,828,1253
114011280,Sussex Inlet - Berrara,11401,1,78,104,354,536
114011281,Tomerong - Wandandian - Woollamia,11401,1,32,42,143,217
114011282,Ulladulla,11401,1,210,277,948,1434
114011283,Ulladulla Surrounds,11401,1,72,96,327,495
114021284,Bowral,11402,1,233,118,692,1044
114021285,Hill Top - Colo Vale,11402,1,36,18,107,162
114021286,Mittagong,11402,1,111,56,330,497
114021287,Moss Vale - Berrima,11402,1,109,55,323,487
114021288,Robertson - Fitzroy Falls,11402,1,42,21,125,188
114021289,Southern Highlands,11402,1,95,48,282,425
115011290,Baulkham Hills - East,11501,1,260,178,629,1067
115011291,Baulkham Hills (West) - Bella Vista,11501,1,250,170,603,1023
115011294,Glenhaven,11501,1,119,81,288,488
115011296,West Pennant Hills,11501,1,171,117,412,699
115011553,Castle Hill - Central,11501,1,88,60,212,360
115011554,Castle Hill - East,11501,1,143,98,345,586
115011555,Castle Hill - North,11501,1,150,102,361,613
115011556,Castle Hill - South,11501,1,120,82,290,492
115011557,Castle Hill - West,11501,1,48,33,115,196
115011558,Cherrybrook,11501,1,227,155,548,931
115011621,Kellyville - East,11501,1,134,91,323,549
115011622,Kellyville - West,11501,1,109,74,262,445
115021297,Dural - Kenthurst - Wisemans Ferry,11502,1,274,174,341,789
115021298,Galston - Laughtondale,11502,1,84,53,104,241
115031299,Bilpin - Colo - St Albans,11503,1,5,18,69,92
115031300,Kurrajong Heights - Ebenezer,11503,1,29,99,387,515
115041301,Pitt Town - McGraths Hill,11504,1,35,66,205,306
115041623,Box Hill - Nelson,11504,1,19,35,109,163
115041624,North Kellyville,11504,1,27,50,156,232
115041625,Rouse Hill - Beaumont Hills,11504,1,33,61,191,284
116011303,Blacktown (East) - Kings Park,11601,1,82,142,383,608
116011304,Blacktown (North) - Marayong,11601,1,111,192,517,820
116011306,Doonside - Woodcroft,11601,1,116,200,539,854
116011307,Lalor Park - Kings Langley,11601,1,162,279,752,1193
116011560,Blacktown - South,11601,1,69,118,319,506
116011561,Blacktown - West,11601,1,93,161,433,686
116011626,Seven Hills - Prospect,11601,1,95,164,441,699
116011627,Toongabbie - West,11601,1,67,116,314,497
116021309,Glenwood,11602,1,50,83,259,391
116021562,Acacia Gardens,11602,1,12,20,62,94
116021563,Quakers Hill,11602,1,70,118,368,556
116021628,Kellyville Ridge - The Ponds,11602,1,60,100,312,472
116021629,Marsden Park - Shanes Park,11602,1,38,65,201,304
116021630,Riverstone,11602,1,41,69,214,324
116021631,Schofields (West) - Colebee,11602,1,18,30,92,139
116021632,Schofields - East,11602,1,43,73,227,343
116021633,Stanhope Gardens - Parklea,11602,1,41,69,214,324
116031313,Bidwill - Hebersham - Emerton,11603,1,133,180,455,768
116031314,Glendenning - Dean Park,11603,1,43,58,147,248
116031315,Hassall Grove - Plumpton,11603,1,110,149,377,636
116031316,Lethbridge Park - Tregear,11603,1,135,183,461,779
116031317,Mount Druitt - Whalan,11603,1,153,207,522,882
116031318,Prospect Reservoir,11603,1,0,0,0,0
116031319,Rooty Hill - Minchinbury,11603,1,178,242,611,1032
117011320,Banksmeadow,11701,1,1,4,10,16
117011321,Botany,11701,1,33,114,261,408
117011323,Pagewood - Hillsdale - Daceyville,11701,1,49,172,395,617
117011324,Port Botany Industrial,11701,1,0,0,0,0
117011325,Sydney Airport,11701,1,0,0,0,0
117011634,Eastlakes,11701,1,38,134,307,479
117011635,Mascot,11701,1,35,121,278,433
117021327,Petersham - Stanmore,11702,1,99,145,320,565
117021328,Sydenham - Tempe - St Peters,11702,1,39,56,124,219
117021636,Marrickville - North,11702,1,73,107,236,416
117021637,Marrickville - South,11702,1,92,133,295,520
117031329,Darlinghurst,11703,1,39,77,170,286
117031330,Erskineville - Alexandria,11703,1,39,77,169,285
117031331,Glebe - Forest Lodge,11703,1,88,174,383,645
117031333,Potts Point - Woolloomooloo,11703,1,94,186,408,688
117031336,Surry Hills,11703,1,49,97,212,357
117031638,Camperdown - Darlington,11703,1,16,31,69,116
117031639,Chippendale,11703,1,9,17,38,64
117031640,Newtown (NSW),11703,1,38,75,166,279
117031641,Pyrmont,11703,1,56,111,243,409
117031642,Redfern,11703,1,62,122,268,451
117031643,Rosebery - Beaconsfield,11703,1,34,67,147,248
117031644,Sydney (North) - Millers Point,11703,1,42,83,182,306
117031645,Sydney (South) - Haymarket,11703,1,25,50,109,184
117031646,Ultimo,11703,1,13,26,58,98
117031647,Waterloo,11703,1,57,112,246,415
117031648,Zetland,11703,1,14,29,63,106
118011339,Bondi - Tamarama - Bronte,11801,1,108,98,289,495
118011340,Bondi Beach - North Bondi,11801,1,83,76,224,384
118011341,Bondi Junction - Waverly,11801,1,125,114,336,575
118011342,Centennial Park,11801,1,0,0,0,0
118011344,Dover Heights,11801,1,81,74,217,371
118011345,Paddington - Moore Park,11801,1,94,86,253,432
118011346,Rose Bay - Vaucluse - Watsons Bay,11801,1,117,106,314,537
118011347,Woollahra,11801,1,83,76,223,382
118011649,Bellevue Hill,11801,1,125,114,335,573
118011650,Double Bay - Darling Point,11801,1,119,108,319,546
118021564,Kensington (NSW),11802,1,72,90,233,395
118021565,Kingsford,11802,1,90,113,293,496
118021566,Maroubra - North,11802,1,102,128,331,561
118021567,Maroubra - South,11802,1,107,134,346,586
118021568,Maroubra - West,11802,1,80,100,259,439
118021569,Randwick - North,11802,1,120,150,388,659
118021570,Randwick - South,11802,1,85,107,277,469
118021651,Coogee - Clovelly,11802,1,112,140,362,614
118021652,Malabar - La Perouse,11802,1,117,147,379,642
118021653,Matraville - Chifley,11802,1,122,153,396,671
118021654,South Coogee,11802,1,52,65,169,287
119011354,Bass Hill - Georges Hall,11901,1,222,318,498,1038
119011355,Chullora,11901,1,8,12,18,38
119011356,Condell Park,11901,1,112,160,250,522
119011358,Padstow,11901,1,194,278,435,907
119011360,Revesby,11901,1,166,238,372,776
119011361,Yagoona - Birrong,11901,1,196,280,439,914
119011571,Bankstown - North,11901,1,119,170,266,554
119011572,Bankstown - South,11901,1,144,206,323,673
119011655,Greenacre - North,11901,1,123,176,276,575
119011656,Greenacre - South,11901,1,106,151,237,494
119011657,Panania (North) - Milperra,11901,1,111,159,249,520
119011658,Panania (South) - Picnic Point,11901,1,158,225,353,736
119021362,Belmore - Belfield,11902,1,147,324,644,1116
119021366,Punchbowl,11902,1,115,252,501,868
119021367,Roselands,11902,1,99,218,434,752
119021573,Lakemba,11902,1,67,146,290,503
119021574,Wiley Park,11902,1,39,85,169,293
119021659,Campsie - North,11902,1,67,146,291,504
119021660,Campsie - South,11902,1,50,111,220,381
119021661,Canterbury - South,11902,1,70,154,307,531
119021662,Earlwood,11902,1,157,345,685,1186
119021663,Kingsgrove - North,11902,1,55,122,242,419
119031370,Narwee - Beverly Hills,11903,1,136,216,443,795
119031371,Oatley - Hurstville Grove,11903,1,126,200,412,738
119031372,Peakhurst - Lugarno,11903,1,231,367,755,1353
119031373,Riverwood,11903,1,126,200,411,737
119031374,South Hurstville - Blakehurst,11903,1,229,364,748,1341
119031664,Hurstville - Central,11903,1,73,116,239,428
119031665,Hurstville - North,11903,1,113,180,370,663
119031666,Mortdale - Oatley,11903,1,129,205,421,754
119031667,Penshurst,11903,1,81,128,263,472
119041377,Kingsgrove (South) - Bardwell Park,11904,1,156,195,450,801
119041378,Kogarah,11904,1,104,130,300,534
119041379,Kogarah Bay - Carlton - Allawah,11904,1,159,198,458,814
119041380,Monterey - Brighton-le-Sands - Kyeemagh,11904,1,178,222,513,912
119041381,Rockdale - Banksia,11904,1,160,200,463,823
119041382,Sans Souci - Ramsgate,11904,1,224,280,647,1151
119041668,Arncliffe - Bardwell Valley,11904,1,122,152,352,626
119041669,Bexley - North,11904,1,98,122,282,502
119041670,Bexley - South,11904,1,151,188,435,774
119041671,Wolli Creek,11904,1,22,27,63,111
120011383,Concord - Mortlake - Cabarita,12001,1,223,284,731,1238
120011385,Drummoyne - Rodd Point,12001,1,156,198,511,865
120011386,Five Dock - Abbotsford,12001,1,182,231,597,1011
120011672,Concord West - North Strathfield,12001,1,78,99,256,434
120011673,Rhodes,12001,1,32,41,105,178
120021387,Balmain,12002,1,114,120,377,611
120021389,Lilyfield - Rozelle,12002,1,78,82,257,416
120021674,Annandale (NSW),12002,1,49,51,161,262
120021675,Leichhardt,12002,1,91,96,301,488
120031392,Canterbury (North) - Ashbury,12003,1,120,143,308,571
120031393,Croydon Park - Enfield,12003,1,210,251,540,1001
120031394,Dulwich Hill - Lewisham,12003,1,135,162,347,644
120031395,Haberfield - Summer Hill,12003,1,140,167,359,666
120031396,Homebush,12003,1,81,97,208,385
120031576,Strathfield South,12003,1,34,40,87,161
120031676,Ashfield - North,12003,1,92,110,237,439
120031677,Ashfield - South,12003,1,140,168,360,667
120031678,Burwood (NSW),12003,1,115,138,296,548
120031679,Croydon,12003,1,131,157,337,624
120031680,Strathfield - East,12003,1,118,142,305,565
120031681,Strathfield - West,12003,1,111,133,286,529
121011399,Chatswood (West) - Lane Cove North,12101,1,135,148,426,709
121011401,St Leonards - Naremburn,12101,1,62,68,195,324
121011682,Artarmon,12101,1,55,60,173,289
121011683,Castle Cove - Northbridge,12101,1,130,142,408,679
121011684,Chatswood - East,12101,1,138,151,434,723
121011685,Greenwich - Riverview,12101,1,109,120,344,574
121011686,Lane Cove,12101,1,112,122,352,586
121011687,Willoughby,12101,1,96,105,301,501
121021403,Asquith - Mount Colah,12102,1,195,189,461,844
121021404,Berowra - Brooklyn - Cowan,12102,1,122,118,287,527
121021406,Normanhurst - Thornleigh - Westleigh,12102,1,209,202,494,904
121021577,Hornsby - East,12102,1,93,90,220,403
121021578,Hornsby - West,12102,1,110,107,260,477
121021579,Wahroonga (West) - Waitara,12102,1,140,135,331,606
121031407,Gordon - Killara,12103,1,242,183,554,979
121031408,Lindfield - Roseville,12103,1,257,194,589,1040
121031409,Pymble,12103,1,166,125,380,672
121031410,St Ives,12103,1,289,218,662,1169
121031411,Turramurra,12103,1,295,223,675,1193
121031412,Wahroonga (East) - Warrawee,12103,1,211,159,483,853
121041413,Cremorne - Cammeray,12104,1,98,118,434,649
121041414,Crows Nest - Waverton,12104,1,74,89,329,492
121041416,Neutral Bay - Kirribilli,12104,1,98,117,432,646
121041417,North Sydney - Lavender Bay,12104,1,57,68,250,374
121041688,Mosman - North,12104,1,96,115,424,635
121041689,Mosman - South,12104,1,81,98,360,539
122011418,Balgowlah - Clontarf - Seaforth,12201,1,79,103,395,577
122011419,Manly - Fairlight,12201,1,87,114,433,634
122021420,Avalon - Palm Beach,12202,1,139,129,427,695
122021421,Bayview - Elanora Heights,12202,1,125,117,386,628
122021422,Newport - Bilgola,12202,1,118,109,362,589
122021690,Mona Vale - Warriewood (North),12202,1,151,140,465,756
122021691,North Narrabeen - Warriewood (South),12202,1,65,60,200,326
122031424,Beacon Hill - Narraweena,12203,1,136,141,430,707
122031425,Cromer,12203,1,92,96,292,480
122031427,Forestville - Killarney Heights,12203,1,127,131,401,658
122031429,Freshwater - Brookvale,12203,1,135,140,428,704
122031430,Manly Vale - Allambie Heights,12203,1,136,141,430,707
122031432,Terrey Hills - Duffys Forest,12203,1,44,46,140,229
122031692,Belrose,12203,1,119,123,375,616
122031693,Collaroy - Collaroy Plateau,12203,1,119,123,375,617
122031694,Dee Why (South) - North Curl Curl,12203,1,60,62,189,310
122031695,Dee Why - North,12203,1,111,115,351,577
122031696,Frenchs Forest - Oxford Falls,12203,1,154,159,487,800
122031697,Narrabeen - Wheeler Heights,12203,1,151,157,478,786
123011433,Camden - Ellis Lane,12301,1,179,89,507,774
123011698,Currans Hill,12301,1,27,13,75,115
123011699,Elderslie - Narellan,12301,1,113,56,321,490
123011700,Harrington Park,12301,1,62,31,176,269
123011701,Mount Annan,12301,1,113,56,320,489
123011702,Spring Farm,12301,1,33,16,94,144
123021436,Bradbury - Wedderburn,12302,1,134,106,412,652
123021437,Campbelltown - Woodbine,12302,1,191,152,588,931
123021438,Claymore - Eagle Vale - Raby,12302,1,121,96,371,587
123021439,Holsworthy Military Area,12302,1,0,0,0,0
123021441,Leumeah - Minto Heights,12302,1,157,124,482,763
123021443,Minto - St Andrews,12302,1,129,102,397,629
123021444,Rosemeadow - Glen Alpine,12302,1,189,149,579,917
123021703,Denham Court - Bardia,12302,1,70,55,215,340
123021704,Glenfield,12302,1,61,48,186,295
123021705,Ingleburn,12302,1,124,98,380,602
123021706,Macquarie Fields,12302,1,107,84,328,519
123031445,Bargo,12303,1,38,29,175,243
123031446,Douglas Park - Appin,12303,1,59,45,268,371
123031447,Picton - Tahmoor - Buxton,12303,1,109,83,497,688
123031448,The Oaks - Oakdale,12303,1,53,40,243,337
124011449,Blackheath - Megalong Valley,12401,1,61,76,278,416
124011450,Blaxland - Warrimoo - Lapstone,12401,1,140,174,636,951
124011451,Blue Mountains - North,12401,1,0,0,0,0
124011452,Katoomba - Leura,12401,1,133,165,603,901
124011453,Lawson - Hazelbrook - Linden,12401,1,78,97,353,528
124011454,Springwood - Winmalee,12401,1,167,208,759,1133
124011455,Wentworth Falls,12401,1,70,87,319,476
124021456,Blue Mountains - South,12402,1,0,0,0,0
124031457,Cambridge Park,12403,1,112,130,423,665
124031459,Emu Plains - Leonay,12403,1,131,152,493,775
124031460,Glenmore Park - Regentville,12403,1,97,112,365,574
124031461,Jamisontown - South Penrith,12403,1,139,161,526,826
124031462,Kingswood - Werrington,12403,1,130,151,490,771
124031463,Mulgoa - Luddenham - Orchard Hills,12403,1,72,84,272,428
124031464,Penrith,12403,1,160,185,603,947
124031465,Warragamba - Silverdale,12403,1,31,35,116,182
124031707,Cranebrook - Castlereagh,12403,1,84,97,316,497
124031708,Jordan Springs - Llandilo,12403,1,46,54,175,276
124041466,Richmond - Clarendon,12404,1,206,189,648,1044
124041467,Windsor - Bligh Park,12404,1,112,103,352,566
124041468,Yarramundi - Londonderry,12404,1,60,54,187,301
124051469,Erskine Park,12405,1,22,45,117,184
124051470,St Clair,12405,1,82,167,437,686
124051580,Colyton - Oxley Park,12405,1,56,114,299,470
124051581,St Marys - North St Marys,12405,1,73,147,387,607
125011475,Rookwood Cemetery,12501,1,0,0,0,0
125011582,Auburn - Central,12501,1,72,198,254,524
125011583,Auburn - North,12501,1,35,95,121,250
125011584,Auburn - South,12501,1,35,96,122,253
125011585,Berala,12501,1,47,130,166,344
125011586,Lidcombe,12501,1,96,263,336,695
125011587,Regents Park,12501,1,29,79,101,209
125011709,Silverwater - Newington,12501,1,29,80,102,210
125011710,Wentworth Point - Sydney Olympic Park,12501,1,39,108,138,285
125021477,Ermington - Rydalmere,12502,1,60,238,474,772
125021478,Oatlands - Dundas Valley,12502,1,50,200,399,649
125021711,Carlingford - East,12502,1,41,161,321,522
125021712,Carlingford - West,12502,1,56,223,444,723
125031479,Chester Hill - Sefton,12503,1,130,257,468,855
125031480,Fairfield - East,12503,1,114,225,410,748
125031481,Granville - Clyde,12503,1,117,230,419,765
125031483,Guildford - South Granville,12503,1,125,246,449,821
125031484,Guildford West - Merrylands West,12503,1,134,263,479,876
125031486,Smithfield Industrial,12503,1,0,0,0,0
125031487,Yennora Industrial,12503,1,0,0,0,0
125031713,Greystanes - South,12503,1,160,315,574,1049
125031714,Merrylands - Holroyd,12503,1,137,269,491,898
125031715,Pemulwuy - Greystanes (North),12503,1,78,154,282,514
125031716,South Wentworthville,12503,1,45,89,163,298
125041489,North Parramatta,12504,1,197,191,421,809
125041490,North Rocks,12504,1,132,128,282,542
125041491,Northmead,12504,1,191,185,408,784
125041493,Toongabbie - Constitution Hill,12504,1,328,318,701,1347
125041494,Winston Hills,12504,1,174,169,372,716
125041588,Pendle Hill - Girraween,12504,1,143,138,305,586
125041589,Wentworthville - Westmead,12504,1,154,149,329,631
125041717,Parramatta - North,12504,1,50,48,107,205
125041718,Parramatta - South,12504,1,52,51,112,214
125041719,Rosehill - Harris Park,12504,1,65,63,139,266
126011496,Pennant Hills - Cheltenham,12601,1,135,238,594,967
126011720,Epping (East) - North Epping,12601,1,65,113,283,461
126011721,Epping (NSW) - West,12601,1,82,144,360,586
126021498,Gladesville - Huntleys Point,12602,1,172,219,445,836
126021499,Hunters Hill - Woolwich,12602,1,150,191,388,729
126021500,Macquarie Park - Marsfield,12602,1,204,259,527,991
126021501,North Ryde - East Ryde,12602,1,153,195,396,744
126021503,West Ryde - Meadowbank,12602,1,163,207,421,790
126021590,Putney,12602,1,47,60,121,228
126021722,Denistone,12602,1,84,107,217,408
126021723,Eastwood,12602,1,200,253,515,968
126021724,Ryde - North,12602,1,206,261,531,997
126021725,Ryde - South,12602,1,85,107,218,410
127011504,Ashcroft - Busby - Miller,12701,1,65,142,258,464
127011505,Austral - Greendale,12701,1,56,122,221,398
127011592,Badgerys Creek,12701,1,0,0,1,1
127011593,Cecil Hills,12701,1,26,57,104,188
127011594,Green Valley,12701,1,49,107,195,352
127011595,Hinchinbrook,12701,1,43,93,169,305
127011596,Hoxton Park - Carnes Hill - Horningsea Park,12701,1,34,75,136,245
127011597,West Hoxton - Middleton Grange,12701,1,41,89,162,292
127011726,Cobbitty - Bringelly,12701,1,28,60,109,197
127011727,Gledswood Hills - Gregory Hills,12701,1,23,50,91,164
127011728,Leppington - Catherine Field,12701,1,57,124,226,407
127011729,Oran Park,12701,1,35,76,138,249
127021509,Bonnyrigg Heights - Bonnyrigg,12702,1,102,271,278,650
127021510,Bossley Park - Abbotsbury,12702,1,146,389,399,933
127021511,Cabramatta - Lansvale,12702,1,156,415,426,997
127021512,Cabramatta West - Mount Pritchard,12702,1,109,292,299,700
127021513,Canley Vale - Canley Heights,12702,1,123,329,337,790
127021514,Edensor Park,12702,1,68,182,186,436
127021515,Fairfield,12702,1,126,335,344,805
127021516,Fairfield - West,12702,1,135,359,368,862
127021517,Greenfield Park - Prairiewood,12702,1,69,184,188,441
127021518,Horsley Park - Kemps Creek,12702,1,37,99,101,237
127021519,Smithfield - Wetherill Park,12702,1,146,389,399,933
127021520,St Johns Park - Wakeley,12702,1,97,258,264,619
127021521,Wetherill Park Industrial,12702,1,0,1,1,2
127031522,Casula,12703,1,79,193,289,561
127031523,Chipping Norton - Moorebank,12703,1,112,272,408,792
127031524,Holsworthy - Wattle Grove,12703,1,88,213,319,620
127031599,Lurnea - Cartwright,12703,1,58,141,211,411
127031601,Warwick Farm,12703,1,27,66,98,191
127031730,Edmondson Park,12703,1,26,63,94,183
127031731,Liverpool - East,12703,1,66,159,239,464
127031732,Liverpool - West,12703,1,83,201,301,585
127031733,Prestons,12703,1,54,131,196,381
128011529,Gymea - Grays Point,12801,1,157,148,590,895
128011530,Miranda - Yowie Bay,12801,1,219,206,821,1246
128011531,Sylvania - Taren Point,12801,1,220,207,826,1253
128011602,Caringbah,12801,1,104,98,391,594
128011603,Caringbah South,12801,1,129,121,482,732
128011604,Cronulla - Kurnell - Bundeena,12801,1,248,233,930,1411
128011605,Lilli Pilli - Port Hacking - Dolans Bay,12801,1,30,28,114,172
128011606,Woolooware - Burraneer,12801,1,80,75,299,454
128021533,Heathcote - Waterfall,12802,1,93,67,255,415
128021534,Illawong - Alfords Point,12802,1,134,97,368,599
128021535,Menai - Lucas Heights - Woronora,12802,1,214,155,589,958
128021536,Oyster Bay - Como - Jannali,12802,1,252,182,692,1126
128021537,Royal National Park,12802,1,0,0,0,0
128021538,Sutherland - Kirrawee,12802,1,274,198,753,1225
128021607,Engadine,12802,1,214,155,589,957
128021608,Loftus - Yarrawarrah,12802,1,92,66,252,410
128021609,Woronora Heights,12802,1,33,24,91,149
197979799,Migratory - Offshore - Shipping (NSW),19797,1,0,0,0,0
199999499,No usual address (NSW),19999,1,0,0,0,0
201011001,Alfredton,20101,2,137,172,577,886
201011002,Ballarat,20101,2,146,183,614,943
201011005,Buninyong,20101,2,70,88,296,454
201011006,Delacombe,20101,2,86,107,360,553
201011007,Smythes Creek,20101,2,31,39,132,203
201011008,Wendouree - Miners Rest,20101,2,156,196,657,1010
201011481,Ballarat East - Warrenheip,20101,2,111,140,468,719
201011482,Ballarat North - Invermay,20101,2,151,189,635,975
201011483,Canadian - Mount Clear,20101,2,117,147,494,758
201011484,Sebastopol - Redan,20101,2,151,190,636,977
201021009,Bacchus Marsh Surrounds,20102,2,48,62,234,344
201021010,Creswick - Clunes,20102,2,80,103,385,567
201021011,Daylesford,20102,2,110,142,532,784
201021012,Gordon (Vic.),20102,2,43,55,208,306
201031013,Avoca,20103,2,38,39,245,322
201031014,Beaufort,20103,2,42,43,269,354
201031015,Golden Plains - North,20103,2,34,34,214,282
201031016,Maryborough (Vic.),20103,2,95,96,608,800
201031017,Maryborough Surrounds,20103,2,57,57,363,477
202011018,Bendigo,20201,2,151,114,571,836
202011019,California Gully - Eaglehawk,20201,2,135,102,512,749
202011020,East Bendigo - Kennington,20201,2,198,149,748,1095
202011021,Flora Hill - Spring Gully,20201,2,94,70,354,518
202011022,Kangaroo Flat - Golden Square,20201,2,298,224,1126,1647
202011023,Maiden Gully,20201,2,40,30,150,219
202011024,Strathfieldsaye,20201,2,107,80,403,590
202011025,White Hills - Ascot,20201,2,113,85,426,624
202021026,Bendigo Surrounds - South,20202,2,55,42,262,358
202021027,Castlemaine,20202,2,141,108,674,923
202021028,Castlemaine Surrounds,20202,2,107,82,510,699
202021029,Heathcote,20202,2,60,46,289,396
202021030,Kyneton,20202,2,103,79,494,677
202021031,Woodend,20202,2,76,58,362,495
202031032,Bendigo Surrounds - North,20203,2,18,33,297,348
202031033,Loddon,20203,2,38,69,621,728
203011034,Bannockburn,20301,2,53,59,179,292
203011035,Golden Plains - South,20301,2,56,61,187,304
203011036,Winchelsea,20301,2,58,65,196,319
203021037,Belmont,20302,2,160,205,569,934
203021039,Geelong,20302,2,144,186,515,845
203021040,Geelong West - Hamlyn Heights,20302,2,189,244,676,1109
203021042,Highton,20302,2,258,332,921,1511
203021043,Lara,20302,2,189,244,675,1108
203021044,Leopold,20302,2,180,232,642,1053
203021045,Newcomb - Moolap,20302,2,235,302,837,1374
203021046,Newtown (Vic.),20302,2,113,146,405,664
203021047,North Geelong - Bell Park,20302,2,230,296,822,1348
203021485,Charlemont,20302,2,95,122,338,554
203021486,Corio - Lovely Banks,20302,2,161,207,573,940
203021487,Grovedale - Mount Duneed,20302,2,272,350,970,1591
203021488,Norlane,20302,2,95,123,340,558
203031048,Clifton Springs,20303,2,170,208,793,1172
203031049,Lorne - Anglesea,20303,2,80,98,372,550
203031051,Portarlington,20303,2,159,195,744,1099
203031052,Point Lonsdale - Queenscliff,20303,2,103,126,480,709
203031053,Torquay,20303,2,167,205,779,1151
203031489,Barwon Heads - Armstrong Creek,20303,2,75,92,348,514
203031490,Ocean Grove,20303,2,177,217,826,1220
204011054,Alexandra,20401,2,83,59,437,579
204011055,Euroa,20401,2,86,61,456,603
204011056,Kilmore - Broadford,20401,2,120,85,633,838
204011057,Mansfield (Vic.),20401,2,104,74,549,728
204011058,Nagambie,20401,2,55,39,290,384
204011059,Seymour,20401,2,61,43,320,424
204011060,Seymour Surrounds,20401,2,27,19,143,189
204011061,Upper Yarra Valley,20401,2,1,1,8,10
204011062,Yea,20401,2,48,34,253,335
204021063,Benalla,20402,2,159,103,884,1145
204021064,Benalla Surrounds,20402,2,43,28,242,313
204021065,Rutherglen,20402,2,51,33,283,367
204021066,Wangaratta,20402,2,232,150,1292,1675
204021067,Wangaratta Surrounds,20402,2,105,68,586,759
204031068,Beechworth,20403,2,48,40,311,398
204031069,Bright - Mount Beauty,20403,2,78,66,511,655
204031070,Chiltern - Indigo Valley,20403,2,25,21,165,211
204031071,Myrtleford,20403,2,46,38,298,382
204031072,Towong,20403,2,65,55,425,545
204031073,West Wodonga,20403,2,103,87,674,864
204031075,Yackandandah,20403,2,36,31,238,305
204031491,Baranduda - Leneva,20403,2,64,54,420,538
204031492,Wodonga,20403,2,118,99,771,988
205011076,Drouin,20501,2,175,261,873,1308
205011077,Mount Baw Baw Region,20501,2,61,90,302,453
205011078,Trafalgar (Vic.),20501,2,81,121,405,607
205011079,Warragul,20501,2,209,311,1043,1564
205021080,Alps - East,20502,2,0,0,0,0
205021081,Bairnsdale,20502,2,135,385,1092,1612
205021082,Bruthen - Omeo,20502,2,63,179,508,750
205021083,Lake King,20502,2,0,0,0,0
205021084,Lakes Entrance,20502,2,129,368,1043,1540
205021085,Orbost,20502,2,67,190,540,797
205021086,Paynesville,20502,2,99,281,798,1179
205031087,Foster,20503,2,107,256,659,1021
205031088,French Island,20503,2,2,4,10,16
205031089,Korumburra,20503,2,75,181,466,722
205031090,Leongatha,20503,2,103,247,637,988
205031091,Phillip Island,20503,2,143,342,882,1367
205031092,Wilsons Promontory,20503,2,0,0,0,0
205031093,Wonthaggi - Inverloch,20503,2,286,685,1766,2737
205041094,Churchill,20504,2,130,223,547,900
205041095,Moe - Newborough,20504,2,232,400,981,1614
205041096,Morwell,20504,2,182,313,770,1265
205041098,Yallourn North - Glengarry,20504,2,45,77,189,311
205041493,Traralgon - East,20504,2,143,246,604,993
205041494,Traralgon - West,20504,2,185,317,779,1281
205051099,Alps - West,20505,2,0,1,2,4
205051100,Longford - Loch Sport,20505,2,52,117,292,461
205051101,Maffra,20505,2,140,317,791,1248
205051102,Rosedale,20505,2,34,77,191,302
205051103,Sale,20505,2,138,312,778,1227
205051104,Yarram,20505,2,64,146,364,574
206011106,Brunswick East,20601,2,42,121,310,473
206011107,Brunswick West,20601,2,63,183,471,717
206011109,Pascoe Vale South,20601,2,56,163,420,639
206011495,Brunswick - North,20601,2,57,165,425,647
206011496,Brunswick - South,20601,2,50,145,374,569
206011497,Coburg - East,20601,2,66,191,493,750
206011498,Coburg - West,20601,2,71,206,531,808
206021110,Alphington - Fairfield,20602,2,71,155,261,486
206021112,Thornbury,20602,2,145,316,532,993
206021499,Northcote - East,20602,2,120,261,441,822
206021500,Northcote - West,20602,2,77,167,282,526
206031113,Ascot Vale,20603,2,117,135,368,620
206031115,Flemington,20603,2,61,70,191,322
206031116,Moonee Ponds,20603,2,160,185,504,848
206031501,Essendon (West) - Aberfeldie,20603,2,160,185,504,848
206031502,Essendon - East,20603,2,113,131,358,603
206041117,Carlton,20604,2,82,70,199,351
206041118,Docklands,20604,2,62,53,150,265
206041119,East Melbourne,20604,2,65,55,156,276
206041120,Flemington Racecourse,20604,2,0,0,0,0
206041121,Kensington (Vic.),20604,2,61,52,147,260
206041124,Parkville,20604,2,43,36,103,182
206041125,South Yarra - West,20604,2,92,78,223,393
206041127,West Melbourne - Industrial,20604,2,0,0,0,0
206041503,Melbourne CBD - East,20604,2,40,34,97,172
206041504,Melbourne CBD - North,20604,2,35,30,86,151
206041505,Melbourne CBD - West,20604,2,25,22,61,108
206041506,North Melbourne,20604,2,72,61,175,309
206041507,Royal Botanic Gardens Victoria,20604,2,0,0,0,0
206041508,Southbank (West) - South Wharf,20604,2,31,27,76,134
206041509,Southbank - East,20604,2,48,40,115,203
206041510,West Melbourne - Residential,20604,2,18,16,45,79
206051128,Albert Park,20605,2,124,162,429,715
206051129,Elwood,20605,2,62,81,215,358
206051130,Port Melbourne,20605,2,114,149,394,657
206051134,St Kilda East,20605,2,59,78,206,343
206051511,Port Melbourne Industrial,20605,2,4,5,12,20
206051512,South Melbourne,20605,2,78,101,268,447
206051513,St Kilda - Central,20605,2,46,60,160,266
206051514,St Kilda - West,20605,2,73,95,253,421
206061135,Armadale,20606,2,35,86,255,376
206061136,Prahran - Windsor,20606,2,42,105,310,457
206061138,Toorak,20606,2,69,171,503,743
206061515,South Yarra - North,20606,2,18,45,131,194
206061516,South Yarra - South,20606,2,25,61,181,266
206071139,Abbotsford,20607,2,20,95,191,306
206071140,Carlton North - Princes Hill,20607,2,32,154,311,497
206071141,Collingwood,20607,2,16,76,152,244
206071142,Fitzroy,20607,2,27,129,260,415
206071143,Fitzroy North,20607,2,51,246,497,795
206071145,Clifton Hill - Alphington,20607,2,34,164,331,530
206071517,Richmond (South) - Cremorne,20607,2,45,218,440,704
206071518,Richmond - North,20607,2,39,186,375,600
207011146,Ashburton (Vic.),20701,2,80,91,173,344
207011147,Balwyn,20701,2,233,263,501,997
207011148,Balwyn North,20701,2,240,271,517,1029
207011149,Camberwell,20701,2,276,312,595,1183
207011150,Glen Iris - East,20701,2,175,198,377,750
207011152,Hawthorn East,20701,2,154,174,332,661
207011154,Kew East,20701,2,72,81,155,309
207011155,Surrey Hills (West) - Canterbury,20701,2,219,248,472,939
207011519,Hawthorn - North,20701,2,92,104,198,393
207011520,Hawthorn - South,20701,2,108,122,233,463
207011521,Kew - South,20701,2,148,167,319,634
207011522,Kew - West,20701,2,146,165,315,627
207021156,Bulleen,20702,2,154,285,505,944
207021157,Doncaster,20702,2,321,594,1052,1967
207021159,Templestowe,20702,2,221,410,727,1358
207021160,Templestowe Lower,20702,2,188,348,616,1152
207021424,Doncaster East - North,20702,2,194,359,637,1190
207021425,Doncaster East - South,20702,2,168,312,553,1033
207031161,Blackburn,20703,2,213,409,675,1297
207031162,Blackburn South,20703,2,123,235,389,747
207031163,Box Hill,20703,2,187,358,591,1136
207031164,Box Hill North,20703,2,164,315,521,1001
207031165,Burwood (Vic.),20703,2,107,206,341,654
207031166,Burwood East,20703,2,146,281,464,891
207031167,Surrey Hills (East) - Mont Albert,20703,2,108,208,343,659
208011168,Beaumaris,20801,2,185,137,539,861
208011169,Brighton (Vic.),20801,2,350,258,1016,1624
208011170,Brighton East,20801,2,187,138,543,868
208011171,Highett (West) - Cheltenham,20801,2,110,81,320,512
208011172,Hampton,20801,2,194,143,564,901
208011173,Sandringham - Black Rock,20801,2,249,184,722,1154
208021174,Bentleigh - McKinnon,20802,2,241,297,789,1327
208021176,Carnegie,20802,2,167,205,546,919
208021177,Caulfield - North,20802,2,240,295,786,1321
208021178,Caulfield - South,20802,2,216,266,709,1191
208021179,Elsternwick,20802,2,122,150,400,673
208021180,Hughesdale,20802,2,69,85,226,379
208021181,Murrumbeena,20802,2,76,94,250,420
208021182,Ormond - Glen Huntly,20802,2,104,127,339,570
208021426,Bentleigh East - North,20802,2,133,164,436,733
208021427,Bentleigh East - South,20802,2,146,179,478,803
208031183,Aspendale Gardens - Waterways,20803,2,68,91,330,489
208031184,Braeside,20803,2,0,1,2,3
208031185,Carrum - Patterson Lakes,20803,2,119,160,582,861
208031186,Chelsea - Bonbeach,20803,2,137,185,670,992
208031187,Chelsea Heights,20803,2,48,65,236,349
208031188,Highett (East) - Cheltenham ,20803,2,228,308,1117,1654
208031189,Edithvale - Aspendale,20803,2,104,139,506,749
208031190,Mentone,20803,2,128,173,628,930
208031191,Moorabbin - Heatherton,20803,2,71,95,345,510
208031192,Moorabbin Airport,20803,2,0,0,0,0
208031193,Mordialloc - Parkdale,20803,2,168,226,820,1214
208041194,Malvern - Glen Iris,20804,2,345,195,567,1107
208041195,Malvern East,20804,2,298,169,489,956
209011196,Bundoora - East,20901,2,95,138,420,653
209011197,Greensborough,20901,2,193,280,852,1325
209011198,Heidelberg - Rosanna,20901,2,139,201,613,953
209011199,Heidelberg West,20901,2,86,124,378,588
209011200,Ivanhoe,20901,2,107,155,473,735
209011201,Ivanhoe East - Eaglemont,20901,2,78,112,342,532
209011202,Montmorency - Briar Hill,20901,2,158,229,697,1084
209011203,Viewbank - Yallambie,20901,2,168,244,742,1155
209011204,Watsonia,20901,2,82,119,361,561
209021205,Kingsbury,20902,2,87,164,371,622
209021428,Preston - East,20902,2,175,330,748,1253
209021429,Preston - West,20902,2,111,209,475,796
209021523,Reservoir - North East,20902,2,144,272,618,1035
209021524,Reservoir - North West,20902,2,170,320,726,1215
209021525,Reservoir - South East,20902,2,151,285,648,1084
209021526,Reservoir - South West,20902,2,113,213,484,810
209031209,Eltham,20903,2,188,159,733,1079
209031210,Hurstbridge,20903,2,24,20,93,136
209031211,Kinglake,20903,2,25,21,97,144
209031212,Panton Hill - St Andrews,20903,2,45,38,177,260
209031213,Plenty - Yarrambat,20903,2,69,58,269,396
209031214,Research - North Warrandyte,20903,2,47,40,185,273
209031215,Wattle Glen - Diamond Creek,20903,2,86,72,334,493
209041216,Bundoora - North,20904,2,52,81,241,373
209041217,Bundoora - West,20904,2,70,109,327,507
209041220,Mill Park - North,20904,2,122,189,567,878
209041221,Mill Park - South,20904,2,84,132,394,610
209041223,Thomastown,20904,2,218,339,1017,1574
209041224,Wallan,20904,2,105,164,490,759
209041225,Whittlesea,20904,2,87,136,407,631
209041431,Epping - East,20904,2,92,143,427,661
209041432,Epping - South,20904,2,64,100,299,464
209041433,Epping (Vic.) - West,20904,2,35,55,164,254
209041435,South Morang - North,20904,2,45,70,209,323
209041436,South Morang - South,20904,2,84,132,394,610
209041437,Wollert,20904,2,76,118,353,546
209041527,Doreen - North,20904,2,79,123,368,570
209041528,Doreen - South,20904,2,35,55,165,255
209041529,Lalor - East,20904,2,101,157,470,728
209041530,Lalor - West,20904,2,113,176,528,818
209041531,Mernda - North,20904,2,61,95,285,441
209041532,Mernda - South,20904,2,32,50,150,233
210011226,Airport West,21001,2,69,135,330,534
210011227,Essendon Airport,21001,2,0,0,0,0
210011228,Keilor,21001,2,97,190,464,751
210011230,Niddrie - Essendon West,21001,2,50,97,238,386
210011231,Strathmore,21001,2,72,141,345,558
210011533,Avondale Heights,21001,2,144,282,689,1115
210011534,Keilor East,21001,2,151,295,721,1166
210021232,Gisborne,21002,2,109,78,412,599
210021233,Macedon,21002,2,34,25,130,188
210021234,Riddells Creek,21002,2,36,26,138,200
210021235,Romsey,21002,2,82,59,312,453
210031236,Coburg North,21003,2,88,126,346,560
210031237,Fawkner,21003,2,168,240,658,1066
210031439,Gowanbrae,21003,2,47,67,183,296
210031440,Hadfield,21003,2,91,130,357,579
210031535,Glenroy - East,21003,2,168,240,658,1066
210031536,Glenroy - West,21003,2,85,121,332,538
210031537,Oak Park,21003,2,73,104,285,462
210031538,Pascoe Vale,21003,2,182,261,716,1158
210041240,Sunbury,21004,2,53,94,445,593
210041539,Diggers Rest,21004,2,12,21,102,135
210041540,Sunbury - South,21004,2,77,136,642,855
210041541,Sunbury - West,21004,2,41,72,340,452
210051242,Broadmeadows,21005,2,48,147,447,642
210051243,Campbellfield - Coolaroo,21005,2,77,236,717,1031
210051245,Gladstone Park - Westmeadows,21005,2,111,339,1029,1479
210051246,Greenvale - Bulla,21005,2,73,225,682,980
210051247,Meadow Heights,21005,2,49,151,459,660
210051248,Melbourne Airport,21005,2,0,1,3,4
210051250,Tullamarine,21005,2,42,128,388,557
210051441,Craigieburn - Central,21005,2,25,78,236,339
210051442,Craigieburn - North,21005,2,22,68,207,297
210051443,Craigieburn - South,21005,2,42,129,390,561
210051445,Mickleham - Yuroke,21005,2,33,102,309,444
210051542,Craigieburn - North West,21005,2,12,38,116,166
210051543,Craigieburn - West,21005,2,32,97,295,423
210051544,Roxburgh Park (South) - Somerton,21005,2,26,79,241,346
210051545,Roxburgh Park - North,21005,2,33,102,310,445
211011251,Bayswater,21101,2,113,181,428,723
211011254,Knoxfield - Scoresby,21101,2,138,220,521,879
211011255,Lysterfield,21101,2,38,61,143,241
211011256,Rowville - Central,21101,2,125,200,473,798
211011257,Rowville - North,21101,2,65,105,247,417
211011258,Rowville - South,21101,2,87,139,330,556
211011259,Wantirna,21101,2,150,241,569,960
211011260,Wantirna South,21101,2,215,345,815,1375
211011446,Boronia,21101,2,216,346,818,1380
211011447,Ferntree Gully - North,21101,2,143,229,542,915
211011448,Ferntree Gully (South) - Upper Ferntree Gully,21101,2,128,204,483,814
211011449,The Basin,21101,2,30,48,115,193
211021261,Donvale - Park Orchards,21102,2,211,210,463,884
211021262,Warrandyte - Wonga Park,21102,2,110,109,242,461
211031263,Bayswater North,21103,2,105,149,284,538
211031265,Croydon Hills - Warranwood,21103,2,167,238,455,860
211031266,Ringwood,21103,2,200,284,543,1027
211031267,Ringwood East,21103,2,218,310,592,1120
211031268,Ringwood North,21103,2,117,166,317,600
211031450,Croydon - East,21103,2,183,260,496,939
211031451,Croydon - West,21103,2,222,316,604,1142
211031452,Croydon South,21103,2,51,72,138,261
211041269,Forest Hill,21104,2,117,208,397,722
211041270,Mitcham (Vic.),21104,2,134,238,454,826
211041271,Nunawading,21104,2,121,216,411,748
211041272,Vermont,21104,2,101,180,342,622
211041273,Vermont South,21104,2,166,296,563,1026
211051274,Belgrave - Selby,21105,2,53,116,201,370
211051275,Chirnside Park,21105,2,79,173,300,552
211051276,Healesville - Yarra Glen,21105,2,119,259,448,826
211051277,Kilsyth,21105,2,77,169,292,537
211051278,Lilydale - Coldstream,21105,2,140,306,529,975
211051279,Monbulk - Silvan,21105,2,39,86,149,274
211051280,Montrose,21105,2,48,105,182,335
211051281,Mooroolbark,21105,2,136,296,512,944
211051282,Mount Dandenong - Olinda,21105,2,68,148,256,472
211051283,Mount Evelyn,21105,2,56,122,212,390
211051284,Upwey - Tecoma,21105,2,50,110,190,350
211051285,Wandin - Seville,21105,2,47,104,179,330
211051286,Yarra Valley,21105,2,112,245,425,782
212011289,Emerald - Cockatoo,21201,2,129,136,472,737
212011546,Beaconsfield - Officer,21201,2,106,112,389,608
212011547,Bunyip - Garfield,21201,2,80,84,292,456
212011548,Koo Wee Rup,21201,2,79,83,288,450
212011549,Pakenham - North East,21201,2,83,87,302,471
212011550,Pakenham - North West,21201,2,39,41,142,221
212011551,Pakenham - South East,21201,2,63,66,230,360
212011552,Pakenham - South West,21201,2,142,149,518,809
212021293,Berwick - North,21202,2,278,423,887,1589
212021295,Doveton,21202,2,84,127,267,478
212021297,Hallam,21202,2,94,143,300,537
212021299,Narre Warren North,21202,2,73,111,232,416
212021453,Endeavour Hills - North,21202,2,106,162,339,607
212021454,Endeavour Hills - South,21202,2,122,186,390,698
212021455,Narre Warren - North East,21202,2,76,116,242,434
212021456,Narre Warren - South West,21202,2,93,142,298,534
212021553,Berwick - South East,21202,2,89,136,285,510
212021554,Berwick - South West,21202,2,46,70,146,261
212031300,Cranbourne,21203,2,87,188,469,743
212031303,Cranbourne South,21203,2,62,134,335,532
212031304,Cranbourne West,21203,2,56,120,300,475
212031306,Lynbrook - Lyndhurst,21203,2,42,90,225,356
212031308,Pearcedale - Tooradin,21203,2,43,93,233,370
212031457,Narre Warren South - East,21203,2,43,93,233,369
212031458,Narre Warren South - West,21203,2,44,95,237,376
212031555,Clyde North - North,21203,2,25,54,136,215
212031556,Clyde North - South,21203,2,31,66,166,263
212031557,Cranbourne East - North,21203,2,81,174,434,689
212031558,Cranbourne East - South,21203,2,39,85,211,335
212031559,Cranbourne North - East,21203,2,21,46,114,180
212031560,Cranbourne North - West,21203,2,36,77,193,306
212031561,Hampton Park - East,21203,2,37,79,198,314
212031562,Hampton Park - West,21203,2,48,104,260,412
212041309,Clarinda - Oakleigh South,21204,2,141,303,653,1097
212041310,Clayton South,21204,2,106,228,491,825
212041312,Dandenong North,21204,2,209,450,971,1630
212041313,Dingley Village,21204,2,126,270,584,980
212041316,Noble Park North,21204,2,76,163,351,590
212041317,Springvale,21204,2,185,397,857,1438
212041318,Springvale South,21204,2,102,218,471,791
212041459,Noble Park - East,21204,2,87,186,402,674
212041460,Noble Park - West,21204,2,155,333,719,1206
212041563,Dandenong - North,21204,2,153,329,711,1194
212041564,Dandenong - South,21204,2,66,141,305,513
212041565,Keysborough - North,21204,2,162,349,753,1264
212041566,Keysborough - South,21204,2,58,124,268,449
212051319,Ashwood - Chadstone,21205,2,181,291,541,1013
212051321,Glen Waverley - East,21205,2,301,483,897,1680
212051322,Glen Waverley - West,21205,2,242,388,722,1353
212051323,Mount Waverley - North,21205,2,189,303,563,1054
212051324,Mount Waverley - South,21205,2,222,356,662,1241
212051325,Mulgrave,21205,2,249,399,743,1391
212051326,Oakleigh - Huntingdale,21205,2,216,346,643,1205
212051327,Wheelers Hill,21205,2,416,668,1241,2325
212051567,Clayton (North) - Notting Hill,21205,2,47,75,140,263
212051568,Clayton - Central,21205,2,77,124,230,430
213011328,Ardeer - Albion,21301,2,48,112,261,420
213011329,Cairnlea,21301,2,40,93,217,350
213011331,Delahey,21301,2,47,110,257,414
213011332,Keilor Downs,21301,2,109,256,596,960
213011333,Kings Park (Vic.),21301,2,99,233,544,876
213011334,St Albans - North,21301,2,138,325,756,1219
213011335,St Albans - South,21301,2,133,313,729,1175
213011336,Sunshine,21301,2,45,106,247,398
213011337,Sunshine North,21301,2,71,168,391,630
213011338,Sunshine West,21301,2,136,319,743,1197
213011339,Sydenham,21301,2,56,132,308,496
213011340,Taylors Lakes,21301,2,116,273,636,1025
213011569,Deer Park,21301,2,104,244,569,917
213011570,Derrimut,21301,2,18,42,99,159
213021341,Altona,21302,2,148,178,550,876
213021342,Altona Meadows,21302,2,170,204,632,1006
213021343,Altona North,21302,2,142,171,528,841
213021344,Newport,21302,2,107,128,397,632
213021345,Seabrook,21302,2,28,33,102,162
213021346,Williamstown,21302,2,165,198,613,976
213031347,Braybrook,21303,2,129,213,445,787
213031348,Footscray,21303,2,110,181,379,670
213031349,Maribyrnong,21303,2,87,143,300,530
213031350,Seddon - Kingsville,21303,2,51,84,177,313
213031351,West Footscray - Tottenham,21303,2,67,109,229,405
213031352,Yarraville,21303,2,95,156,327,578
213041353,Bacchus Marsh,21304,2,118,261,953,1333
213041358,Melton West,21304,2,60,132,482,673
213041359,Rockbank - Mount Cottrell,21304,2,27,60,218,304
213041360,Taylors Hill,21304,2,46,102,373,522
213041461,Burnside,21304,2,28,61,223,312
213041462,Burnside Heights,21304,2,10,23,84,117
213041463,Caroline Springs,21304,2,53,116,425,593
213041571,Brookfield,21304,2,36,80,291,407
213041572,Cobblebank - Strathtulloh,21304,2,5,11,40,56
213041573,Eynesbury - Exford,21304,2,7,16,59,82
213041574,Fraser Rise - Plumpton,21304,2,25,55,200,279
213041575,Hillside,21304,2,45,100,364,508
213041576,Kurunjang - Toolern Vale,21304,2,37,82,299,419
213041577,Melton,21304,2,48,106,389,544
213041578,Melton South - Weir Views,21304,2,50,111,406,567
213051361,Hoppers Crossing - North,21305,2,109,114,416,639
213051362,Hoppers Crossing - South,21305,2,155,162,594,911
213051363,Laverton,21305,2,33,34,125,192
213051368,Werribee - South,21305,2,123,129,470,722
213051464,Point Cook - East,21305,2,65,68,247,379
213051466,Point Cook - South,21305,2,41,43,156,240
213051467,Werribee - East,21305,2,140,146,535,822
213051468,Werribee - West,21305,2,89,93,340,522
213051579,Manor Lakes - Quandong,21305,2,18,19,69,105
213051580,Point Cook - North East,21305,2,69,72,263,403
213051581,Point Cook - North West,21305,2,28,29,108,165
213051582,Tarneit (West) - Mount Cottrell,21305,2,14,15,53,82
213051583,Tarneit - Central,21305,2,76,79,289,444
213051584,Tarneit - North,21305,2,8,8,31,47
213051585,Tarneit - South,21305,2,37,39,143,219
213051586,Truganina - North,21305,2,11,12,44,67
213051587,Truganina - South East,21305,2,17,18,64,98
213051588,Truganina - South West,21305,2,47,49,179,275
213051589,Wyndham Vale - North,21305,2,22,23,84,128
213051590,Wyndham Vale - South,21305,2,61,64,234,360
214011370,Carrum Downs,21401,2,159,190,511,860
214011371,Frankston,21401,2,233,279,750,1262
214011372,Frankston North,21401,2,193,231,620,1044
214011373,Frankston South,21401,2,231,277,744,1252
214011374,Langwarrin,21401,2,214,256,688,1157
214011375,Seaford (Vic.),21401,2,177,212,569,957
214011376,Skye - Sandhurst,21401,2,87,104,279,469
214021377,Dromana,21402,2,199,255,605,1059
214021378,Flinders,21402,2,93,119,282,494
214021379,Hastings - Somers,21402,2,260,334,791,1384
214021381,Mount Eliza,21402,2,197,252,598,1046
214021382,Mount Martha,21402,2,234,300,712,1247
214021383,Point Nepean,21402,2,313,401,950,1663
214021384,Rosebud - McCrae,21402,2,366,470,1114,1950
214021385,Somerville,21402,2,161,207,490,858
214021591,Mornington - East,21402,2,187,239,567,993
214021592,Mornington - West,21402,2,207,265,629,1101
215011386,Ararat,21501,2,105,106,635,845
215011387,Ararat Surrounds,21501,2,38,38,227,302
215011388,Horsham,21501,2,197,198,1189,1584
215011389,Horsham Surrounds,21501,2,33,33,198,263
215011390,Nhill Region,21501,2,97,97,585,779
215011391,St Arnaud,21501,2,54,54,326,434
215011392,Stawell,21501,2,113,114,684,911
215011393,West Wimmera,21501,2,40,40,242,323
215011394,Yarriambiack,21501,2,94,94,566,754
215021395,Irymple,21502,2,68,124,391,583
215021396,Merbein,21502,2,49,89,280,419
215021398,Mildura Surrounds,21502,2,45,82,256,382
215021399,Red Cliffs,21502,2,55,100,314,469
215021469,Mildura - North,21502,2,182,331,1041,1555
215021470,Mildura - South,21502,2,166,303,951,1420
215031400,Buloke,21503,2,89,98,624,811
215031401,Gannawarra,21503,2,106,116,745,968
215031402,Kerang,21503,2,61,66,425,552
215031403,Robinvale,21503,2,26,29,183,238
215031404,Swan Hill,21503,2,118,129,827,1075
215031405,Swan Hill Surrounds,21503,2,58,64,408,530
216011406,Echuca,21601,2,200,252,922,1374
216011407,Kyabram,21601,2,144,181,662,987
216011408,Lockington - Gunbower,21601,2,40,50,183,273
216011409,Rochester,21601,2,60,76,278,414
216011410,Rushworth,21601,2,59,74,272,406
216021411,Cobram,21602,2,92,86,535,713
216021412,Moira,21602,2,27,26,160,213
216021413,Numurkah,21602,2,131,123,761,1015
216021414,Yarrawonga,21602,2,134,127,783,1044
216031415,Mooroopna,21603,2,100,87,385,572
216031416,Shepparton - North,21603,2,176,153,679,1009
216031418,Shepparton Surrounds - East,21603,2,33,29,129,192
216031419,Shepparton Surrounds - West,21603,2,111,97,430,638
216031593,Kialla,21603,2,85,74,327,486
216031594,Shepparton - South East,21603,2,181,158,700,1040
217011420,Glenelg (Vic.),21701,2,118,193,482,792
217011421,Hamilton (Vic.),21701,2,141,230,577,948
217011422,Portland,21701,2,143,233,584,960
217011423,Southern Grampians,21701,2,79,130,325,534
217031471,Camperdown,21703,2,41,62,274,378
217031472,Colac,21703,2,120,183,805,1108
217031473,Colac Surrounds,21703,2,44,67,293,404
217031474,Corangamite - North,21703,2,53,81,355,489
217031475,Corangamite - South,21703,2,61,93,409,563
217031476,Otway,21703,2,41,63,275,379
217041477,Moyne - East,21704,2,57,104,257,418
217041478,Moyne - West,21704,2,117,213,527,856
217041479,Warrnambool - North,21704,2,209,381,943,1533
217041480,Warrnambool - South,21704,2,149,272,675,1096
297979799,Migratory - Offshore - Shipping (Vic.),29797,2,0,0,0,0
299999499,No usual address (Vic.),29999,2,0,0,0,0
301011001,Alexandra Hills,30101,3,104,107,495,705
301011002,Belmont - Gumdale,30101,3,53,54,250,356
301011003,Birkdale,30101,3,137,140,649,926
301011004,Capalaba,30101,3,136,139,644,918
301011005,Thorneside,30101,3,32,33,151,216
301011006,Wellington Point,30101,3,92,94,438,625
301021007,Cleveland,30102,3,214,286,1105,1604
301021008,Ormiston,30102,3,73,98,377,548
301021009,Redland Bay,30102,3,134,179,691,1004
301021011,Sheldon - Mount Cotton,30102,3,38,51,196,285
301021012,Thornlands,30102,3,122,162,628,912
301021013,Victoria Point,30102,3,198,264,1022,1484
301021550,North Stradbroke Island,30102,3,27,36,141,204
301021551,Southern Moreton Bay Islands,30102,3,149,199,771,1120
301031014,Brisbane Port - Lytton,30103,3,0,0,0,0
301031015,Manly - Lota,30103,3,61,67,320,448
301031016,Manly West,30103,3,82,91,431,604
301031017,Murarrie,30103,3,16,18,85,119
301031018,Tingalpa,30103,3,57,63,301,422
301031019,Wakerley,30103,3,33,37,175,244
301031020,Wynnum,30103,3,108,119,566,793
301031021,Wynnum West - Hemmant,30103,3,111,123,584,818
302011022,Bald Hills,30201,3,67,55,233,354
302011023,Bridgeman Downs,30201,3,120,98,417,635
302011024,Carseldine,30201,3,136,111,474,722
302011025,Everton Park,30201,3,89,73,311,474
302011026,McDowall,30201,3,76,62,265,403
302021027,Aspley,30202,3,192,223,894,1309
302021028,Chermside,30202,3,126,147,588,861
302021029,Chermside West,30202,3,64,74,297,435
302021030,Geebung,30202,3,41,47,190,277
302021031,Kedron - Gordon Park,30202,3,83,97,388,569
302021032,Stafford,30202,3,46,54,216,317
302021033,Stafford Heights,30202,3,83,97,388,569
302021034,Wavell Heights,30202,3,69,80,321,470
302031035,Boondall,30203,3,90,104,387,581
302031036,Brisbane Airport,30203,3,0,0,2,2
302031037,Eagle Farm - Pinkenba,30203,3,18,21,79,119
302031038,Northgate - Virginia,30203,3,39,45,167,251
302031039,Nudgee - Banyo,30203,3,79,91,338,507
302031040,Nundah,30203,3,83,95,353,531
302041041,Bracken Ridge,30204,3,180,173,745,1098
302041042,Brighton (Qld),30204,3,101,97,419,618
302041043,Deagon,30204,3,46,45,192,283
302041044,Sandgate - Shorncliffe,30204,3,101,97,416,613
302041045,Taigum - Fitzgibbon,30204,3,196,188,812,1196
302041046,Zillmere,30204,3,81,78,334,493
303011047,Camp Hill,30301,3,62,53,253,369
303011048,Cannon Hill,30301,3,37,31,150,218
303011049,Carina,30301,3,108,91,438,637
303011050,Carina Heights,30301,3,49,42,199,290
303011051,Carindale,30301,3,201,171,819,1191
303021052,Annerley,30302,3,76,59,217,353
303021053,Coorparoo,30302,3,161,125,459,745
303021054,Fairfield - Dutton Park,30302,3,32,24,90,146
303021055,Greenslopes,30302,3,76,59,216,351
303021056,Holland Park,30302,3,76,59,217,353
303021057,Holland Park West,30302,3,55,43,157,255
303021058,Woolloongabba,30302,3,48,37,136,221
303021059,Yeronga,30302,3,143,111,407,660
303031060,Eight Mile Plains,30303,3,134,131,517,782
303031061,Macgregor (Qld),30303,3,57,56,221,334
303031062,Mansfield (Qld),30303,3,81,79,314,474
303031063,Mount Gravatt,30303,3,118,115,454,686
303031064,Rochedale - Burbank,30303,3,60,59,233,352
303031065,Upper Mount Gravatt,30303,3,100,97,385,582
303031066,Wishart,30303,3,117,114,451,681
303041067,Coopers Plains,30304,3,17,47,171,235
303041068,Moorooka,30304,3,30,82,298,409
303041069,Robertson,30304,3,28,75,275,378
303041070,Salisbury - Nathan,30304,3,21,57,208,286
303041071,Tarragindi,30304,3,34,91,333,458
303051072,Algester,30305,3,117,78,263,458
303051073,Calamvale - Stretton,30305,3,234,157,529,920
303051074,Pallara - Willawong,30305,3,52,35,117,204
303051075,Parkinson - Drewvale,30305,3,156,105,352,613
303051076,Rocklea - Acacia Ridge,30305,3,109,73,246,429
303061077,Kuraby,30306,3,56,87,232,375
303061078,Runcorn,30306,3,78,122,326,525
303061079,Sunnybank,30306,3,69,107,286,462
303061080,Sunnybank Hills,30306,3,150,233,624,1006
304011081,Jindalee - Mount Ommaney,30401,3,111,73,300,484
304011082,Middle Park - Jamboree Heights,30401,3,92,60,248,401
304011083,Riverhills,30401,3,43,28,115,186
304011084,Seventeen Mile Rocks - Sinnamon Park,30401,3,132,87,356,575
304011085,Westlake,30401,3,61,40,163,264
304021086,Bellbowrie - Moggill,30402,3,87,63,253,403
304021087,Brookfield - Kenmore Hills,30402,3,79,58,231,368
304021088,Chapel Hill,30402,3,107,78,312,497
304021089,Fig Tree Pocket,30402,3,30,22,88,140
304021090,Kenmore,30402,3,85,62,247,393
304021091,Pinjarra Hills - Pullenvale,30402,3,60,43,174,277
304031092,Chelmer - Graceville,30403,3,47,43,214,305
304031093,Corinda,30403,3,41,38,186,265
304031094,Indooroopilly,30403,3,76,70,345,492
304031095,Sherwood,30403,3,46,42,206,293
304031096,St Lucia,30403,3,57,52,258,367
304031097,Taringa,30403,3,55,51,251,357
304041098,Enoggera,30404,3,53,40,167,260
304041099,Enoggera Reservoir,30404,3,1,0,2,3
304041100,Keperra,30404,3,114,85,358,557
304041101,Mitchelton,30404,3,78,58,245,382
304041102,Mount Coot-tha,30404,3,0,0,0,0
304041103,The Gap,30404,3,206,155,649,1010
304041104,Upper Kedron - Ferny Grove,30404,3,102,76,321,499
305011105,Brisbane City,30501,3,59,42,197,299
305011106,Fortitude Valley,30501,3,19,14,64,97
305011107,Highgate Hill,30501,3,33,24,112,170
305011108,Kangaroo Point,30501,3,68,49,228,345
305011109,New Farm,30501,3,102,73,341,516
305011110,South Brisbane,30501,3,44,31,146,221
305011111,Spring Hill,30501,3,18,13,61,93
305011112,West End,30501,3,71,51,240,363
305021113,Balmoral,30502,3,9,13,58,81
305021114,Bulimba,30502,3,25,36,157,218
305021115,East Brisbane,30502,3,14,20,86,120
305021116,Hawthorne,30502,3,10,14,62,86
305021117,Morningside - Seven Hills,30502,3,33,47,205,285
305021118,Norman Park,30502,3,16,23,98,136
305031119,Albion,30503,3,44,28,109,181
305031120,Alderley,30503,3,42,27,104,173
305031121,Ascot,30503,3,66,43,165,275
305031122,Clayfield,30503,3,95,62,236,393
305031123,Grange,30503,3,31,20,77,127
305031124,Hamilton (Qld),30503,3,79,52,198,329
305031125,Hendra,30503,3,46,30,114,189
305031126,Kelvin Grove - Herston,30503,3,42,27,106,175
305031127,Newmarket,30503,3,32,21,81,134
305031128,Newstead - Bowen Hills,30503,3,132,86,330,547
305031129,Wilston,30503,3,29,19,73,121
305031130,Windsor,30503,3,41,27,103,171
305031131,Wooloowin - Lutwyche,30503,3,72,47,180,299
305041132,Ashgrove,30504,3,71,73,293,437
305041133,Auchenflower,30504,3,32,33,132,197
305041134,Bardon,30504,3,48,50,199,296
305041135,Paddington - Milton,30504,3,46,48,192,286
305041136,Red Hill (Qld),30504,3,20,21,83,124
305041137,Toowong,30504,3,55,57,227,339
306011138,Brinsmead,30601,3,29,47,111,187
306011139,Clifton Beach - Kewarra Beach,30601,3,113,182,429,724
306011140,Freshwater - Stratford,30601,3,24,39,93,156
306011141,Redlynch,30601,3,74,120,283,478
306011142,Trinity Beach - Smithfield,30601,3,112,182,428,723
306011143,Yorkeys Knob - Machans Beach,30601,3,55,90,211,356
306021144,Bentley Park,30602,3,44,67,167,279
306021145,Cairns City,30602,3,107,162,402,670
306021146,Earlville - Bayview Heights,30602,3,121,183,455,758
306021147,Edmonton,30602,3,79,120,299,498
306021148,Gordonvale - Trinity,30602,3,85,130,322,537
306021149,Kanimbla - Mooroobool,30602,3,97,147,366,610
306021150,Lamb Range,30602,3,0,0,0,0
306021151,Manoora,30602,3,53,80,198,331
306021152,Manunda,30602,3,53,80,200,333
306021153,Mount Sheridan,30602,3,65,99,247,412
306021154,Westcourt - Bungalow,30602,3,67,102,253,422
306021155,White Rock,30602,3,47,72,179,299
306021156,Whitfield - Edge Hill,30602,3,99,151,375,626
306021157,Woree,30602,3,51,78,193,322
306031158,Babinda,30603,3,33,92,186,312
306031159,Innisfail,30603,3,63,176,356,594
306031160,Johnstone,30603,3,51,143,289,483
306031161,Tully,30603,3,85,238,482,806
306031162,Wooroonooran,30603,3,0,0,0,0
306031163,Yarrabah,30603,3,5,15,30,50
306041164,Daintree,30604,3,62,126,175,363
306041165,Port Douglas,30604,3,50,102,143,295
306051166,Atherton,30605,3,75,223,644,941
306051167,Herberton,30605,3,33,99,286,419
306051168,Kuranda,30605,3,23,69,200,293
306051169,Malanda - Yungaburra,30605,3,60,180,520,761
306051170,Mareeba,30605,3,66,197,567,829
307011171,Balonne,30701,3,28,28,143,200
307011172,Chinchilla,30701,3,56,56,282,393
307011173,Goondiwindi,30701,3,46,46,232,325
307011174,Inglewood - Waggamba,30701,3,35,35,175,244
307011175,Miles - Wandoan,30701,3,32,32,161,225
307011176,Roma,30701,3,36,36,181,253
307011177,Roma Surrounds,30701,3,48,47,239,334
307011178,Tara,30701,3,30,30,150,210
307021179,Crows Nest - Rosalie,30702,3,137,179,490,806
307021180,Jondaryan,30702,3,69,90,246,404
307021181,Millmerran,30702,3,36,46,127,209
307021182,Pittsworth,30702,3,69,90,247,406
307021183,Wambo,30702,3,153,200,547,899
307031184,Clifton - Greenmount,30703,3,56,73,191,320
307031185,Southern Downs - East,30703,3,53,70,183,307
307031186,Southern Downs - West,30703,3,58,77,201,336
307031187,Stanthorpe,30703,3,76,101,263,440
307031188,Stanthorpe Surrounds,30703,3,74,97,254,425
307031189,Warwick,30703,3,181,239,625,1045
308011190,Central Highlands - East,30801,3,8,26,70,104
308011191,Central Highlands - West,30801,3,21,72,197,290
308011192,Emerald,30801,3,17,57,158,232
308031205,Berserker,30803,3,48,120,208,377
308031206,Bouldercombe,30803,3,18,46,79,143
308031207,Emu Park,30803,3,75,188,326,588
308031208,Frenchville - Mount Archer,30803,3,70,176,305,550
308031209,Glenlee - Rockyview,30803,3,32,79,137,248
308031210,Gracemere,30803,3,65,162,281,507
308031211,Lakes Creek,30803,3,32,80,139,250
308031212,Mount Morgan,30803,3,37,93,162,292
308031213,Norman Gardens,30803,3,80,200,348,628
308031214,Park Avenue,30803,3,45,114,197,356
308031215,Parkhurst - Kawana,30803,3,49,121,211,381
308031216,Rockhampton - West,30803,3,54,136,235,425
308031217,Rockhampton City,30803,3,24,59,103,186
308031218,Rockhampton Surrounds - East,30803,3,31,79,136,246
308031219,Rockhampton Surrounds - North,30803,3,37,93,162,292
308031220,Rockhampton Surrounds - West,30803,3,24,60,103,187
308031221,Shoalwater Bay,30803,3,1,2,3,6
308031222,The Range - Allenstown,30803,3,63,158,275,496
308031223,Yeppoon,30803,3,194,485,841,1519
308041528,Banana,30804,3,61,99,230,390
308041529,Biloela,30804,3,30,49,114,193
308051530,Agnes Water - Miriam Vale,30805,3,38,119,298,455
308051531,Boyne Island - Tannum Sands,30805,3,34,107,267,407
308051532,Callemondah,30805,3,1,2,4,6
308051533,Clinton - New Auckland,30805,3,35,110,273,418
308051534,Gladstone,30805,3,21,68,169,258
308051535,Gladstone Hinterland,30805,3,39,124,308,471
308051536,Kin Kora - Sun Valley,30805,3,12,37,93,143
308051537,South Trees,30805,3,0,0,0,0
308051538,Telina - Toolooa,30805,3,14,43,108,164
308051539,West Gladstone,30805,3,20,62,153,235
309011224,Broadbeach Waters,30901,3,52,64,266,382
309011225,Burleigh Heads,30901,3,66,82,342,491
309011226,Burleigh Waters,30901,3,98,121,505,724
309011227,Mermaid Beach - Broadbeach,30901,3,90,111,466,668
309011228,Mermaid Waters,30901,3,85,105,440,631
309011229,Miami,30901,3,41,50,211,303
309021230,Coolangatta,30902,3,69,62,288,419
309021231,Currumbin - Tugun,30902,3,91,82,381,554
309021232,Currumbin Waters,30902,3,83,74,346,503
309021233,Elanora,30902,3,107,96,445,647
309021234,Palm Beach,30902,3,122,109,506,736
309031235,Arundel,30903,3,121,95,401,617
309031236,Biggera Waters,30903,3,118,93,393,604
309031237,Coombabah,30903,3,190,149,632,971
309031238,Labrador,30903,3,218,172,727,1117
309031239,Paradise Point - Hollywell,30903,3,166,131,552,849
309031240,Runaway Bay,30903,3,177,139,588,905
309041241,Guanaba - Springbrook,30904,3,7,21,110,138
309041242,Tamborine - Canungra,30904,3,33,99,516,648
309051243,Currumbin Valley - Tallebudgera,30905,3,91,40,190,321
309051244,Mudgeeraba - Bonogin,30905,3,202,88,420,710
309051245,Reedy Creek - Andrews,30905,3,74,32,155,261
309061246,Carrara,30906,3,54,123,530,708
309061247,Highland Park,30906,3,29,67,289,385
309061248,Nerang - Mount Nathan,30906,3,75,173,744,993
309061249,Pacific Pines - Gaven,30906,3,32,74,317,423
309061250,Worongary - Tallai,30906,3,26,59,255,341
309071251,Coomera,30907,3,49,49,196,294
309071252,Helensvale,30907,3,120,121,485,726
309071253,Hope Island,30907,3,167,169,675,1011
309071254,Jacobs Well - Alberton,30907,3,29,29,115,173
309071256,Oxenford - Maudsland,30907,3,71,72,289,432
309071552,Ormeau (East) - Stapylton,30907,3,40,41,163,245
309071553,Ormeau (West) - Yatala,30907,3,44,44,176,264
309071554,Pimpama - North,30907,3,61,62,247,370
309071555,Pimpama - South,30907,3,13,13,52,78
309071556,Upper Coomera (South) - Wongawallan,30907,3,41,41,165,248
309071557,Upper Coomera - North,30907,3,70,71,284,426
309071558,Willow Vale - Pimpama (West),30907,3,16,16,65,97
309081259,Clear Island Waters,30908,3,90,57,227,374
309081260,Merrimac,30908,3,77,49,195,322
309081262,Varsity Lakes,30908,3,156,98,393,647
309081559,Robina - East,30908,3,218,138,552,908
309081560,Robina - West,30908,3,142,90,359,591
309091263,Ashmore,30909,3,238,147,522,906
309091264,Molendinar,30909,3,66,41,145,252
309091265,Parkwood,30909,3,92,57,201,350
309091540,Southport - North,30909,3,293,180,642,1115
309091541,Southport - South,30909,3,319,196,699,1214
309101267,Benowa,30910,3,15,58,269,342
309101268,Bundall,30910,3,5,19,87,111
309101269,Main Beach,30910,3,11,41,191,243
309101561,Surfers Paradise - North,30910,3,22,85,394,502
309101562,Surfers Paradise - South,30910,3,21,79,364,463
310011271,Darra - Sumner,31001,3,25,46,132,203
310011272,Durack,31001,3,87,156,449,692
310011274,Inala - Richlands,31001,3,105,189,541,834
310011275,Oxley (Qld),31001,3,51,92,264,408
310011276,Wacol,31001,3,18,32,92,141
310011563,Doolandella,31001,3,30,54,156,241
310011564,Forest Lake - Ellen Grove,31001,3,132,238,681,1051
310021277,Boonah,31002,3,89,150,474,714
310021278,Esk,31002,3,45,76,239,359
310021279,Lake Manchester - England Creek,31002,3,0,0,0,0
310021280,Lockyer Valley - East,31002,3,109,183,577,869
310021281,Lowood,31002,3,68,115,362,545
310021282,Rosewood,31002,3,66,112,353,531
310031283,Brassall,31003,3,108,94,470,672
310031284,Bundamba,31003,3,74,64,322,460
310031285,Churchill - Yamanto,31003,3,50,43,217,310
310031286,Ipswich - Central,31003,3,57,50,249,356
310031287,Ipswich - East,31003,3,165,144,721,1030
310031288,Ipswich - North,31003,3,30,26,130,185
310031289,Karalee - Barellan Point,31003,3,44,38,191,273
310031290,Karana Downs,31003,3,46,40,200,286
310031291,Leichhardt - One Mile,31003,3,55,48,238,341
310031292,North Ipswich - Tivoli,31003,3,70,61,305,435
310031293,Raceview,31003,3,135,118,587,840
310031294,Ripley,31003,3,42,37,185,264
310031295,Riverview,31003,3,31,27,134,191
310041297,Camira - Gailes,31004,3,0,64,258,322
310041298,Carole Park,31004,3,0,0,0,0
310041299,Collingwood Park - Redbank,31004,3,0,60,243,303
310041300,Goodna,31004,3,0,63,253,316
310041301,New Chum,31004,3,0,0,1,1
310041302,Redbank Plains,31004,3,0,89,359,448
310041303,Springfield,31004,3,0,27,107,134
310041304,Springfield Lakes,31004,3,0,65,261,326
310041565,Augustine Heights - Brookwater,31004,3,0,22,89,111
310041566,Bellbird Park,31004,3,0,40,163,203
311011305,Beaudesert,31101,3,216,201,770,1187
311021306,Beenleigh,31102,3,41,76,350,468
311021307,Eagleby,31102,3,98,182,835,1115
311021308,Edens Landing - Holmview,31102,3,28,52,237,316
311021309,Mount Warren Park,31102,3,37,68,312,417
311021310,Wolffdene - Bahrs Scrub,31102,3,33,62,285,381
311031311,Boronia Heights - Park Ridge,31103,3,148,194,667,1009
311031312,Browns Plains,31103,3,35,45,155,235
311031313,Chambers Flat - Logan Reserve,31103,3,76,99,341,516
311031314,Crestmead,31103,3,43,56,194,294
311031315,Greenbank Military Camp,31103,3,0,0,0,0
311031316,Hillcrest,31103,3,51,67,230,349
311031317,Marsden,31103,3,63,83,284,430
311031318,Munruben - Park Ridge South,31103,3,28,37,127,192
311031319,Regents Park - Heritage Park,31103,3,73,96,328,497
311041322,Logan Village,31104,3,35,74,329,438
311041567,Flagstone (East) - Riverbend,31104,3,13,27,120,160
311041568,Flagstone (West) - New Beith,31104,3,16,34,153,204
311041569,Greenbank - North Maclean,31104,3,22,46,206,274
311041570,Jimboomba - Glenlogan,31104,3,43,91,404,537
311041571,Yarrabilba,31104,3,11,24,107,143
311051323,Bethania - Waterford,31105,3,214,178,670,1062
311051324,Cornubia - Carbrook,31105,3,108,90,340,538
311051325,Loganholme - Tanah Merah,31105,3,102,85,319,505
311051326,Loganlea,31105,3,93,77,290,460
311051327,Shailer Park,31105,3,121,101,379,601
311051328,Waterford West,31105,3,105,87,329,521
311061329,Daisy Hill,31106,3,48,62,210,320
311061330,Kingston (Qld),31106,3,61,79,266,406
311061331,Logan Central,31106,3,39,51,170,259
311061332,Rochedale South - Priestdale,31106,3,120,156,523,799
311061333,Slacks Creek,31106,3,69,89,301,459
311061334,Springwood,31106,3,91,118,398,607
311061335,Underwood,31106,3,33,42,143,218
311061336,Woodridge,31106,3,89,116,391,597
312011337,Bowen,31201,3,72,78,449,598
312011338,Broadsound - Nebo,31201,3,24,26,148,198
312011339,Clermont,31201,3,18,19,111,148
312011340,Collinsville,31201,3,24,26,151,201
312011341,Moranbah,31201,3,7,8,44,59
312021342,Andergrove - Beaconsfield,31202,3,111,75,522,708
312021343,East Mackay,31202,3,28,19,130,176
312021344,Eimeo - Rural View,31202,3,46,31,216,293
312021345,Eungella Hinterland,31202,3,0,0,0,0
312021346,Mackay,31202,3,22,15,104,142
312021347,Mackay Harbour,31202,3,5,3,22,30
312021348,Mount Pleasant - Glenella,31202,3,87,59,407,552
312021349,North Mackay,31202,3,55,37,259,352
312021350,Ooralea - Bakers Creek,31202,3,33,22,155,211
312021351,Pioneer Valley,31202,3,49,33,228,310
312021352,Sarina,31202,3,89,61,420,570
312021353,Seaforth - Calen,31202,3,68,46,320,434
312021354,Shoal Point - Bucasia,31202,3,29,20,135,183
312021355,Slade Point,31202,3,23,16,109,149
312021356,South Mackay,31202,3,55,37,257,349
312021357,Walkerston - Eton,31202,3,55,37,258,351
312021358,West Mackay,31202,3,50,34,237,321
312031359,Airlie - Whitsundays,31203,3,44,30,244,318
312031360,Cape Conway,31203,3,0,0,0,0
312031361,Proserpine,31203,3,50,35,281,366
313011362,Beachmere - Sandstone Point,31301,3,109,367,1484,1960
313011363,Bribie Island,31301,3,189,635,2573,3397
313021364,Burpengary - East,31302,3,79,66,173,319
313021366,Caboolture - South,31302,3,380,320,835,1535
313021367,Elimbah,31302,3,55,46,121,222
313021368,Morayfield - East,31302,3,146,123,320,588
313021369,Wamuran,31302,3,67,56,147,271
313021572,Caboolture - East,31302,3,246,207,541,994
313021573,Caboolture - West,31302,3,223,187,489,899
313031370,Kilcoy,31303,3,47,64,172,284
313031371,Woodford - D'Aguilar,31303,3,62,84,222,367
313041372,Burpengary,31304,3,132,168,593,894
313041373,Deception Bay,31304,3,280,356,1256,1891
313041374,Morayfield,31304,3,42,53,188,284
313041375,Narangba,31304,3,106,135,476,717
313041376,Upper Caboolture,31304,3,29,37,130,196
313051377,Clontarf,31305,3,93,120,368,581
313051378,Margate - Woody Point,31305,3,150,194,596,940
313051379,Redcliffe,31305,3,176,228,698,1102
313051380,Rothwell - Kippa-Ring,31305,3,225,290,891,1406
313051574,Moreton Island,31305,3,3,3,11,17
313051575,Scarborough - Newport,31305,3,231,298,915,1444
314011382,Albany Creek,31401,3,36,128,433,598
314011383,Cashmere,31401,3,26,92,309,427
314011384,Dayboro,31401,3,20,71,240,332
314011385,Eatons Hill,31401,3,10,36,123,169
314011386,The Hills District,31401,3,46,161,542,749
314011387,Samford Valley,31401,3,30,106,357,493
314021389,Murrumba Downs - Griffin,31402,3,141,212,518,871
314021576,Dakabin,31402,3,22,32,79,133
314021577,Kallangur,31402,3,179,270,659,1108
314021578,Mango Hill,31402,3,66,99,243,408
314021579,North Lakes,31402,3,144,217,529,890
314031391,Bray Park,31403,3,77,101,324,503
314031392,Lawnton,31403,3,50,66,211,327
314031393,Petrie,31403,3,56,73,232,360
314031394,Strathpine - Brendale,31403,3,114,149,475,737
315011395,Aurukun,31501,3,1,6,18,25
315011396,Cape York,31501,3,20,82,260,363
315011397,Croydon - Etheridge,31501,3,4,18,57,80
315011398,Kowanyama - Pormpuraaw,31501,3,2,10,31,43
315011399,Northern Peninsula,31501,3,2,10,31,43
315011400,Tablelands,31501,3,21,87,275,384
315011401,Torres,31501,3,5,20,64,90
315011402,Torres Strait Islands,31501,3,6,23,72,101
315011403,Weipa,31501,3,2,9,28,39
315021404,Carpentaria,31502,3,7,17,133,158
315021405,Mount Isa,31502,3,24,54,428,506
315021406,Mount Isa Surrounds,31502,3,7,16,122,144
315021407,Northern Highlands,31502,3,9,20,157,186
315031408,Barcaldine - Blackall,31503,3,26,46,302,375
315031409,Charleville,31503,3,18,32,211,262
315031410,Far Central West,31503,3,10,17,111,137
315031411,Far South West,31503,3,12,21,136,168
315031412,Longreach,31503,3,15,26,170,211
316011413,Buderim - North,31601,3,216,680,1377,2273
316011414,Buderim - South,31601,3,118,371,752,1241
316011415,Mountain Creek,31601,3,47,149,301,497
316011416,Sippy Downs,31601,3,77,241,488,805
316021417,Aroona - Currimundi,31602,3,141,244,543,927
316021418,Buddina - Minyama,31602,3,109,188,418,715
316021419,Caloundra - Kings Beach,31602,3,148,255,569,972
316021421,Golden Beach - Pelican Waters,31602,3,310,536,1194,2041
316021422,Moffat Beach - Battery Hill,31602,3,122,211,470,804
316021423,Parrearra - Warana,31602,3,166,286,638,1090
316021424,Wurtulla - Birtinya,31602,3,124,215,478,817
316021580,Caloundra West - Baringa,31602,3,136,235,523,894
316021581,Meridan Plains - Little Mountain (North),31602,3,243,419,934,1596
316031425,Coolum Beach,31603,3,223,256,480,959
316031426,Marcoola - Mudjimba,31603,3,230,264,494,988
316031427,Maroochydore - Kuluin,31603,3,487,560,1049,2096
316031428,Mooloolaba - Alexandra Headland,31603,3,196,226,423,845
316051434,Noosa Heads,31605,3,85,124,267,476
316051435,Noosaville,31605,3,190,277,594,1061
316051437,Sunshine Beach,31605,3,69,101,216,386
316051438,Tewantin,31605,3,173,252,541,966
316051543,Peregian Beach - Marcus Beach,31605,3,40,58,124,222
316051544,Peregian Springs,31605,3,98,142,305,545
316061439,Beerwah,31606,3,35,154,346,535
316061440,Caloundra Hinterland,31606,3,62,277,623,962
316061441,Glass House Mountains,31606,3,26,117,265,409
316061442,Landsborough,31606,3,40,178,402,620
316061443,Maroochy Hinterland,31606,3,36,162,364,562
316061444,Palmwoods,31606,3,48,213,481,742
316071545,Bli Bli,31607,3,116,267,600,984
316071546,Diddillibah - Rosemount,31607,3,48,111,249,409
316071547,Eumundi - Yandina,31607,3,94,215,483,792
316071548,Nambour,31607,3,188,431,970,1589
316081549,Noosa Hinterland,31608,3,90,408,838,1336
317011445,Cambooya - Wyreema,31701,3,51,75,221,347
317011446,Darling Heights,31701,3,147,217,638,1003
317011447,Drayton - Harristown,31701,3,137,202,593,931
317011448,Gatton,31701,3,68,100,295,464
317011449,Gowrie (Qld),31701,3,38,57,166,261
317011450,Highfields,31701,3,172,253,745,1170
317011451,Lockyer Valley - West,31701,3,100,147,431,678
317011452,Middle Ridge,31701,3,90,133,391,615
317011453,Newtown (Qld),31701,3,90,133,392,616
317011454,North Toowoomba - Harlaxton,31701,3,50,73,215,338
317011455,Rangeville,31701,3,110,161,475,746
317011456,Toowoomba - Central,31701,3,123,181,533,838
317011457,Toowoomba - East,31701,3,102,150,440,691
317011458,Toowoomba - West,31701,3,133,197,578,908
317011459,Wilsonton,31701,3,198,292,859,1349
318011460,Ayr,31801,3,102,142,527,771
318011461,Burdekin,31801,3,79,110,410,599
318011462,Charters Towers,31801,3,80,112,416,608
318011463,Dalrymple,31801,3,35,49,182,266
318011464,Ingham,31801,3,56,78,291,425
318011465,Ingham Surrounds,31801,3,90,126,469,685
318011466,Palm Island,31801,3,5,7,27,40
318021467,Aitkenvale,31802,3,31,55,175,261
318021468,Annandale (Qld),31802,3,52,92,292,435
318021469,Belgian Gardens - Pallarenda,31802,3,31,55,174,259
318021470,Bohle Plains,31802,3,39,70,224,333
318021471,Condon - Rasmussen,31802,3,88,156,496,739
318021472,Cranbrook,31802,3,54,97,308,459
318021474,Douglas,31802,3,27,49,154,230
318021475,Garbutt - West End,31802,3,45,79,252,376
318021476,Gulliver - Currajong - Vincent,31802,3,47,83,265,395
318021477,Heatley,31802,3,37,66,208,311
318021478,Hermit Park - Rosslea,31802,3,30,54,172,256
318021479,Hyde Park - Pimlico,31802,3,33,59,189,282
318021480,Kelso,31802,3,57,101,320,478
318021481,Kirwan - East,31802,3,64,113,361,538
318021482,Kirwan - West,31802,3,82,146,464,691
318021483,Magnetic Island,31802,3,36,63,201,300
318021484,Mount Louisa,31802,3,45,79,252,376
318021485,Mundingburra,31802,3,36,64,204,303
318021486,Northern Beaches,31802,3,56,99,316,471
318021487,Oonoonba,31802,3,29,51,162,241
318021488,South Townsville - Railway Estate,31802,3,32,58,183,274
318021489,Townsville - South,31802,3,37,67,212,316
318021490,Townsville City - North Ward,31802,3,65,116,368,549
318021491,Wulguru - Roseneath,31802,3,45,80,256,381
318021582,Burdell - Mount Low,31802,3,63,112,356,531
318021583,Deeragun - Jensen,31802,3,28,49,157,234
319011492,Ashfield - Kepnock,31901,3,42,81,270,393
319011493,Bargara - Burnett Heads,31901,3,203,394,1313,1910
319011494,Branyan - Kensington,31901,3,32,62,207,302
319011495,Bundaberg,31901,3,35,69,228,332
319011496,Bundaberg East - Kalkie,31901,3,43,84,281,409
319011497,Bundaberg North - Gooburrum,31901,3,75,145,483,703
319011498,Bundaberg Surrounds - North,31901,3,69,133,443,645
319011499,Bundaberg Surrounds - South,31901,3,107,207,690,1004
319011500,Millbank - Avoca,31901,3,86,167,556,809
319011501,Svensson Heights - Norville,31901,3,46,90,300,437
319011502,Walkervale - Avenell Heights,31901,3,86,167,558,812
319021503,Gayndah - Mundubbera,31902,3,54,87,281,422
319021504,Gin Gin,31902,3,44,71,230,344
319021505,Kingaroy,31902,3,70,112,364,546
319021506,Kingaroy Surrounds - North,31902,3,81,130,423,634
319021507,Kingaroy Surrounds - South,31902,3,30,48,155,233
319021508,Monto - Eidsvold,31902,3,33,53,173,259
319021509,Nanango,31902,3,103,164,534,802
319021510,North Burnett,31902,3,0,0,0,1
319031511,Cooloola,31903,3,85,374,451,910
319031512,Gympie - North,31903,3,100,441,531,1072
319031513,Gympie - South,31903,3,59,262,315,636
319031514,Gympie Surrounds,31903,3,133,590,711,1435
319031515,Kilkivan,31903,3,26,116,140,282
319041516,Booral - River Heads,31904,3,58,117,331,507
319041517,Craignish - Dundowran Beach,31904,3,54,108,306,468
319041518,Pialba - Eli Waters,31904,3,247,499,1410,2156
319041519,Point Vernon,31904,3,72,145,409,625
319041520,Torquay - Scarness - Kawungan,31904,3,209,421,1188,1818
319041521,Urangan - Wondunna,31904,3,190,384,1084,1659
319051522,Burrum - Fraser,31905,3,129,234,714,1077
319051523,Granville,31905,3,28,51,154,233
319051524,Maryborough (Qld),31905,3,175,316,963,1453
319051525,Maryborough Surrounds - South,31905,3,105,189,577,871
319051526,Tinana,31905,3,63,114,349,527
397979799,Migratory - Offshore - Shipping (Qld),39797,3,0,0,0,0
399999499,No usual address (Qld),39999,3,0,0,0,0
401011001,Adelaide,40101,4,84,97,291,473
401011002,North Adelaide,40101,4,52,60,179,290
401021003,Adelaide Hills,40102,4,52,57,222,331
401021004,Aldgate - Stirling,40102,4,139,155,600,894
401021005,Hahndorf - Echunga,40102,4,43,48,187,278
401021006,Lobethal - Woodside,40102,4,78,87,336,501
401021007,Mount Barker,40102,4,162,180,697,1038
401021008,Mount Barker Surrounds,40102,4,44,49,191,284
401021009,Nairne,40102,4,27,30,115,171
401021010,Uraidla - Summertown,40102,4,41,46,178,265
401031011,Burnside - Wattle Park,40103,4,187,234,790,1212
401031012,Beaumont - Glen Osmond,40103,4,94,117,395,606
401031013,Toorak Gardens,40103,4,191,239,807,1237
401041014,Athelstone,40104,4,103,211,420,735
401041015,Paradise - Newton,40104,4,251,513,1022,1786
401041016,Rostrevor - Magill,40104,4,255,522,1039,1816
401051017,Norwood (SA),40105,4,115,222,475,813
401051018,Payneham - Felixstow,40105,4,144,278,594,1017
401051019,St Peters - Marden,40105,4,125,242,517,884
401061020,Nailsworth - Broadview,40106,4,46,79,163,288
401061021,Prospect,40106,4,105,182,376,663
401061022,Walkerville,40106,4,91,159,327,577
401071023,Goodwood - Millswood,40107,4,392,240,615,1247
401071024,Unley - Parkside,40107,4,583,356,914,1853
402011025,Gawler - North,40201,4,73,91,341,505
402011026,Gawler - South,40201,4,241,300,1121,1661
402011027,Lewiston - Two Wells,40201,4,39,48,180,267
402021028,Craigmore - Blakeview,40202,4,150,246,532,928
402021029,Davoren Park,40202,4,101,166,359,626
402021030,Elizabeth,40202,4,110,180,391,681
402021031,Elizabeth East,40202,4,129,211,458,798
402021032,Munno Para West - Angle Vale,40202,4,96,157,341,595
402021033,One Tree Hill,40202,4,26,43,92,161
402021034,Smithfield - Elizabeth North,40202,4,114,186,404,705
402021035,Virginia - Waterloo Corner,40202,4,83,135,293,511
402031036,Enfield - Blair Athol,40203,4,182,359,735,1277
402031038,Windsor Gardens,40203,4,183,360,735,1278
402031175,Northgate - Northfield,40203,4,133,261,534,928
402031176,Valley View - Gilles Plains,40203,4,105,208,425,738
402041039,Dry Creek - North,40204,4,0,0,0,0
402041040,Ingle Farm,40204,4,171,339,742,1252
402041041,Para Hills,40204,4,119,237,518,875
402041042,Parafield,40204,4,0,0,0,0
402041043,Parafield Gardens,40204,4,131,260,570,962
402041044,Paralowie,40204,4,91,180,394,664
402041046,Salisbury,40204,4,160,318,696,1174
402041047,Salisbury East,40204,4,177,351,769,1297
402041048,Salisbury North,40204,4,101,201,440,743
402041171,Mawson Lakes - Globe Derby Park,40204,4,59,116,254,429
402041172,Pooraka - Cavan,40204,4,70,140,306,516
402051049,Golden Grove,40205,4,98,184,408,690
402051050,Greenwith,40205,4,55,102,227,384
402051051,Highbury - Dernancourt,40205,4,109,204,452,765
402051052,Hope Valley - Modbury,40205,4,194,363,806,1363
402051053,Modbury Heights,40205,4,166,311,692,1169
402051054,Redwood Park,40205,4,136,254,565,955
402051055,St Agnes - Ridgehaven,40205,4,138,259,575,972
403011056,Brighton (SA),40301,4,219,215,761,1195
403011057,Glenelg (SA),40301,4,308,301,1069,1678
403021058,Edwardstown,40302,4,130,188,516,834
403021059,Hallett Cove,40302,4,125,181,497,803
403021060,Marino - Seaview Downs,40302,4,112,161,443,716
403021061,Mitchell Park,40302,4,184,267,732,1183
403021062,Morphettville,40302,4,175,253,694,1121
403021063,Sheidow Park - Trott Park,40302,4,66,95,261,421
403021064,Warradale,40302,4,183,264,726,1173
403031065,Belair,40303,4,74,72,208,354
403031066,Bellevue Heights,40303,4,101,98,286,485
403031067,Blackwood,40303,4,168,162,472,801
403031068,Colonel Light Gardens,40303,4,151,146,426,724
403031069,Mitcham (SA),40303,4,217,209,610,1036
403031070,Panorama,40303,4,125,121,352,597
403041071,Aberfoyle Park,40304,4,98,158,379,635
403041072,Aldinga,40304,4,138,224,536,898
403041073,Christie Downs,40304,4,88,142,341,571
403041074,Christies Beach,40304,4,101,163,390,653
403041075,Clarendon,40304,4,27,44,105,176
403041076,Coromandel Valley,40304,4,33,54,129,217
403041077,Flagstaff Hill,40304,4,99,161,385,645
403041078,Hackham - Onkaparinga Hills,40304,4,64,103,247,414
403041079,Hackham West - Huntfield Heights,40304,4,59,95,228,383
403041080,Happy Valley,40304,4,147,237,568,952
403041081,Happy Valley Reservoir,40304,4,0,0,0,0
403041082,Lonsdale,40304,4,0,0,1,2
403041083,McLaren Vale,40304,4,84,136,325,545
403041084,Morphett Vale - East,40304,4,130,210,502,842
403041085,Morphett Vale - West,40304,4,95,153,367,615
403041086,Reynella,40304,4,101,164,393,658
403041088,Willunga,40304,4,37,60,144,241
403041089,Woodcroft,40304,4,107,173,415,695
403041177,Seaford - Seaford Meadows,40304,4,114,185,443,743
403041178,Seaford Rise - Moana,40304,4,86,138,331,555
404011090,Beverley,40401,4,68,120,238,426
404011091,Flinders Park,40401,4,190,333,660,1182
404011092,Henley Beach,40401,4,198,347,688,1233
404011093,Hindmarsh - Brompton,40401,4,162,284,562,1007
404011094,Royal Park - Hendon - Albert Park,40401,4,55,97,193,346
404011095,Seaton - Grange,40401,4,229,402,796,1427
404011096,West Lakes,40401,4,282,495,980,1756
404011097,Woodville - Cheltenham,40401,4,162,284,563,1009
404021098,Dry Creek - South,40402,4,0,0,0,0
404021099,Largs Bay - Semaphore,40402,4,130,265,494,889
404021100,North Haven,40402,4,163,330,617,1110
404021101,Port Adelaide,40402,4,102,208,389,699
404021102,The Parks,40402,4,143,291,544,979
404021103,Torrens Island,40402,4,0,1,1,2
404031104,Adelaide Airport,40403,4,0,0,0,0
404031105,Fulham,40403,4,52,76,138,265
404031106,Lockleys,40403,4,192,280,511,984
404031107,Plympton,40403,4,332,486,885,1703
404031108,Richmond (SA),40403,4,181,265,483,930
404031109,West Beach,40403,4,82,120,219,422
405011110,Barossa - Angaston,40501,4,58,57,310,425
405011111,Light,40501,4,74,73,397,544
405011112,Lyndoch,40501,4,48,47,257,352
405011113,Mallala,40501,4,27,26,142,195
405011114,Nuriootpa,40501,4,87,85,462,633
405011115,Tanunda,40501,4,58,57,311,426
405021116,Clare,40502,4,53,53,216,321
405021117,Gilbert Valley,40502,4,71,71,291,434
405021118,Goyder,40502,4,58,58,236,352
405021119,Wakefield - Barunga West,40502,4,128,127,520,774
405031120,Jamestown,40503,4,55,59,303,418
405031121,Peterborough - Mount Remarkable,40503,4,72,78,397,546
405031122,Port Pirie,40503,4,146,157,805,1108
405031123,Port Pirie Surrounds,40503,4,37,40,203,280
405041124,Kadina,40504,4,48,54,354,456
405041125,Moonta,40504,4,79,88,579,746
405041126,Wallaroo,40504,4,56,62,409,527
405041127,Yorke Peninsula - North,40504,4,96,107,700,903
405041128,Yorke Peninsula - South,40504,4,54,60,394,508
406011129,Ceduna,40601,4,10,50,122,182
406011130,Eyre Peninsula,40601,4,37,177,435,650
406011131,Kimba - Cleve - Franklin Harbour,40601,4,22,107,263,392
406011132,Le Hunte - Elliston,40601,4,9,41,100,149
406011133,Port Lincoln,40601,4,70,336,826,1232
406011134,West Coast (SA),40601,4,14,69,170,253
406011135,Western,40601,4,0,1,4,5
406011136,Whyalla,40601,4,82,391,959,1432
406011137,Whyalla - North,40601,4,0,0,0,0
406021138,APY Lands,40602,4,2,9,22,33
406021139,Coober Pedy,40602,4,11,47,111,169
406021140,Quorn - Lake Gilles,40602,4,17,71,167,255
406021141,Outback,40602,4,7,30,70,106
406021142,Port Augusta,40602,4,61,255,603,919
406021143,Roxby Downs,40602,4,1,4,10,16
407011144,Goolwa - Port Elliot,40701,4,175,448,963,1586
407011145,Kangaroo Island,40701,4,40,104,223,367
407011146,Strathalbyn,40701,4,63,160,345,568
407011147,Strathalbyn Surrounds,40701,4,51,130,279,459
407011148,Victor Harbor,40701,4,223,573,1231,2027
407011149,Yankalilla,40701,4,63,161,345,569
407021150,Grant,40702,4,50,57,240,347
407021151,Kingston - Robe,40702,4,51,58,245,354
407021152,Millicent,40702,4,60,68,289,417
407021154,Naracoorte,40702,4,58,66,278,402
407021155,Naracoorte Surrounds,40702,4,19,21,90,130
407021156,Penola,40702,4,31,35,149,215
407021157,Tatiara,40702,4,56,64,270,390
407021158,Wattle Range,40702,4,35,40,167,241
407021173,Mount Gambier - East,40702,4,127,145,610,882
407021174,Mount Gambier - West,40702,4,144,163,688,995
407031159,Barmera,40703,4,57,139,378,575
407031160,Berri,40703,4,34,82,223,339
407031161,Karoonda - Lameroo,40703,4,26,63,171,259
407031162,Loxton,40703,4,51,126,341,518
407031163,Loxton Surrounds,40703,4,14,34,91,139
407031164,Mannum,40703,4,79,194,527,800
407031165,Murray Bridge,40703,4,157,385,1045,1587
407031166,Murray Bridge Surrounds,40703,4,27,67,181,276
407031167,Renmark,40703,4,45,111,301,456
407031168,Renmark Surrounds,40703,4,36,88,238,362
407031169,The Coorong,40703,4,51,125,339,515
407031170,Waikerie,40703,4,67,163,443,673
497979799,Migratory - Offshore - Shipping (SA),49797,4,0,0,0,0
499999499,No usual address (SA),49999,4,0,0,0,0
501011001,Augusta,50101,5,51,48,241,341
501011003,Busselton Surrounds,50101,5,84,79,395,557
501011004,Margaret River,50101,5,46,43,217,307
501011293,Busselton - East,50101,5,78,73,368,519
501011294,Busselton - West,50101,5,164,154,772,1090
501021005,Australind - Leschenault,50102,5,124,146,670,940
501021007,Capel,50102,5,41,48,219,307
501021008,College Grove - Carey Park,50102,5,44,52,239,335
501021009,Collie,50102,5,73,86,396,555
501021010,Dardanup,50102,5,23,27,123,172
501021011,Davenport,50102,5,0,0,0,0
501021012,Eaton - Pelican Point,50102,5,90,106,488,685
501021014,Harvey,50102,5,73,86,397,556
501021015,East Bunbury - Glen Iris,50102,5,56,66,302,423
501021016,Waroona,50102,5,37,44,202,284
501021251,Dalyellup,50102,5,37,43,198,278
501021252,Gelorup - Stratham,50102,5,18,22,100,140
501021253,South Bunbury - Bunbury,50102,5,116,136,626,878
501021254,Withers - Usher,50102,5,31,37,169,237
501031017,Bridgetown - Boyup Brook,50103,5,44,77,279,400
501031018,Donnybrook - Balingup,50103,5,34,60,217,311
501031019,Manjimup,50103,5,24,43,157,225
501031020,Pemberton,50103,5,33,58,211,302
502011021,Dawesville - Bouvard,50201,5,67,102,430,600
502011022,Falcon - Wannanup,50201,5,84,127,538,750
502011023,Greenfields,50201,5,90,135,571,796
502011024,Halls Head - Erskine,50201,5,186,281,1189,1656
502011025,Mandurah,50201,5,91,137,580,808
502011026,Mandurah - East,50201,5,61,92,388,541
502011027,Mandurah - North,50201,5,113,171,722,1006
502011028,Mandurah - South,50201,5,111,168,709,988
502011029,Pinjarra,50201,5,74,111,471,656
503011030,City Beach,50301,5,86,63,206,354
503011031,Claremont (WA),50301,5,134,97,319,550
503011032,Cottesloe,50301,5,91,66,218,376
503011033,Floreat,50301,5,72,52,172,297
503011034,Mosman Park - Peppermint Grove,50301,5,110,80,262,452
503011035,Nedlands - Dalkeith - Crawley,50301,5,190,138,453,781
503011036,Swanbourne - Mount Claremont,50301,5,102,74,244,420
503021037,Kings Park (WA),50302,5,3,1,3,7
503021038,Mount Hawthorn - Leederville,50302,5,136,58,164,358
503021039,Mount Lawley - Inglewood,50302,5,270,114,325,709
503021040,North Perth,50302,5,142,60,170,372
503021042,Subiaco - Shenton Park,50302,5,419,177,503,1099
503021043,Wembley - West Leederville - Glendalough,50302,5,286,121,343,750
503021295,East Perth,50302,5,150,63,180,393
503021296,Perth (North) - Highgate,50302,5,103,43,124,270
503021297,Perth (West) - Northbridge,50302,5,144,61,173,378
504011044,Bassendean - Eden Hill - Ashfield,50401,5,136,184,501,821
504011045,Bayswater - Embleton - Bedford,50401,5,186,251,683,1120
504011046,Maylands,50401,5,81,109,297,487
504011047,Morley,50401,5,216,293,797,1306
504011048,Noranda,50401,5,95,129,350,574
504021049,Chidlow,50402,5,9,20,70,99
504021050,Glen Forrest - Darlington,50402,5,28,62,221,312
504021051,Helena Valley - Koongamia,50402,5,26,57,203,287
504021052,Malmalling - Reservoir,50402,5,0,0,1,1
504021053,Mundaring,50402,5,50,110,389,549
504021054,Swan View - Greenmount - Midvale,50402,5,53,116,412,581
504031055,Avon Valley National Park,50403,5,0,0,0,1
504031056,Ballajura,50403,5,91,129,397,616
504031057,Beechboro,50403,5,82,116,356,554
504031058,Bullsbrook,50403,5,29,41,126,195
504031060,Gidgegannup,50403,5,17,24,74,115
504031061,Hazelmere - Guildford,50403,5,31,44,135,210
504031062,Lockridge - Kiara,50403,5,54,76,235,365
504031063,Malaga,50403,5,0,0,0,0
504031064,Melaleuca - Lexia,50403,5,0,0,0,0
504031065,Middle Swan - Herne Hill,50403,5,45,64,196,304
504031066,Midland - Guildford,50403,5,74,104,322,500
504031067,Stratton - Jane Brook,50403,5,32,46,141,219
504031068,The Vines,50403,5,61,87,266,414
504031069,Walyunga National Park,50403,5,0,0,0,0
504031298,Aveley,50403,5,45,64,197,307
504031299,Brabham - Henley Brook,50403,5,24,34,103,161
504031300,Ellenbrook,50403,5,87,123,379,588
505011070,Craigie - Beldon,50501,5,33,49,174,256
505011071,Currambine - Kinross,50501,5,38,56,200,295
505011072,Duncraig,50501,5,79,117,416,612
505011073,Greenwood - Warwick,50501,5,69,103,364,535
505011074,Heathridge - Connolly,50501,5,38,56,200,294
505011075,Hillarys,50501,5,52,77,274,403
505011076,Iluka - Burns Beach,50501,5,27,40,143,210
505011077,Joondalup - Edgewater,50501,5,56,84,298,439
505011078,Kingsley,50501,5,70,105,372,547
505011079,Mullaloo - Kallaroo,50501,5,55,82,290,426
505011080,Ocean Reef,50501,5,34,51,183,268
505011081,Padbury,50501,5,32,48,171,252
505011082,Sorrento - Marmion,50501,5,61,91,322,473
505011083,Woodvale,50501,5,42,63,222,326
505021084,Balcatta - Hamersley,50502,5,170,197,662,1030
505021085,Balga - Mirrabooka,50502,5,121,140,470,730
505021087,Herdsman,50502,5,0,0,0,0
505021088,Innaloo - Doubleview,50502,5,133,155,519,807
505021089,Karrinyup - Gwelup - Carine,50502,5,247,286,961,1494
505021090,Nollamara - Westminster,50502,5,113,131,440,685
505021091,Osborne Park Industrial,50502,5,1,1,3,5
505021092,Scarborough,50502,5,107,125,418,650
505021093,Stirling - Osborne Park,50502,5,129,149,502,780
505021094,Trigg - North Beach - Watermans Bay,50502,5,93,108,362,564
505021095,Tuart Hill - Joondanna,50502,5,88,103,344,536
505021096,Wembley Downs - Churchlands - Woodlands,50502,5,152,176,591,919
505021097,Yokine - Coolbinia - Menora,50502,5,177,206,691,1074
505021301,Dianella - North,50502,5,130,151,505,786
505021302,Dianella - South,50502,5,140,163,545,848
505031098,Alexander Heights - Koondoola,50503,5,70,87,265,421
505031099,Butler - Merriwa - Ridgewood,50503,5,154,191,582,926
505031100,Carramar,50503,5,53,65,199,317
505031101,Clarkson,50503,5,54,67,203,324
505031102,Girrawheen,50503,5,54,67,206,327
505031104,Marangaroo,50503,5,70,87,267,424
505031105,Mindarie - Quinns Rocks - Jindalee,50503,5,114,141,430,684
505031106,Neerabup National Park,50503,5,0,0,0,0
505031107,Tapping - Ashby - Sinagra,50503,5,82,102,311,495
505031255,Alkimos - Eglinton,50503,5,39,48,147,233
505031256,Carabooda - Pinjar,50503,5,5,6,17,28
505031257,Two Rocks,50503,5,24,30,93,147
505031258,Yanchep,50503,5,63,78,239,381
505031303,Hocking - Pearsall,50503,5,78,97,296,471
505031304,Landsdale,50503,5,43,54,164,261
505031305,Madeley - Darch,50503,5,76,94,287,456
505031306,Wanneroo - Sinagra,50503,5,108,134,408,649
506011110,Armadale - Wungong - Brookdale,50601,5,97,166,570,834
506011111,Ashendon - Lesley,50601,5,0,0,0,0
506011112,Camillo - Champion Lakes,50601,5,31,52,180,263
506011114,Kelmscott,50601,5,58,100,343,501
506011115,Mount Nasura - Mount Richon - Bedfordale,50601,5,51,88,302,441
506011116,Roleystone,50601,5,44,75,259,378
506011117,Seville Grove,50601,5,27,45,156,228
506011307,Harrisdale,50601,5,19,32,110,161
506011308,Piara Waters - Forrestdale,50601,5,23,40,137,201
506021118,Belmont - Ascot - Redcliffe,50602,5,151,143,403,697
506021119,East Victoria Park - Carlisle,50602,5,130,123,348,602
506021120,Kewdale Commercial,50602,5,0,0,0,0
506021121,Perth Airport,50602,5,0,0,0,0
506021123,Victoria Park - Lathlain - Burswood,50602,5,126,119,337,582
506021309,Cloverdale,50602,5,82,77,218,377
506021310,Kewdale,50602,5,77,73,206,356
506021311,Rivervale,50602,5,88,83,234,404
506031124,Bentley - Wilson - St James,50603,5,212,185,714,1111
506031125,Canning Vale - West,50603,5,91,79,306,476
506031126,Canning Vale Commercial,50603,5,0,0,0,0
506031127,Cannington - Queens Park,50603,5,113,98,381,592
506031128,Parkwood - Ferndale - Lynwood,50603,5,175,153,590,918
506031129,Riverton - Shelley - Rossmoyne,50603,5,200,174,672,1046
506031130,Welshpool,50603,5,0,0,1,1
506031131,Willetton,50603,5,196,171,660,1026
506041132,Beckenham - Kenwick - Langford,50604,5,108,148,479,735
506041133,Canning Vale - East,50604,5,106,145,472,724
506041134,Gosnells,50604,5,151,206,670,1027
506041135,Huntingdale - Southern River,50604,5,80,110,357,547
506041136,Maddington - Orange Grove - Martin,50604,5,93,127,412,632
506041137,Thornlie,50604,5,168,229,744,1141
506051138,Forrestfield - Wattle Grove,50605,5,107,134,475,716
506051139,High Wycombe,50605,5,74,92,328,494
506051140,Kalamunda - Maida Vale - Gooseberry Hill,50605,5,153,190,676,1019
506051141,Lesmurdie - Bickley - Carmel,50605,5,96,119,423,637
506061142,Byford,50606,5,33,69,221,323
506061143,Mundijong,50606,5,19,39,125,183
506061144,Serpentine - Jarrahdale,50606,5,16,34,107,157
506071145,Como,50607,5,287,118,390,795
506071146,Manning - Waterford,50607,5,235,97,320,653
506071147,South Perth - Kensington,50607,5,344,142,468,954
507011148,Banjup,50701,5,103,136,328,567
507011150,Bibra Industrial,50701,5,0,0,1,1
507011151,Bibra Lake,50701,5,0,0,0,0
507011152,Coogee,50701,5,94,123,299,516
507011153,Coolbellup,50701,5,71,93,226,390
507011154,Hamilton Hill,50701,5,105,139,335,579
507011155,Henderson,50701,5,0,0,0,0
507011158,North Coogee,50701,5,34,45,110,189
507011159,South Lake - Cockburn Central,50701,5,94,124,299,517
507011160,Spearwood,50701,5,123,162,391,675
507011161,Success - Hammond Park,50701,5,63,83,200,346
507011163,Yangebup,50701,5,43,57,138,239
507011259,Beeliar - Wattleup,50701,5,43,57,137,237
507011260,Jandakot,50701,5,22,29,69,119
507021164,East Fremantle,50702,5,138,97,192,427
507021165,Fremantle,50702,5,288,201,398,886
507021166,Fremantle - South,50702,5,284,198,393,875
507021167,O'Connor (WA),50702,5,0,0,0,0
507031169,Wellard (West) - Bertram,50703,5,26,71,175,273
507031170,Calista,50703,5,32,88,215,335
507031172,Hope Valley - Postans,50703,5,1,2,5,7
507031173,Kwinana Industrial,50703,5,0,1,1,2
507031174,Parmelia - Orelia,50703,5,44,120,294,457
507031261,Casuarina - Wandi,50703,5,20,54,132,205
507041175,Applecross - Ardross,50704,5,154,142,385,680
507041176,Bateman,50704,5,40,37,102,179
507041177,Bicton - Palmyra,50704,5,177,163,444,785
507041178,Booragoon,50704,5,207,191,520,918
507041179,Bull Creek,50704,5,125,115,312,552
507041180,Leeming,50704,5,125,116,315,556
507041181,Melville,50704,5,199,184,500,883
507041182,Murdoch - Kardinya,50704,5,182,168,458,809
507041183,Willagee,50704,5,51,47,127,224
507041184,Winthrop,50704,5,81,74,202,357
507051186,Cooloongup,50705,5,65,87,312,464
507051187,Port Kennedy,50705,5,60,81,290,432
507051188,Rockingham,50705,5,171,231,826,1228
507051189,Rockingham Lakes,50705,5,0,0,1,1
507051190,Safety Bay - Shoalwater,50705,5,106,143,513,762
507051191,Singleton - Golden Bay - Secret Harbour,50705,5,63,85,303,451
507051192,Waikiki,50705,5,69,93,331,493
507051193,Warnbro,50705,5,58,79,281,418
507051312,Baldivis - North,50705,5,46,62,223,332
507051313,Baldivis - South,50705,5,89,120,428,636
507051314,Karnup,50705,5,7,10,36,53
509011225,Albany,50901,5,129,260,761,1149
509011226,Albany Surrounds,50901,5,19,39,114,172
509011227,Bayonet Head - Lower King,50901,5,37,75,218,330
509011228,Denmark,50901,5,51,103,302,456
509011229,Gnowangerup,50901,5,11,23,66,100
509011230,Katanning,50901,5,23,47,138,208
509011231,Kojonup,50901,5,23,47,138,209
509011232,Little Grove - Elleker,50901,5,26,53,156,235
509011233,McKail - Willyung,50901,5,59,119,348,526
509011234,Plantagenet,50901,5,36,73,213,322
509011235,Stirling Range National Park,50901,5,0,0,0,0
509021236,Chittering,50902,5,12,118,111,241
509021237,Cunderdin,50902,5,9,92,86,187
509021238,Dowerin,50902,5,10,97,91,198
509021239,Gingin - Dandaragan,50902,5,27,271,254,553
509021240,Merredin,50902,5,12,117,110,238
509021241,Moora,50902,5,9,92,86,188
509021242,Mukinbudin,50902,5,7,67,63,136
509021243,Northam,50902,5,26,256,240,522
509021244,Toodyay,50902,5,14,140,131,285
509021245,York - Beverley,50902,5,19,186,175,380
509031246,Brookton,50903,5,31,72,155,258
509031247,Kulin,50903,5,25,57,124,206
509031248,Murray,50903,5,15,34,74,122
509031249,Narrogin,50903,5,31,71,153,254
509031250,Wagin,50903,5,39,89,192,319
510011262,Broome,51001,5,45,59,180,284
510011263,Derby - West Kimberley,51001,5,28,36,109,172
510011264,Halls Creek,51001,5,12,15,46,72
510011265,Kununurra,51001,5,23,30,92,146
510011266,Roebuck,51001,5,8,10,31,50
510021267,East Pilbara,51002,5,11,10,37,58
510021268,Newman,51002,5,4,4,13,21
510021269,Port Hedland,51002,5,5,5,19,30
510021270,South Hedland,51002,5,18,17,64,100
510031271,Ashburton (WA),51003,5,4,8,20,32
510031272,Karratha,51003,5,7,15,35,57
510031273,Roebourne,51003,5,5,9,22,36
511011274,Esperance,51101,5,82,71,376,528
511011275,Esperance Surrounds,51101,5,18,16,84,119
511021276,Carnarvon,51102,5,0,20,86,106
511021277,Exmouth,51102,5,0,16,66,82
511031278,Boulder,51103,5,19,26,83,128
511031279,Kalgoorlie,51103,5,36,47,154,237
511031280,Kalgoorlie - North,51103,5,23,30,98,151
511031281,Kalgoorlie Airport,51103,5,0,0,0,0
511031282,Kambalda - Coolgardie - Norseman,51103,5,17,23,74,114
511031283,Leinster - Leonora,51103,5,8,11,35,54
511031284,Trafalgar (WA),51103,5,0,0,0,0
511041285,Geraldton,51104,5,73,96,439,608
511041286,Geraldton - East,51104,5,28,37,170,236
511041287,Geraldton - North,51104,5,34,45,204,282
511041288,Geraldton - South,51104,5,43,56,258,357
511041289,Irwin,51104,5,29,38,176,244
511041290,Meekatharra,51104,5,11,14,65,90
511041291,Morawa,51104,5,23,30,138,191
511041292,Northampton - Mullewa - Greenough,51104,5,36,47,215,298
597979799,Migratory - Offshore - Shipping (WA),59797,5,0,0,0,0
599999499,No usual address (WA),59999,5,0,0,0,0
601011001,Bridgewater - Gagebrook,60101,6,24,62,231,317
601011002,Brighton - Pontville,60101,6,22,55,207,285
601011003,Old Beach - Otago,60101,6,25,62,233,320
601021004,Bellerive - Rosny,60102,6,75,93,360,528
601021005,Cambridge,60102,6,69,85,332,486
601021006,Geilston Bay - Risdon,60102,6,30,38,146,214
601021007,Howrah - Tranmere,60102,6,130,161,624,916
601021008,Lindisfarne - Rose Bay,60102,6,103,127,493,723
601021009,Mornington - Warrane,60102,6,37,46,179,262
601021010,Risdon Vale,60102,6,24,30,115,168
601021011,Rokeby,60102,6,42,52,201,295
601021012,South Arm,60102,6,37,46,177,260
601031013,Austins Ferry - Granton,60103,6,42,59,186,286
601031014,Berriedale - Chigwell,60103,6,52,74,232,358
601031015,Claremont (Tas.),60103,6,96,136,427,658
601031016,Derwent Park - Lutana,60103,6,37,53,165,254
601031017,Glenorchy,60103,6,118,168,527,812
601031018,Montrose - Rosetta,60103,6,59,85,265,409
601031019,Moonah,60103,6,43,61,190,294
601031020,New Norfolk,60103,6,78,112,350,540
601031021,West Moonah,60103,6,35,50,156,241
601041022,Kingston - Huntingfield,60104,6,75,136,515,726
601041023,Kingston Beach - Blackmans Bay,60104,6,72,131,495,698
601041024,Margate - Snug,60104,6,40,73,278,391
601041025,Mount Wellington,60104,6,0,0,0,0
601041026,Taroona - Bonnet Hill,60104,6,24,44,166,234
601051027,Hobart,60105,6,97,71,272,440
601051028,Lenah Valley - Mount Stuart,60105,6,89,65,251,406
601051029,Mount Nelson - Dynnyrne,60105,6,50,36,140,225
601051030,New Town,60105,6,66,48,185,299
601051031,Sandy Bay,60105,6,173,127,488,788
601051032,South Hobart - Fern Tree,60105,6,70,51,196,317
601051033,West Hobart,60105,6,62,45,173,280
601061034,Dodges Ferry - Lewisham,60106,6,26,79,307,412
601061035,Sorell - Richmond,60106,6,37,116,449,602
602011036,Invermay,60201,6,27,23,105,155
602011037,Kings Meadows - Punchbowl,60201,6,57,47,221,325
602011038,Launceston,60201,6,67,56,260,383
602011039,Legana,60201,6,65,54,251,370
602011040,Mowbray,60201,6,35,29,136,200
602011041,Newnham - Mayfield,60201,6,89,74,343,506
602011042,Newstead,60201,6,85,70,327,482
602011043,Norwood (Tas.),60201,6,71,59,275,405
602011044,Prospect Vale - Blackstone,60201,6,116,96,447,659
602011045,Ravenswood,60201,6,41,34,158,233
602011046,Riverside,60201,6,98,81,377,557
602011047,South Launceston,60201,6,47,39,180,265
602011048,Summerhill - Prospect,60201,6,63,52,242,357
602011049,Trevallyn,60201,6,50,41,192,283
602011050,Waverley - St Leonards,60201,6,35,29,137,201
602011051,West Launceston,60201,6,50,41,192,283
602011052,Youngtown - Relbia,60201,6,74,61,284,419
602021053,Beauty Point - Beaconsfield,60202,6,17,44,220,282
602021054,Deloraine,60202,6,22,58,287,367
602021055,Grindelwald - Lanena,60202,6,22,58,287,367
602021056,Hadspen - Carrick,60202,6,9,23,112,143
602021057,Westbury,60202,6,15,39,194,248
602031058,Dilston - Lilydale,60203,6,18,39,180,237
602031059,George Town,60203,6,40,87,404,532
602031060,Longford,60203,6,26,55,255,336
602031061,Northern Midlands,60203,6,18,40,184,242
602031062,Perth - Evandale,60203,6,27,57,266,350
602031064,St Helens - Scamander,60203,6,46,100,463,609
602031099,Flinders and Cape Barren Islands,60203,6,7,16,73,97
602031100,Scottsdale - Bridport,60203,6,38,82,382,502
603011065,Central Highlands,60301,6,4,27,99,130
603011066,Derwent Valley,60301,6,4,27,97,128
603011067,Southern Midlands,60301,6,9,57,210,277
603011068,Wilderness - East,60301,6,0,0,0,0
603021069,Bruny Island - Kettering,60302,6,21,57,163,241
603021070,Cygnet,60302,6,25,65,187,277
603021071,Geeveston - Dover,60302,6,21,55,157,232
603021072,Huonville - Franklin,60302,6,35,92,264,390
603031073,Forestier - Tasman,60303,6,15,37,130,182
603031074,Triabunna - Bicheno,60303,6,34,80,284,398
604011075,Acton - Upper Burnie,60401,6,31,45,161,237
604011076,Burnie - Ulverstone Surrounds,60401,6,40,58,208,306
604011077,Burnie - Wivenhoe,60401,6,29,42,152,224
604011078,Parklands - Camdale,60401,6,58,83,300,440
604011079,Penguin - Sulphur Creek,60401,6,56,81,292,429
604011080,Romaine - Havenview,60401,6,31,44,159,233
604011081,Somerset,60401,6,46,66,237,348
604011082,Ulverstone,60401,6,99,142,513,754
604011083,West Ulverstone,60401,6,55,79,287,422
604011084,Wynyard,60401,6,88,126,456,669
604021085,Devonport,60402,6,140,209,742,1091
604021086,East Devonport,60402,6,52,77,275,405
604021087,Latrobe,60402,6,57,84,300,440
604021088,Miandetta - Don,60402,6,28,42,150,220
604021089,Port Sorell,60402,6,85,127,451,663
604021090,Quoiba - Spreyton,60402,6,26,39,139,205
604021091,Sheffield - Railton,60402,6,59,88,313,460
604021092,Turners Beach - Forth,60402,6,32,47,167,246
604031093,King Island,60403,6,10,15,79,104
604031094,North West,60403,6,19,28,146,193
604031095,Smithton,60403,6,24,36,186,246
604031096,Waratah,60403,6,20,31,161,213
604031097,West Coast (Tas.),60403,6,23,36,184,243
604031098,Wilderness - West,60403,6,0,0,0,0
697979799,Migratory - Offshore - Shipping (Tas.),69797,6,0,0,0,0
699999499,No usual address (Tas.),69999,6,0,0,0,0
701011001,Darwin Airport,70101,7,0,0,0,0
701011002,Darwin City,70101,7,16,22,95,133
701011003,East Point,70101,7,0,0,0,0
701011004,Fannie Bay - The Gardens,70101,7,22,31,132,185
701011005,Larrakeyah,70101,7,11,15,65,92
701011006,Ludmilla - The Narrows,70101,7,10,13,57,80
701011007,Parap,70101,7,10,14,58,81
701011008,Stuart Park,70101,7,10,13,57,81
701011009,Woolner - Bayview - Winnellie,70101,7,7,9,39,55
701021010,Alawa,70102,7,7,15,65,87
701021011,Anula,70102,7,7,15,65,87
701021012,Berrimah,70102,7,3,8,33,44
701021013,Brinkin - Nakara,70102,7,10,23,99,132
701021014,Buffalo Creek,70102,7,0,0,0,0
701021015,Charles Darwin,70102,7,0,0,0,0
701021016,Coconut Grove,70102,7,9,20,87,116
701021017,East Arm,70102,7,0,0,0,0
701021018,Jingili,70102,7,6,12,53,71
701021019,Karama,70102,7,12,25,110,147
701021020,Leanyer,70102,7,16,35,152,202
701021021,Lyons (NT),70102,7,5,11,49,65
701021022,Malak - Marrara,70102,7,16,36,156,208
701021023,Millner,70102,7,8,17,76,101
701021024,Moil,70102,7,7,15,66,88
701021025,Nightcliff,70102,7,12,26,114,152
701021026,Rapid Creek,70102,7,8,16,72,96
701021027,Tiwi,70102,7,13,28,120,160
701021028,Wagaman,70102,7,6,14,62,82
701021029,Wanguri,70102,7,5,11,49,65
701021030,Wulagi,70102,7,7,15,67,90
701031031,Howard Springs,70103,7,0,26,70,96
701031032,Humpty Doo,70103,7,0,43,117,161
701031033,Koolpinyah,70103,7,0,0,1,1
701031034,Virginia,70103,7,0,22,59,81
701031035,Weddell,70103,7,0,24,66,90
701041036,Bakewell,70104,7,6,12,45,63
701041037,Driver,70104,7,8,15,59,82
701041038,Durack - Marlow Lagoon,70104,7,11,21,81,113
701041039,Gray,70104,7,10,20,78,108
701041040,Moulden,70104,7,10,20,78,108
701041041,Palmerston - North,70104,7,9,17,68,95
701041042,Palmerston - South,70104,7,6,12,48,66
701041043,Rosebery - Bellamack,70104,7,12,23,89,124
701041044,Woodroffe,70104,7,10,18,71,99
702011045,Charles,70201,7,19,20,131,169
702011046,East Side,70201,7,27,28,188,243
702011047,Flynn (NT),70201,7,19,20,134,174
702011048,Larapinta,70201,7,19,19,129,167
702011049,Mount Johns,70201,7,14,15,101,130
702011050,Petermann - Simpson,70201,7,3,3,23,30
702011051,Ross,70201,7,27,28,186,241
702011052,Sandover - Plenty,70201,7,10,11,72,93
702011053,Tanami,70201,7,7,7,49,64
702011054,Yuendumu - Anmatjere,70201,7,7,7,49,63
702021055,Barkly,70202,7,0,1,43,44
702021056,Tennant Creek,70202,7,0,4,116,120
702031057,Alligator,70203,7,0,50,215,265
702031058,Daly,70203,7,0,9,40,49
702031059,Thamarrurr,70203,7,0,3,15,18
702031060,Tiwi Islands,70203,7,0,5,23,29
702031061,West Arnhem,70203,7,0,9,39,48
702041062,Anindilyakwa,70204,7,0,13,36,49
702041063,East Arnhem,70204,7,0,60,161,222
702041064,Nhulunbuy,70204,7,0,29,78,107
702051065,Elsey,70205,7,6,9,42,56
702051066,Gulf,70205,7,10,16,76,101
702051067,Katherine,70205,7,32,51,244,326
702051068,Victoria River,70205,7,4,7,34,45
797979799,Migratory - Offshore - Shipping (NT),79797,7,0,0,0,0
799999499,No usual address (NT),79999,7,0,0,0,0
801011001,Aranda,80101,8,18,24,87,129
801011002,Belconnen,80101,8,32,41,153,226
801011003,Bruce,80101,8,29,38,139,206
801011004,Charnwood,80101,8,14,18,66,98
801011005,Cook,80101,8,21,28,102,151
801011006,Dunlop,80101,8,22,29,107,157
801011007,Evatt,80101,8,28,37,137,202
801011008,Florey,80101,8,29,38,140,207
801011009,Flynn (ACT),80101,8,21,28,102,151
801011010,Fraser,80101,8,14,18,68,101
801011011,Giralang,80101,8,22,29,106,156
801011012,Gooromon,80101,8,0,0,0,0
801011013,Hawker,80101,8,24,32,118,175
801011014,Higgins,80101,8,22,29,107,159
801011015,Holt,80101,8,35,46,169,250
801011016,Kaleen,80101,8,56,73,272,401
801011017,Latham,80101,8,22,28,104,154
801011018,Lawson,80101,8,2,3,10,14
801011019,Macgregor (ACT),80101,8,24,32,119,175
801011020,Macquarie,80101,8,20,26,98,144
801011021,McKellar,80101,8,19,24,90,133
801011022,Melba,80101,8,20,27,98,145
801011023,Page,80101,8,27,36,133,196
801011024,Scullin,80101,8,15,20,73,107
801011025,Spence,80101,8,17,23,85,125
801011026,Weetangera,80101,8,20,26,96,141
801011111,Molonglo Corridor,80101,8,0,0,0,0
801011142,Macnamara,80101,8,0,0,0,0
801011143,Strathnairn,80101,8,1,2,6,9
801011144,West Belconnen,80101,8,0,0,0,0
801031031,Hume,80103,8,0,1,2,3
801031032,Kowen,80103,8,0,0,0,0
801031113,Canberra East,80103,8,0,11,31,43
801031114,Canberra Airport,80103,8,0,0,1,2
801031115,Majura,80103,8,0,1,4,6
801041034,Amaroo,80104,8,0,24,95,118
801041035,Bonner,80104,8,0,16,63,78
801041036,Casey,80104,8,0,15,59,73
801041037,Crace,80104,8,0,24,94,118
801041038,Forde,80104,8,0,12,49,62
801041039,Franklin,80104,8,0,14,56,70
801041040,Gungahlin,80104,8,0,27,106,133
801041043,Hall,80104,8,0,3,14,17
801041044,Harrison,80104,8,0,15,58,73
801041045,Mitchell,80104,8,0,0,0,0
801041046,Ngunnawal,80104,8,0,58,230,288
801041047,Nicholls,80104,8,0,52,209,261
801041048,Palmerston,80104,8,0,30,118,148
801041116,Gungahlin - East,80104,8,0,0,0,0
801041117,Gungahlin - West,80104,8,0,0,0,0
801041118,Jacka,80104,8,0,1,6,7
801041119,Kenny,80104,8,0,0,0,0
801041120,Moncrieff,80104,8,0,7,26,33
801041121,Taylor,80104,8,0,4,17,22
801041122,Throsby,80104,8,0,4,17,21
801051049,Acton,80105,8,0,0,0,1
801051050,Ainslie,80105,8,46,54,190,290
801051051,Braddon,80105,8,19,23,79,122
801051053,Civic,80105,8,12,14,50,76
801051054,Dickson,80105,8,11,13,45,68
801051055,Downer,80105,8,23,27,95,145
801051056,Hackett,80105,8,21,25,87,133
801051057,Lyneham,80105,8,36,43,149,228
801051058,O'Connor (ACT),80105,8,34,40,139,212
801051060,Turner,80105,8,19,22,77,118
801051061,Watson,80105,8,28,33,115,175
801051123,Black Mountain,80105,8,0,0,0,0
801051124,Campbell,80105,8,34,40,141,215
801051125,Duntroon,80105,8,0,0,1,2
801051126,Parkes (ACT) - North,80105,8,1,1,3,4
801051127,Reid,80105,8,13,15,54,82
801051128,Russell,80105,8,0,0,0,0
801061062,Deakin,80106,8,52,30,96,178
801061063,Forrest,80106,8,30,17,54,101
801061064,Griffith (ACT),80106,8,52,30,96,178
801061066,Lake Burley Griffin,80106,8,0,0,0,0
801061067,Narrabundah,80106,8,78,44,142,264
801061068,Parkes (ACT) - South,80106,8,0,0,1,1
801061069,Red Hill (ACT),80106,8,45,26,83,154
801061070,Yarralumla,80106,8,59,34,107,200
801061129,Barton,80106,8,20,12,37,69
801061130,Fyshwick,80106,8,0,0,1,1
801061131,Kingston (ACT),80106,8,54,31,99,183
801071071,Banks,80107,8,11,26,74,111
801071072,Bonython,80107,8,14,33,93,140
801071073,Calwell,80107,8,17,41,114,171
801071074,Chisholm,80107,8,18,43,120,180
801071075,Conder,80107,8,14,34,94,141
801071076,Fadden,80107,8,14,35,99,149
801071077,Gilmore,80107,8,8,19,52,78
801071078,Gordon (ACT),80107,8,27,66,186,279
801071079,Gowrie (ACT),80107,8,14,34,95,143
801071080,Greenway,80107,8,28,70,195,294
801071081,Isabella Plains,80107,8,17,41,115,173
801071082,Kambah,80107,8,85,209,585,879
801071083,Macarthur,80107,8,6,14,38,57
801071084,Monash,80107,8,35,86,242,364
801071085,Mount Taylor,80107,8,0,0,0,0
801071086,Oxley (ACT),80107,8,6,15,42,64
801071087,Richardson,80107,8,8,20,56,84
801071088,Theodore,80107,8,9,22,60,91
801071089,Tuggeranong,80107,8,1,1,4,5
801071090,Wanniassa,80107,8,37,92,257,386
801071132,Tuggeranong - West,80107,8,0,0,1,1
801081091,Chapman,80108,8,49,34,117,200
801081092,Duffy,80108,8,38,26,90,153
801081093,Fisher,80108,8,46,32,109,187
801081094,Holder,80108,8,38,26,91,156
801081095,Rivett,80108,8,46,31,109,186
801081096,Stirling,80108,8,40,27,95,162
801081097,Waramanga,80108,8,39,27,92,157
801081098,Weston,80108,8,64,44,153,261
801081133,Scrivener,80108,8,0,0,0,0
801091099,Chifley,80109,8,32,20,69,122
801091100,Curtin,80109,8,73,46,157,276
801091101,Farrer,80109,8,69,44,148,260
801091102,Garran,80109,8,59,38,127,224
801091103,Hughes,80109,8,47,30,101,178
801091104,Isaacs,80109,8,52,33,111,196
801091105,Lyons (ACT),80109,8,47,30,101,178
801091106,Mawson,80109,8,45,29,98,172
801091107,O'Malley,80109,8,21,13,45,79
801091108,Pearce,80109,8,40,25,86,151
801091109,Phillip,80109,8,34,21,72,127
801091110,Torrens,80109,8,30,19,64,113
801101134,Arboretum,80110,8,0,0,1,1
801101135,Coombs,80110,8,0,5,25,30
801101136,Denman Prospect,80110,8,0,4,20,24
801101137,Molonglo,80110,8,0,0,0,0
801101139,Wright,80110,8,0,5,25,30
801101145,Molonglo - East,80110,8,0,0,0,0
801101146,Whitlam,80110,8,0,2,8,10
801111140,ACT - South West,80111,8,0,1,9,10
801111141,Namadgi,80111,8,0,0,0,0
897979799,Migratory - Offshore - Shipping (ACT),89797,8,0,0,0,0
899999499,No usual address (ACT),89999,8,0,0,0,0
901011001,Christmas Island,90101,9,0,0,0,0
901021002,Cocos (Keeling) Islands,90102,9,0,0,0,0
901031003,Jervis Bay,90103,9,0,12,9,21
901041004,Norfolk Island,90104,9,0,0,159,159
997979799,Migratory - Offshore - Shipping (OT),99797,9,0,0,0,0
999999499,No usual address (OT),99999,9,0,0,0,0
ZZZZZZZZZ,Outside Australia,ZZZZZ,Z,0,0,0,0
