sa2_code,sa2_name,state,irsd_score,irsd_decile,irsd_percentile,irsad_score,irsad_decile,remoteness_cat
101021007,Braidwood,NSW,1024.286387,6.0,56.0,1000.677063,6.0,1
101021008,Karabar,NSW,994.0937235,5.0,42.0,982.3133727,5.0,1
101021009,Queanbeyan,NSW,1009.758824,5.0,49.0,998.1232242,6.0,1
101021010,Queanbeyan - East,NSW,1024.576053,6.0,56.0,1014.994386,6.0,1
101021012,Queanbeyan West - Jerrabomberra,NSW,1098.347577,10.0,95.0,1107.453507,9.0,1
101021610,Googong,NSW,1128.164641,10.0,100.0,1154.426851,10.0,1
101021611,Queanbeyan Surrounds,NSW,1097.82308,10.0,95.0,1105.02951,9.0,1
101031013,Bombala,NSW,965.3029161,3.0,28.0,934.5696507,3.0,1
101031014,Cooma,NSW,982.1728261,4.0,35.0,953.1749186,4.0,1
101031015,Cooma Surrounds,NSW,1038.942345,7.0,65.0,1007.437936,6.0,1
101031016,Jindabyne - Berridale,NSW,1053.546087,8.0,74.0,1024.568048,7.0,1
101041017,Batemans Bay,NSW,945.8786427,2.0,20.0,909.0083275,2.0,1
101041018,Batemans Bay - South,NSW,989.2500154,4.0,39.0,953.8973025,4.0,1
101041019,Bega - Tathra,NSW,975.3070067,4.0,32.0,941.7067316,3.0,1
101041020,Bega-Eden Hinterland,NSW,990.6632134,4.0,40.0,953.8607887,4.0,1
101041021,Broulee - Tomakin,NSW,1033.629775,7.0,62.0,1002.25248,6.0,1
101041022,Deua - Wadbilliga,NSW,1024.831443,6.0,56.0,929.4223271,3.0,1
101041023,Eden,NSW,909.9268724,2.0,12.0,880.3397413,1.0,1
101041024,Eurobodalla Hinterland,NSW,994.8973423,5.0,42.0,954.4907036,4.0,1
101041025,Merimbula - Tura Beach,NSW,1011.811811,6.0,51.0,970.3042043,4.0,1
101041026,Moruya - Tuross Head,NSW,993.2754395,5.0,41.0,949.297613,3.0,1
101041027,Narooma - Bermagui,NSW,985.983102,4.0,37.0,945.8544224,3.0,1
101051539,Goulburn,NSW,957.3132883,3.0,25.0,932.7917531,3.0,1
101051540,Goulburn Surrounds,NSW,1016.853895,6.0,53.0,986.6761124,5.0,1
101061541,Yass,NSW,1017.860395,6.0,53.0,991.7216451,5.0,1
101061542,Yass Surrounds,NSW,1086.380941,10.0,91.0,1092.228538,9.0,1
101061543,Young,NSW,939.7593338,2.0,18.0,911.6029197,2.0,1
101061544,Young Surrounds,NSW,970.0501317,3.0,30.0,948.0163076,3.0,1
102011028,Avoca Beach - Copacabana,NSW,1079.308985,9.0,88.0,1084.477302,9.0,1
102011029,Box Head - MacMasters Beach,NSW,1063.966854,8.0,80.0,1051.05479,8.0,1
102011030,Calga - Kulnura,NSW,1027.110056,6.0,58.0,1020.67194,6.0,1
102011031,Erina - Green Point,NSW,1033.060846,7.0,61.0,1027.911971,7.0,1
102011032,Gosford - Springfield,NSW,983.4520278,4.0,36.0,986.3571993,5.0,1
102011033,Kariong,NSW,1035.267255,7.0,63.0,1012.406437,6.0,1
102011034,Kincumber - Picketts Valley,NSW,1012.642764,6.0,51.0,992.1550231,5.0,1
102011035,Narara,NSW,1025.545292,6.0,57.0,1005.726919,6.0,1
102011036,Niagara Park - Lisarow,NSW,1039.874661,7.0,66.0,1023.505439,7.0,1
102011037,Point Clare - Koolewong,NSW,1032.581142,7.0,61.0,1025.37086,7.0,1
102011038,Saratoga - Davistown,NSW,1056.247625,8.0,76.0,1027.763695,7.0,1
102011039,Terrigal - North Avoca,NSW,1077.682351,9.0,87.0,1085.447516,9.0,1
102011040,Umina - Booker Bay - Patonga,NSW,977.1114375,4.0,33.0,964.5550157,4.0,1
102011041,Wamberal - Forresters Beach,NSW,1080.701628,9.0,88.0,1076.854967,9.0,1
102011042,Woy Woy - Blackwall,NSW,950.755505,3.0,22.0,946.047375,3.0,1
102011043,Wyoming,NSW,980.8387969,4.0,34.0,958.8160209,4.0,1
102021044,Bateau Bay - Killarney Vale,NSW,991.0340806,4.0,40.0,965.5907499,4.0,1
102021045,Blue Haven - San Remo,NSW,920.0847757,2.0,14.0,886.3038839,1.0,1
102021046,Budgewoi - Buff Point - Halekula,NSW,953.6242379,3.0,24.0,917.5195429,2.0,1
102021047,Chittaway Bay - Tumbi Umbi,NSW,1018.250349,6.0,53.0,987.5615356,5.0,1
102021048,Gorokan - Kanwal - Charmhaven,NSW,917.3678234,2.0,13.0,891.3739933,1.0,1
102021049,Jilliby - Yarramalong,NSW,1060.227996,8.0,78.0,1059.503457,8.0,1
102021050,Lake Munmorah - Mannering Park,NSW,951.7118199,3.0,23.0,906.2825657,2.0,1
102021051,Ourimbah - Fountaindale,NSW,1052.044703,8.0,74.0,1031.054724,7.0,1
102021052,Summerland Point - Gwandalan,NSW,981.4986444,4.0,35.0,935.0673036,3.0,1
102021053,The Entrance,NSW,944.5813956,2.0,20.0,934.6353236,3.0,1
102021054,Toukley - Norah Head,NSW,938.6075626,2.0,18.0,913.5068101,2.0,1
102021055,Tuggerah - Kangy Angy,NSW,1012.630047,6.0,51.0,995.5707149,5.0,1
102021056,Warnervale - Wadalba,NSW,1002.288512,5.0,46.0,992.2511198,5.0,1
102021057,Wyong,NSW,897.2578852,1.0,10.0,891.5212007,1.0,1
103011059,Bathurst - East,NSW,983.768324,4.0,36.0,957.3078466,4.0,1
103011060,Bathurst Surrounds,NSW,1048.841956,8.0,71.0,1018.898892,6.0,1
103011061,Oberon,NSW,965.0655087,3.0,28.0,934.0173245,3.0,1
103011612,Bathurst - South,NSW,939.0210177,2.0,18.0,928.7009312,3.0,1
103011613,Bathurst - West,NSW,1010.715119,5.0,50.0,982.055636,5.0,1
103021062,Condobolin,NSW,947.0874918,3.0,21.0,934.3418546,3.0,1
103021063,Cowra,NSW,913.5438983,2.0,12.0,889.9935995,1.0,1
103021064,Cowra Surrounds,NSW,973.8842654,4.0,31.0,949.366453,3.0,1
103021065,Forbes,NSW,967.7378179,3.0,29.0,939.5158707,3.0,1
103021066,Grenfell,NSW,960.1212572,3.0,25.0,941.7285576,3.0,1
103021067,Parkes (NSW),NSW,946.3811341,2.0,20.0,917.8089683,2.0,1
103021068,Parkes Surrounds,NSW,949.578866,3.0,21.0,939.6423598,3.0,1
103021069,West Wyalong,NSW,992.525053,5.0,41.0,957.7791688,4.0,1
103031070,Lithgow,NSW,909.6829131,2.0,12.0,891.8370715,1.0,1
103031071,Lithgow Surrounds,NSW,970.6212193,3.0,30.0,939.7698951,3.0,1
103031072,Mudgee,NSW,989.7283666,4.0,39.0,960.3424382,4.0,1
103031073,Mudgee Surrounds - East,NSW,898.5406917,1.0,10.0,885.3715397,1.0,1
103031074,Mudgee Surrounds - West,NSW,986.7823882,4.0,37.0,952.7817934,4.0,1
103041076,Blayney,NSW,991.2182076,4.0,40.0,962.5132442,4.0,1
103041077,Orange,NSW,955.6454442,3.0,24.0,941.9525655,3.0,1
103041078,Orange - North,NSW,1026.631849,6.0,57.0,1005.422777,6.0,1
103041079,Orange Surrounds,NSW,1048.200561,8.0,71.0,1020.410806,6.0,1
104011080,Grafton,NSW,907.362602,2.0,11.0,883.723233,1.0,1
104011081,Grafton Surrounds,NSW,951.3242486,3.0,22.0,915.9369908,2.0,1
104011082,Maclean - Yamba - Iluka,NSW,966.7678001,3.0,29.0,932.5867368,3.0,1
104021083,Bellingen,NSW,992.1837025,5.0,41.0,979.0679047,5.0,1
104021084,Coffs Harbour - North,NSW,940.4949324,2.0,18.0,928.0232372,3.0,1
104021085,Coffs Harbour - South,NSW,928.6519122,2.0,16.0,925.4843319,2.0,1
104021086,Coramba - Nana Glen - Bucca,NSW,1023.808183,6.0,56.0,982.0101343,5.0,1
104021087,Dorrigo,NSW,947.5542892,3.0,21.0,927.6522337,3.0,1
104021088,Korora - Emerald Beach,NSW,1053.145193,8.0,74.0,1033.530458,7.0,1
104021089,Sawtell - Boambee,NSW,976.145802,4.0,32.0,949.0500655,3.0,1
104021090,Urunga,NSW,967.6522779,3.0,29.0,939.0098733,3.0,1
104021091,Woolgoolga - Arrawarra,NSW,972.1463664,4.0,31.0,956.2209147,4.0,1
105011092,Bourke - Brewarrina,NSW,909.7974911,2.0,12.0,928.8537482,3.0,1
105011093,Cobar,NSW,965.4364939,3.0,28.0,936.9535124,3.0,1
105011094,Coonamble,NSW,892.9319465,1.0,9.0,902.4004745,2.0,1
105011095,Nyngan - Warren,NSW,952.9074898,3.0,23.0,938.9075004,3.0,1
105011096,Walgett - Lightning Ridge,NSW,883.1530828,1.0,8.0,893.6734439,2.0,1
105021097,Broken Hill,NSW,913.2249541,2.0,12.0,891.8670407,1.0,1
105021098,Far West,NSW,879.0444508,1.0,7.0,909.4506747,2.0,1
105031099,Coonabarabran,NSW,924.0043939,2.0,15.0,910.6627461,2.0,1
105031100,Dubbo - East,NSW,975.1192446,4.0,32.0,945.7711587,3.0,1
105031101,Dubbo - South,NSW,1004.33227,5.0,47.0,974.3431813,5.0,1
105031102,Dubbo - West,NSW,976.1454034,4.0,32.0,952.7865515,4.0,1
105031103,Dubbo Surrounds,NSW,1047.514711,7.0,70.0,1009.30117,6.0,1
105031104,Gilgandra,NSW,933.1713698,2.0,17.0,916.2021801,2.0,1
105031105,Narromine,NSW,960.1323221,3.0,25.0,936.0359797,3.0,1
105031106,Wellington,NSW,922.3833153,2.0,14.0,906.6297272,2.0,1
106011107,Branxton - Greta - Pokolbin,NSW,1021.387822,6.0,55.0,989.6859893,5.0,1
106011108,Cessnock,NSW,894.7774505,1.0,10.0,868.9259111,1.0,1
106011109,Cessnock Surrounds,NSW,999.633622,5.0,44.0,968.0807622,4.0,1
106011110,Dungog,NSW,1008.909499,5.0,49.0,974.3926398,5.0,1
106011111,Kurri Kurri - Abermain,NSW,923.9400427,2.0,15.0,888.8483182,1.0,1
106011112,Singleton,NSW,983.9359311,4.0,36.0,948.4878176,3.0,1
106011113,Singleton Surrounds,NSW,1012.414763,6.0,51.0,979.8719149,5.0,1
106021114,Maitland,NSW,987.0097829,4.0,38.0,963.9537798,4.0,1
106021116,Maitland - North,NSW,1063.682108,8.0,80.0,1043.792142,7.0,1
106021614,East Maitland - Metford,NSW,978.0550954,4.0,33.0,956.2444452,4.0,1
106021615,Rutherford (North) - Aberglassly,NSW,986.8808555,4.0,38.0,954.5798293,4.0,1
106021616,Rutherford (South) - Telarah,NSW,921.961686,2.0,14.0,893.3538852,2.0,1
106021617,Tenambit - East Maitland,NSW,976.2048453,4.0,32.0,953.4647611,4.0,1
106021618,Thornton - Millers Forest,NSW,1033.600136,7.0,62.0,1006.598799,6.0,1
106031119,Anna Bay,NSW,1008.709978,5.0,49.0,966.7533502,4.0,1
106031120,Lemon Tree Passage - Tanilba Bay,NSW,936.7329595,2.0,17.0,896.9315965,2.0,1
106031121,Nelson Bay Peninsula,NSW,1002.266694,5.0,46.0,973.4654529,5.0,1
106031122,Raymond Terrace,NSW,896.8834724,1.0,10.0,872.0987019,1.0,1
106031123,Seaham - Woodville,NSW,1060.725582,8.0,79.0,1030.313817,7.0,1
106031124,Tea Gardens - Hawks Nest,NSW,998.4542631,5.0,44.0,954.802281,4.0,1
106031125,Williamtown - Medowie - Karuah,NSW,1005.121082,5.0,47.0,972.7232165,4.0,1
106041126,Muswellbrook,NSW,917.6637573,2.0,13.0,890.7347255,1.0,1
106041127,Muswellbrook Surrounds,NSW,994.9231095,5.0,42.0,959.3019897,4.0,1
106041128,Scone,NSW,974.708262,4.0,32.0,946.7259105,3.0,1
106041129,Scone Surrounds,NSW,974.8213803,4.0,32.0,941.008504,3.0,1
107011131,Dapto - Avondale,NSW,970.0395026,3.0,30.0,939.6212504,3.0,1
107011132,Horsley - Kembla Grange,NSW,1048.077683,8.0,71.0,1027.021326,7.0,1
107011134,Unanderra - Mount Kembla,NSW,1011.07617,5.0,50.0,1002.60105,6.0,1
107011545,Berkeley - Lake Heights - Cringi,NSW,886.7319199,1.0,8.0,884.9405293,1.0,1
107011546,Port Kembla - Warrawong,NSW,851.1831864,1.0,5.0,869.8571843,1.0,1
107011547,Windang - Primbee,NSW,939.8417963,2.0,18.0,911.6469835,2.0,1
107031136,Albion Park - Macquarie Pass,NSW,1031.798853,7.0,61.0,999.9130854,6.0,1
107031137,Albion Park Rail,NSW,930.6715401,2.0,16.0,899.858524,2.0,1
107031138,Kiama,NSW,1055.656336,8.0,76.0,1052.321969,8.0,1
107031139,Kiama Downs - Minnamurra,NSW,1077.292903,9.0,87.0,1060.684083,8.0,1
107031140,Kiama Hinterland - Gerringong,NSW,1079.953789,9.0,88.0,1071.375076,8.0,1
107031141,Shellharbour - Flinders,NSW,1045.281376,7.0,69.0,1033.855082,7.0,1
107031142,Shellharbour - Oak Flats,NSW,981.4947649,4.0,35.0,956.5401358,4.0,1
107031143,Warilla,NSW,896.5152498,1.0,10.0,882.654321,1.0,1
107041144,Balgownie - Fairy Meadow,NSW,1006.940673,5.0,48.0,1012.327894,6.0,1
107041145,Corrimal - Tarrawanna - Bellambi,NSW,961.8250349,3.0,26.0,964.4310641,4.0,1
107041146,Figtree - Keiraville,NSW,1038.201186,7.0,65.0,1045.020428,7.0,1
107041147,Helensburgh,NSW,1086.765524,10.0,91.0,1083.382387,9.0,1
107041148,Thirroul - Austinmer - Coalcliff,NSW,1095.863993,10.0,94.0,1113.650687,10.0,1
107041150,Woonona - Bulli - Russell Vale,NSW,1038.373556,7.0,65.0,1041.728959,7.0,1
107041548,Wollongong - East,NSW,1015.424758,6.0,52.0,1035.48009,7.0,1
107041549,Wollongong - West,NSW,990.7485519,4.0,40.0,1009.001391,6.0,1
108011151,Bulahdelah - Stroud,NSW,945.5855971,2.0,20.0,915.4068494,2.0,1
108011152,Forster,NSW,952.552241,3.0,23.0,920.1823384,2.0,1
108011153,Forster-Tuncurry Surrounds,NSW,975.9858805,4.0,32.0,936.8009879,3.0,1
108011154,Tuncurry,NSW,908.4202974,2.0,11.0,875.562264,1.0,1
108021155,Kempsey,NSW,857.0337867,1.0,5.0,844.6543401,1.0,1
108021156,Kempsey Surrounds,NSW,943.0677194,2.0,19.0,915.3205859,2.0,1
108021157,Macksville - Scotts Head,NSW,924.2282642,2.0,15.0,902.4661051,2.0,1
108021158,Nambucca Heads,NSW,881.5865154,1.0,8.0,863.2430993,1.0,1
108021159,Nambucca Heads Surrounds,NSW,951.9542712,3.0,23.0,925.3003321,2.0,1
108021160,South West Rocks,NSW,957.5478004,3.0,25.0,917.5102746,2.0,1
108031161,Lord Howe Island,NSW,1052.635773,8.0,74.0,1014.256519,6.0,1
108041162,Laurieton - Bonny Hills,NSW,978.3739273,4.0,33.0,941.6073039,3.0,1
108041164,Port Macquarie - West,NSW,964.0066759,3.0,27.0,942.573759,3.0,1
108041165,Port Macquarie Surrounds,NSW,990.6059881,4.0,40.0,960.0922347,4.0,1
108041166,Wauchope,NSW,965.3693595,3.0,28.0,931.3865812,3.0,1
108041619,Port Macquarie - East,NSW,1001.54384,5.0,45.0,989.5319862,5.0,1
108041620,Port Macquarie - South,NSW,1019.533212,6.0,54.0,994.2464443,5.0,1
108051167,Gloucester,NSW,942.9836112,2.0,19.0,913.4287229,2.0,1
108051168,Old Bar - Manning Point - Red He,NSW,1010.27258,5.0,50.0,972.8023538,4.0,1
108051169,Taree,NSW,878.7914253,1.0,7.0,861.2274535,1.0,1
108051170,Taree Surrounds,NSW,959.1427203,3.0,25.0,925.4108938,2.0,1
108051171,Wingham,NSW,903.7043062,2.0,11.0,872.2949365,1.0,1
109011172,Albury - East,NSW,1035.376781,7.0,63.0,1008.248196,6.0,1
109011173,Albury - North,NSW,928.2675064,2.0,15.0,909.6436021,2.0,1
109011174,Albury - South,NSW,991.1920032,4.0,40.0,988.3960253,5.0,1
109011175,Albury Surrounds,NSW,1012.069509,6.0,51.0,978.6260098,5.0,1
109011176,Lavington,NSW,888.1807492,1.0,9.0,871.6117456,1.0,1
109021177,Hay,NSW,956.5212883,3.0,24.0,927.0839821,3.0,1
109021178,Wentworth - Buronga,NSW,970.7170276,3.0,30.0,945.1055057,3.0,1
109021179,Wentworth-Balranald Region,NSW,965.1806411,3.0,28.0,945.4404828,3.0,1
109031180,Corowa,NSW,948.2856741,3.0,21.0,905.9219702,2.0,1
109031181,Corowa Surrounds,NSW,989.8455206,4.0,39.0,942.3193875,3.0,1
109031182,Deniliquin,NSW,951.4107853,3.0,22.0,921.9582839,2.0,1
109031183,Deniliquin Surrounds,NSW,986.7122085,4.0,37.0,963.8178384,4.0,1
109031184,Moama,NSW,1022.28448,6.0,56.0,979.1829352,5.0,1
109031185,Tocumwal - Finley - Jerilderie,NSW,969.3865093,3.0,30.0,930.9683831,3.0,1
110011186,Armidale,NSW,977.6346305,4.0,33.0,977.3254918,5.0,1
110011187,Armidale Surrounds - North,NSW,986.2100704,4.0,37.0,959.9129033,4.0,1
110011188,Armidale Surrounds - South,NSW,1007.030415,5.0,48.0,979.4153812,5.0,1
110011189,Walcha,NSW,993.3739783,5.0,41.0,971.5210481,4.0,1
110021190,Glen Innes,NSW,906.0661679,2.0,11.0,891.1364639,1.0,1
110021191,Inverell,NSW,921.4565433,2.0,14.0,896.1781018,2.0,1
110021192,Inverell Surrounds - East,NSW,922.914733,2.0,14.0,909.6231267,2.0,1
110021193,Inverell Surrounds - West,NSW,957.578322,3.0,25.0,933.2693145,3.0,1
110021194,Tenterfield,NSW,920.3424651,2.0,14.0,902.6449808,2.0,1
110031195,Moree,NSW,925.9074652,2.0,15.0,913.5791061,2.0,1
110031196,Moree Surrounds,NSW,972.5904575,4.0,31.0,968.7447221,4.0,1
110031197,Narrabri,NSW,968.5604594,3.0,29.0,936.4115495,3.0,1
110031198,Narrabri Surrounds,NSW,971.0690466,4.0,31.0,950.3907159,4.0,1
110041199,Gunnedah,NSW,953.6157268,3.0,23.0,925.2192853,2.0,1
110041200,Gunnedah Surrounds,NSW,980.1851566,4.0,34.0,956.9959551,4.0,1
110041201,Quirindi,NSW,925.6725854,2.0,15.0,904.7908234,2.0,1
110041202,Tamworth - East,NSW,950.2587165,3.0,22.0,923.4323134,2.0,1
110041203,Tamworth - North,NSW,985.8186534,4.0,37.0,965.8063038,4.0,1
110041204,Tamworth - West,NSW,812.7760311,1.0,3.0,810.3874674,1.0,1
110041205,Tamworth Surrounds,NSW,998.0223758,5.0,44.0,965.191197,4.0,1
111011206,Belmont - Bennetts Green,NSW,1002.001552,5.0,45.0,977.1759082,5.0,1
111011207,Belmont South - Blacksmiths,NSW,950.5320878,3.0,22.0,924.5167172,2.0,1
111011208,Charlestown - Dudley,NSW,1025.44747,6.0,57.0,1009.738256,6.0,1
111011209,Glendale - Cardiff - Hillsboroug,NSW,1016.553044,6.0,53.0,990.6175177,5.0,1
111011210,Mount Hutton - Windale,NSW,872.8455454,1.0,7.0,869.0429764,1.0,1
111011211,Redhead,NSW,1042.743233,7.0,67.0,1035.0505,7.0,1
111011212,Swansea - Caves Beach,NSW,1001.465079,5.0,45.0,979.7310081,5.0,1
111011213,Valentine - Eleebana,NSW,1084.072177,9.0,90.0,1069.02654,8.0,1
111011214,Warners Bay - Boolaroo,NSW,1029.13953,6.0,59.0,1011.315456,6.0,1
111021215,Bolton Point - Teralba,NSW,962.7287439,3.0,27.0,938.5970606,3.0,1
111021216,Bonnells Bay - Silverwater,NSW,992.5430443,5.0,41.0,963.2082322,4.0,1
111021217,Edgeworth - Cameron Park,NSW,1021.429567,6.0,55.0,991.410324,5.0,1
111021218,Morisset - Cooranbong,NSW,979.6019128,4.0,34.0,959.6069133,4.0,1
111021219,Toronto - Awaba,NSW,974.8217506,4.0,32.0,955.68479,4.0,1
111021220,Wangi Wangi - Rathmines,NSW,1020.839657,6.0,55.0,987.6909272,5.0,1
111021221,West Wallsend - Barnsley - Killi,NSW,995.3989583,5.0,42.0,944.2991009,3.0,1
111031222,Adamstown - Kotara,NSW,1060.835448,8.0,79.0,1054.346697,8.0,1
111031223,Beresfield - Hexham,NSW,891.1234538,1.0,9.0,862.8614141,1.0,1
111031224,Hamilton - Broadmeadow,NSW,999.026016,5.0,44.0,1020.361977,6.0,1
111031225,Lambton - New Lambton,NSW,1033.799736,7.0,62.0,1033.093489,7.0,1
111031226,Maryland - Fletcher - Minmi,NSW,1031.859852,7.0,61.0,1014.588315,6.0,1
111031227,Mayfield - Warabrook,NSW,985.995168,4.0,37.0,981.7209238,5.0,1
111031228,Merewether - The Junction,NSW,1082.911006,9.0,89.0,1101.839413,9.0,1
111031229,Newcastle - Cooks Hill,NSW,1048.48373,8.0,71.0,1080.104529,9.0,1
111031231,Shortland - Jesmond,NSW,929.8849086,2.0,16.0,930.1371504,3.0,1
111031232,Stockton - Fullerton Cove,NSW,1001.034585,5.0,45.0,990.1061921,5.0,1
111031233,Wallsend - Elermore Vale,NSW,976.4232152,4.0,32.0,960.9333841,4.0,1
111031234,Waratah - North Lambton,NSW,991.8826525,4.0,40.0,987.3598298,5.0,1
111031235,Wickham - Carrington - Tighes Hi,NSW,1033.375982,7.0,62.0,1044.586722,7.0,1
112011236,Ballina,NSW,974.7168916,4.0,32.0,952.6471281,4.0,1
112011237,Ballina Surrounds,NSW,1027.820938,6.0,58.0,1003.467588,6.0,1
112011238,Bangalow,NSW,1064.705176,9.0,81.0,1076.51368,9.0,1
112011239,Brunswick Heads - Ocean Shores,NSW,1003.555429,5.0,46.0,998.0129977,6.0,1
112011240,Byron Bay,NSW,1028.692707,6.0,59.0,1046.842489,7.0,1
112011241,Evans Head,NSW,955.2315519,3.0,24.0,925.6603442,3.0,1
112011242,Lennox Head - Skennars Head,NSW,1071.351893,9.0,84.0,1068.099445,8.0,1
112011243,Mullumbimby,NSW,993.4764186,5.0,41.0,994.9990879,5.0,1
112021244,Casino,NSW,891.2180098,1.0,9.0,861.716104,1.0,1
112021245,Casino Surrounds,NSW,943.3093983,2.0,19.0,912.0321075,2.0,1
112021246,Goonellabah,NSW,969.310086,3.0,30.0,940.49259,3.0,1
112021247,Kyogle,NSW,930.0549296,2.0,16.0,912.1508687,2.0,1
112021248,Lismore,NSW,915.9403006,2.0,13.0,903.9193947,2.0,1
112021249,Lismore Surrounds,NSW,1011.913928,6.0,51.0,990.4221937,5.0,1
112031250,Kingscliff - Fingal Head,NSW,1029.045383,6.0,59.0,1024.374119,7.0,1
112031251,Murwillumbah,NSW,934.3268442,2.0,17.0,913.8172333,2.0,1
112031252,Murwillumbah Surrounds,NSW,995.8744997,5.0,43.0,972.5913539,4.0,1
112031253,Pottsville,NSW,1017.851702,6.0,53.0,996.5314217,5.0,1
112031254,Tweed Heads,NSW,973.2240955,4.0,31.0,949.182317,3.0,1
112031550,Banora Point,NSW,995.0720624,5.0,42.0,959.8282641,4.0,1
112031551,Terranora - North Tumbulgum,NSW,1062.186698,8.0,79.0,1041.296831,7.0,1
112031552,Tweed Heads South,NSW,917.304061,2.0,13.0,895.8698178,2.0,1
113011256,Griffith (NSW),NSW,956.4327474,3.0,24.0,937.9106798,3.0,1
113011257,Griffith Surrounds,NSW,1000.990464,5.0,45.0,968.7666371,4.0,1
113011258,Leeton,NSW,948.7067357,3.0,21.0,920.9372142,2.0,1
113011259,Narrandera,NSW,928.0767763,2.0,15.0,909.507556,2.0,1
113021260,Tumbarumba,NSW,962.3145632,3.0,26.0,935.5947334,3.0,1
113021261,Tumut,NSW,929.9352532,2.0,16.0,899.1472147,2.0,1
113021262,Tumut Surrounds,NSW,977.1138932,4.0,33.0,946.532944,3.0,1
113031263,Cootamundra,NSW,947.3809207,3.0,21.0,920.2540025,2.0,1
113031264,Gundagai,NSW,964.6372504,3.0,27.0,939.1194791,3.0,1
113031265,Junee,NSW,931.8223711,2.0,16.0,915.4451609,2.0,1
113031266,Temora,NSW,962.9741562,3.0,27.0,932.8273984,3.0,1
113031267,Wagga Wagga - East,NSW,1009.444164,5.0,49.0,983.7931022,5.0,1
113031268,Wagga Wagga - North,NSW,1053.433264,8.0,74.0,1026.822246,7.0,1
113031269,Wagga Wagga - South,NSW,961.2861018,3.0,26.0,946.5085929,3.0,1
113031270,Wagga Wagga - West,NSW,926.4533543,2.0,15.0,925.9790096,3.0,1
113031271,Wagga Wagga Surrounds,NSW,1031.646561,6.0,60.0,998.8347144,6.0,1
114011272,Berry - Kangaroo Valley,NSW,1047.743629,7.0,70.0,1031.165691,7.0,1
114011273,Callala Bay - Currarong,NSW,1001.164771,5.0,45.0,969.2859684,4.0,1
114011274,Culburra Beach,NSW,987.479247,4.0,38.0,949.7013952,3.0,1
114011275,Ettrema - Sassafras - Budawang,NSW,1087.401728,10.0,91.0,1085.449774,9.0,1
114011276,Huskisson - Vincentia,NSW,1052.998156,8.0,74.0,1037.113871,7.0,1
114011277,North Nowra - Bomaderry,NSW,984.9530468,4.0,36.0,958.0229067,4.0,1
114011278,Nowra,NSW,919.1359757,2.0,14.0,900.233194,2.0,1
114011279,St Georges Basin - Erowal Bay,NSW,950.5279063,3.0,22.0,910.8755973,2.0,1
114011280,Sussex Inlet - Berrara,NSW,955.6537241,3.0,24.0,906.8800399,2.0,1
114011281,Tomerong - Wandandian - Woollami,NSW,1036.22966,7.0,64.0,999.0063596,6.0,1
114011282,Ulladulla,NSW,994.6390831,5.0,42.0,954.1482413,4.0,1
114011283,Ulladulla Surrounds,NSW,1007.586059,5.0,48.0,964.0324196,4.0,1
114021284,Bowral,NSW,1070.56983,9.0,84.0,1073.394639,8.0,1
114021285,Hill Top - Colo Vale,NSW,1026.83652,6.0,58.0,982.2730894,5.0,1
114021286,Mittagong,NSW,1030.42419,6.0,60.0,1016.330134,6.0,1
114021287,Moss Vale - Berrima,NSW,1023.351769,6.0,56.0,1003.700176,6.0,1
114021288,Robertson - Fitzroy Falls,NSW,1073.607547,9.0,85.0,1062.162872,8.0,1
114021289,Southern Highlands,NSW,1055.223409,8.0,76.0,1039.682151,7.0,1
115011290,Baulkham Hills - East,NSW,1078.970169,9.0,88.0,1105.559665,9.0,1
115011291,Baulkham Hills (West) - Bella Vi,NSW,1102.841818,10.0,97.0,1140.016698,10.0,1
115011294,Glenhaven,NSW,1117.515351,10.0,99.0,1138.093945,10.0,1
115011296,West Pennant Hills,NSW,1118.460938,10.0,100.0,1161.036174,10.0,1
115011553,Castle Hill - Central,NSW,1079.142614,9.0,88.0,1114.615232,10.0,1
115011554,Castle Hill - East,NSW,1059.096521,8.0,78.0,1089.270164,9.0,1
115011555,Castle Hill - North,NSW,1092.161404,10.0,93.0,1130.677485,10.0,1
115011556,Castle Hill - South,NSW,1081.850993,9.0,89.0,1123.873782,10.0,1
115011557,Castle Hill - West,NSW,1120.436579,10.0,100.0,1163.678672,10.0,1
115011558,Cherrybrook,NSW,1109.72855,10.0,98.0,1151.602234,10.0,1
115011621,Kellyville - East,NSW,1099.861754,10.0,96.0,1137.687491,10.0,1
115011622,Kellyville - West,NSW,1102.633874,10.0,97.0,1162.583614,10.0,1
115021297,Dural - Kenthurst - Wisemans Fer,NSW,1086.737392,10.0,91.0,1101.860667,9.0,1
115021298,Galston - Laughtondale,NSW,1089.98064,10.0,92.0,1103.372451,9.0,1
115031299,Bilpin - Colo - St Albans,NSW,1036.976765,7.0,64.0,1014.023469,6.0,1
115031300,Kurrajong Heights - Ebenezer,NSW,1061.633843,8.0,79.0,1041.085091,7.0,1
115041301,Pitt Town - McGraths Hill,NSW,1061.608541,8.0,79.0,1047.683244,8.0,1
115041623,Box Hill - Nelson,NSW,1105.623277,10.0,97.0,1152.275096,10.0,1
115041624,North Kellyville,NSW,1106.570509,10.0,98.0,1167.057054,10.0,1
115041625,Rouse Hill - Beaumont Hills,NSW,1100.922604,10.0,96.0,1141.161869,10.0,1
116011303,Blacktown (East) - Kings Park,NSW,950.8977782,3.0,22.0,967.5159242,4.0,1
116011304,Blacktown (North) - Marayong,NSW,956.4237266,3.0,24.0,967.4753816,4.0,1
116011306,Doonside - Woodcroft,NSW,962.6045446,3.0,26.0,977.562697,5.0,1
116011307,Lalor Park - Kings Langley,NSW,1002.096563,5.0,46.0,1012.210471,6.0,1
116011560,Blacktown - South,NSW,959.2526199,3.0,25.0,964.8569051,4.0,1
116011561,Blacktown - West,NSW,961.6159141,3.0,26.0,969.1939974,4.0,1
116011626,Seven Hills - Prospect,NSW,1005.041616,5.0,47.0,1008.70921,6.0,1
116011627,Toongabbie - West,NSW,988.1698294,4.0,38.0,1008.780558,6.0,1
116021309,Glenwood,NSW,1084.250315,9.0,90.0,1120.489205,10.0,1
116021562,Acacia Gardens,NSW,1080.015242,9.0,88.0,1095.792007,9.0,1
116021563,Quakers Hill,NSW,1054.067552,8.0,75.0,1056.980759,8.0,1
116021628,Kellyville Ridge - The Ponds,NSW,1101.571715,10.0,96.0,1143.83241,10.0,1
116021629,Marsden Park - Shanes Park,NSW,1088.690273,10.0,92.0,1124.863939,10.0,1
116021630,Riverstone,NSW,1021.697322,6.0,55.0,1035.897567,7.0,1
116021631,Schofields (West) - Colebee,NSW,1098.371184,10.0,95.0,1140.189939,10.0,1
116021632,Schofields - East,NSW,1082.748786,9.0,89.0,1129.980902,10.0,1
116021633,Stanhope Gardens - Parklea,NSW,1082.29695,9.0,89.0,1119.664541,10.0,1
116031313,Bidwill - Hebersham - Emerton,NSW,777.9979667,1.0,2.0,807.1867776,1.0,1
116031314,Glendenning - Dean Park,NSW,984.4448511,4.0,36.0,967.0797719,4.0,1
116031315,Hassall Grove - Plumpton,NSW,985.6397666,4.0,37.0,977.6242149,5.0,1
116031316,Lethbridge Park - Tregear,NSW,838.4449258,1.0,4.0,860.5765554,1.0,1
116031317,Mount Druitt - Whalan,NSW,858.641559,1.0,6.0,882.9451935,1.0,1
116031319,Rooty Hill - Minchinbury,NSW,971.9445078,4.0,31.0,973.8478272,5.0,1
117011320,Banksmeadow,NSW,1083.585312,9.0,90.0,1144.514863,10.0,1
117011321,Botany,NSW,1053.289392,8.0,74.0,1082.014584,9.0,1
117011323,Pagewood - Hillsdale - Daceyvill,NSW,990.9128581,4.0,40.0,1030.232225,7.0,1
117011634,Eastlakes,NSW,935.9690467,2.0,17.0,975.7039965,5.0,1
117011635,Mascot,NSW,1032.940703,7.0,61.0,1096.52273,9.0,1
117021327,Petersham - Stanmore,NSW,1068.900853,9.0,83.0,1130.313362,10.0,1
117021328,Sydenham - Tempe - St Peters,NSW,1055.550523,8.0,76.0,1115.718339,10.0,1
117021636,Marrickville - North,NSW,1042.300456,7.0,67.0,1105.805514,9.0,1
117021637,Marrickville - South,NSW,1006.138725,5.0,48.0,1069.333274,8.0,1
117031329,Darlinghurst,NSW,1063.628654,8.0,80.0,1154.52543,10.0,1
117031330,Erskineville - Alexandria,NSW,1103.204478,10.0,97.0,1179.247579,10.0,1
117031331,Glebe - Forest Lodge,NSW,1022.161853,6.0,55.0,1109.997985,9.0,1
117031333,Potts Point - Woolloomooloo,NSW,1050.486652,8.0,72.0,1134.260043,10.0,1
117031336,Surry Hills,NSW,1034.189503,7.0,62.0,1137.907257,10.0,1
117031638,Camperdown - Darlington,NSW,1087.076322,10.0,91.0,1164.462938,10.0,1
117031639,Chippendale,NSW,1013.213999,6.0,51.0,1127.996755,10.0,1
117031640,Newtown (NSW),NSW,1065.392459,9.0,81.0,1143.127317,10.0,1
117031641,Pyrmont,NSW,1041.603858,7.0,67.0,1127.567478,10.0,1
117031642,Redfern,NSW,981.0106759,4.0,35.0,1080.091282,9.0,1
117031643,Rosebery - Beaconsfield,NSW,1082.408924,9.0,89.0,1141.909397,10.0,1
117031644,Sydney (North) - Millers Point,NSW,1063.426816,8.0,80.0,1166.024957,10.0,1
117031645,Sydney (South) - Haymarket,NSW,936.5338145,2.0,17.0,1083.099707,9.0,1
117031646,Ultimo,NSW,959.8748298,3.0,25.0,1073.791913,8.0,1
117031647,Waterloo,NSW,969.0973043,3.0,30.0,1074.494625,9.0,1
117031648,Zetland,NSW,1071.254405,9.0,84.0,1156.613577,10.0,1
118011339,Bondi - Tamarama - Bronte,NSW,1096.043505,10.0,94.0,1167.258712,10.0,1
118011340,Bondi Beach - North Bondi,NSW,1094.764109,10.0,94.0,1170.361187,10.0,1
118011341,Bondi Junction - Waverly,NSW,1081.029189,9.0,88.0,1151.947759,10.0,1
118011344,Dover Heights,NSW,1098.593681,10.0,95.0,1160.54266,10.0,1
118011345,Paddington - Moore Park,NSW,1099.607701,10.0,96.0,1172.917626,10.0,1
118011346,Rose Bay - Vaucluse - Watsons Ba,NSW,1114.426497,10.0,99.0,1174.997066,10.0,1
118011347,Woollahra,NSW,1105.887454,10.0,98.0,1176.445206,10.0,1
118011649,Bellevue Hill,NSW,1117.11363,10.0,99.0,1179.165308,10.0,1
118011650,Double Bay - Darling Point,NSW,1101.786215,10.0,96.0,1168.753803,10.0,1
118021564,Kensington (NSW),NSW,1071.416614,9.0,84.0,1121.914845,10.0,1
118021565,Kingsford,NSW,1032.056285,7.0,61.0,1089.164065,9.0,1
118021566,Maroubra - North,NSW,1082.515252,9.0,89.0,1126.746646,10.0,1
118021567,Maroubra - South,NSW,989.2670345,4.0,39.0,1052.726658,8.0,1
118021568,Maroubra - West,NSW,1050.67606,8.0,73.0,1096.151217,9.0,1
118021569,Randwick - North,NSW,1091.063396,10.0,93.0,1149.91204,10.0,1
118021570,Randwick - South,NSW,1087.32755,10.0,91.0,1147.77487,10.0,1
118021651,Coogee - Clovelly,NSW,1114.349791,10.0,99.0,1178.081838,10.0,1
118021652,Malabar - La Perouse,NSW,1040.680137,7.0,66.0,1079.918118,9.0,1
118021653,Matraville - Chifley,NSW,1018.971331,6.0,54.0,1049.996765,8.0,1
118021654,South Coogee,NSW,993.3504623,5.0,41.0,1065.231999,8.0,1
119011354,Bass Hill - Georges Hall,NSW,887.4091041,1.0,8.0,933.9701588,3.0,1
119011355,Chullora,NSW,1005.92564,5.0,48.0,1069.919966,8.0,1
119011356,Condell Park,NSW,908.451867,2.0,12.0,959.7220352,4.0,1
119011358,Padstow,NSW,1004.318764,5.0,47.0,1028.338309,7.0,1
119011360,Revesby,NSW,979.5329276,4.0,34.0,1012.356091,6.0,1
119011361,Yagoona - Birrong,NSW,876.842308,1.0,7.0,929.8275436,3.0,1
119011571,Bankstown - North,NSW,853.6818003,1.0,5.0,917.3367085,2.0,1
119011572,Bankstown - South,NSW,842.6596338,1.0,4.0,910.2388465,2.0,1
119011655,Greenacre - North,NSW,895.2273616,1.0,10.0,948.6475831,3.0,1
119011656,Greenacre - South,NSW,888.8100494,1.0,9.0,947.8047383,3.0,1
119011657,Panania (North) - Milperra,NSW,1020.746286,6.0,55.0,1035.383702,7.0,1
119011658,Panania (South) - Picnic Point,NSW,1039.089525,7.0,65.0,1057.949997,8.0,1
119021362,Belmore - Belfield,NSW,933.4882931,2.0,17.0,976.1901653,5.0,1
119021366,Punchbowl,NSW,846.949123,1.0,4.0,909.2205046,2.0,1
119021367,Roselands,NSW,970.1459837,3.0,30.0,998.9056233,6.0,1
119021573,Lakemba,NSW,809.5614346,1.0,3.0,877.3629063,1.0,1
119021574,Wiley Park,NSW,846.44435,1.0,4.0,897.3946891,2.0,1
119021659,Campsie - North,NSW,883.4437543,1.0,8.0,952.863668,4.0,1
119021660,Campsie - South,NSW,842.8543512,1.0,4.0,920.9085727,2.0,1
119021661,Canterbury - South,NSW,976.7483607,4.0,32.0,1019.142568,6.0,1
119021662,Earlwood,NSW,1036.605137,7.0,64.0,1071.610122,8.0,1
119021663,Kingsgrove - North,NSW,992.3648425,5.0,41.0,1026.409922,7.0,1
119031370,Narwee - Beverly Hills,NSW,963.5245946,3.0,27.0,1007.248689,6.0,1
119031371,Oatley - Hurstville Grove,NSW,1082.747747,9.0,89.0,1110.136353,9.0,1
119031372,Peakhurst - Lugarno,NSW,1043.375052,7.0,68.0,1063.171575,8.0,1
119031373,Riverwood,NSW,855.8142581,1.0,5.0,921.8286522,2.0,1
119031374,South Hurstville - Blakehurst,NSW,1010.751041,5.0,50.0,1056.991671,8.0,1
119031664,Hurstville - Central,NSW,930.8522005,2.0,16.0,1001.214043,6.0,1
119031665,Hurstville - North,NSW,979.3510293,4.0,34.0,1027.795413,7.0,1
119031666,Mortdale - Oatley,NSW,1061.458543,8.0,79.0,1084.252399,9.0,1
119031667,Penshurst,NSW,987.1997563,4.0,38.0,1013.966591,6.0,1
119041377,Kingsgrove (South) - Bardwell Pa,NSW,1014.122575,6.0,52.0,1055.198054,8.0,1
119041378,Kogarah,NSW,1005.148461,5.0,47.0,1045.249012,7.0,1
119041379,Kogarah Bay - Carlton - Allawah,NSW,1008.950055,5.0,49.0,1038.415173,7.0,1
119041380,Monterey - Brighton-le-Sands - K,NSW,1004.818757,5.0,47.0,1031.843929,7.0,1
119041381,Rockdale - Banksia,NSW,974.042772,4.0,31.0,1013.064589,6.0,1
119041382,Sans Souci - Ramsgate,NSW,1029.970792,6.0,59.0,1049.00477,8.0,1
119041668,Arncliffe - Bardwell Valley,NSW,984.0702217,4.0,36.0,1034.312634,7.0,1
119041669,Bexley - North,NSW,995.8743878,5.0,43.0,1027.356017,7.0,1
119041670,Bexley - South,NSW,980.2116845,4.0,34.0,1012.05721,6.0,1
119041671,Wolli Creek,NSW,1040.582956,7.0,66.0,1114.604334,10.0,1
120011383,Concord - Mortlake - Cabarita,NSW,1071.111784,9.0,84.0,1112.518185,10.0,1
120011385,Drummoyne - Rodd Point,NSW,1090.37295,10.0,93.0,1139.479995,10.0,1
120011386,Five Dock - Abbotsford,NSW,1062.039217,8.0,79.0,1109.515795,9.0,1
120011672,Concord West - North Strathfield,NSW,1061.155757,8.0,79.0,1098.264184,9.0,1
120011673,Rhodes,NSW,1056.523186,8.0,76.0,1133.825613,10.0,1
120021387,Balmain,NSW,1089.07642,10.0,92.0,1160.877591,10.0,1
120021389,Lilyfield - Rozelle,NSW,1087.517951,10.0,91.0,1155.26024,10.0,1
120021674,Annandale (NSW),NSW,1095.519259,10.0,94.0,1158.951723,10.0,1
120021675,Leichhardt,NSW,1075.933955,9.0,86.0,1143.117594,10.0,1
120031392,Canterbury (North) - Ashbury,NSW,1033.8053,7.0,62.0,1077.117174,9.0,1
120031393,Croydon Park - Enfield,NSW,1017.589605,6.0,53.0,1055.791954,8.0,1
120031394,Dulwich Hill - Lewisham,NSW,1050.854798,8.0,73.0,1105.692916,9.0,1
120031395,Haberfield - Summer Hill,NSW,1073.465493,9.0,85.0,1123.717527,10.0,1
120031396,Homebush,NSW,997.7873294,5.0,44.0,1047.902009,8.0,1
120031576,Strathfield South,NSW,1036.259901,7.0,64.0,1068.670404,8.0,1
120031676,Ashfield - North,NSW,1006.194105,5.0,48.0,1051.666652,8.0,1
120031677,Ashfield - South,NSW,1009.269023,5.0,49.0,1066.835998,8.0,1
120031678,Burwood (NSW),NSW,940.3047824,2.0,18.0,1038.302102,7.0,1
120031679,Croydon,NSW,1015.34233,6.0,52.0,1069.475023,8.0,1
120031680,Strathfield - East,NSW,978.6346588,4.0,34.0,1063.166567,8.0,1
120031681,Strathfield - West,NSW,1079.724687,9.0,88.0,1131.029851,10.0,1
121011399,Chatswood (West) - Lane Cove Nor,NSW,1081.600077,9.0,89.0,1136.977627,10.0,1
121011401,St Leonards - Naremburn,NSW,1090.425988,10.0,93.0,1170.269961,10.0,1
121011682,Artarmon,NSW,1061.51998,8.0,79.0,1126.78683,10.0,1
121011683,Castle Cove - Northbridge,NSW,1123.928036,10.0,100.0,1184.48293,10.0,1
121011684,Chatswood - East,NSW,1029.018069,6.0,59.0,1111.074286,9.0,1
121011685,Greenwich - Riverview,NSW,1128.100894,10.0,100.0,1187.99802,10.0,1
121011686,Lane Cove,NSW,1097.637439,10.0,95.0,1154.746491,10.0,1
121011687,Willoughby,NSW,1089.538846,10.0,92.0,1146.567718,10.0,1
121021403,Asquith - Mount Colah,NSW,1084.728143,9.0,90.0,1106.664678,9.0,1
121021404,Berowra - Brooklyn - Cowan,NSW,1099.779611,10.0,96.0,1107.165467,9.0,1
121021406,Normanhurst - Thornleigh - Westl,NSW,1094.061615,10.0,94.0,1134.243071,10.0,1
121021577,Hornsby - East,NSW,1002.454332,5.0,46.0,1040.968625,7.0,1
121021578,Hornsby - West,NSW,1067.573624,9.0,82.0,1101.996289,9.0,1
121021579,Wahroonga (West) - Waitara,NSW,1046.486719,7.0,69.0,1095.129178,9.0,1
121031407,Gordon - Killara,NSW,1089.948344,10.0,92.0,1149.832783,10.0,1
121031408,Lindfield - Roseville,NSW,1108.914719,10.0,98.0,1168.875344,10.0,1
121031409,Pymble,NSW,1116.40948,10.0,99.0,1176.878766,10.0,1
121031410,St Ives,NSW,1109.105636,10.0,98.0,1162.322462,10.0,1
121031411,Turramurra,NSW,1112.476143,10.0,99.0,1163.315331,10.0,1
121031412,Wahroonga (East) - Warrawee,NSW,1116.26956,10.0,99.0,1171.353008,10.0,1
121041413,Cremorne - Cammeray,NSW,1101.557975,10.0,96.0,1164.491351,10.0,1
121041414,Crows Nest - Waverton,NSW,1105.01852,10.0,97.0,1167.009725,10.0,1
121041416,Neutral Bay - Kirribilli,NSW,1082.507717,9.0,89.0,1150.440479,10.0,1
121041417,North Sydney - Lavender Bay,NSW,1093.242996,10.0,93.0,1173.93748,10.0,1
121041688,Mosman - North,NSW,1107.131006,10.0,98.0,1164.310281,10.0,1
121041689,Mosman - South,NSW,1111.80904,10.0,99.0,1173.326325,10.0,1
122011418,Balgowlah - Clontarf - Seaforth,NSW,1114.089743,10.0,99.0,1171.592665,10.0,1
122011419,Manly - Fairlight,NSW,1104.501299,10.0,97.0,1169.505746,10.0,1
122021420,Avalon - Palm Beach,NSW,1102.040359,10.0,96.0,1127.18875,10.0,1
122021421,Bayview - Elanora Heights,NSW,1097.785493,10.0,95.0,1124.487756,10.0,1
122021422,Newport - Bilgola,NSW,1103.799944,10.0,97.0,1131.368788,10.0,1
122021690,Mona Vale - Warriewood (North),NSW,1084.867063,9.0,90.0,1104.55467,9.0,1
122021691,North Narrabeen - Warriewood (So,NSW,1082.96945,9.0,89.0,1108.169192,9.0,1
122031424,Beacon Hill - Narraweena,NSW,1050.537283,8.0,72.0,1082.944793,9.0,1
122031425,Cromer,NSW,1082.417556,9.0,89.0,1103.337623,9.0,1
122031427,Forestville - Killarney Heights,NSW,1095.431613,10.0,94.0,1135.419955,10.0,1
122031429,Freshwater - Brookvale,NSW,1097.023905,10.0,95.0,1141.362077,10.0,1
122031430,Manly Vale - Allambie Heights,NSW,1090.303102,10.0,92.0,1133.42015,10.0,1
122031432,Terrey Hills - Duffys Forest,NSW,1105.677315,10.0,97.0,1122.613681,10.0,1
122031692,Belrose,NSW,1098.014823,10.0,95.0,1132.044615,10.0,1
122031693,Collaroy - Collaroy Plateau,NSW,1091.414597,10.0,93.0,1119.042033,10.0,1
122031694,Dee Why (South) - North Curl Cur,NSW,1081.658859,9.0,89.0,1119.487959,10.0,1
122031695,Dee Why - North,NSW,1025.401103,6.0,57.0,1063.041838,8.0,1
122031696,Frenchs Forest - Oxford Falls,NSW,1111.712017,10.0,99.0,1147.440365,10.0,1
122031697,Narrabeen - Wheeler Heights,NSW,1058.587932,8.0,77.0,1078.523405,9.0,1
123011433,Camden - Ellis Lane,NSW,1040.8065,7.0,66.0,1028.428522,7.0,1
123011698,Currans Hill,NSW,1020.500785,6.0,54.0,1006.548368,6.0,1
123011699,Elderslie - Narellan,NSW,1037.585248,7.0,64.0,1037.370088,7.0,1
123011700,Harrington Park,NSW,1077.721876,9.0,87.0,1088.196,9.0,1
123011701,Mount Annan,NSW,1040.445762,7.0,66.0,1026.35957,7.0,1
123011702,Spring Farm,NSW,1057.790887,8.0,77.0,1051.479552,8.0,1
123021436,Bradbury - Wedderburn,NSW,905.8480875,2.0,11.0,907.1675931,2.0,1
123021437,Campbelltown - Woodbine,NSW,953.2070311,3.0,23.0,961.4116302,4.0,1
123021438,Claymore - Eagle Vale - Raby,NSW,938.7588052,2.0,18.0,931.4598366,3.0,1
123021441,Leumeah - Minto Heights,NSW,956.956905,3.0,24.0,942.6557576,3.0,1
123021443,Minto - St Andrews,NSW,940.9790048,2.0,19.0,942.4038298,3.0,1
123021444,Rosemeadow - Glen Alpine,NSW,934.1563559,2.0,17.0,932.7644611,3.0,1
123021703,Denham Court - Bardia,NSW,1056.370371,8.0,76.0,1090.011889,9.0,1
123021704,Glenfield,NSW,1008.108444,5.0,49.0,1018.330451,6.0,1
123021705,Ingleburn,NSW,963.7993471,3.0,27.0,966.525644,4.0,1
123021706,Macquarie Fields,NSW,866.0726666,1.0,6.0,883.7906784,1.0,1
123031445,Bargo,NSW,1010.822385,5.0,50.0,977.4970674,5.0,1
123031446,Douglas Park - Appin,NSW,1073.662451,9.0,85.0,1059.607466,8.0,1
123031447,Picton - Tahmoor - Buxton,NSW,1016.014256,6.0,53.0,991.2634239,5.0,1
123031448,The Oaks - Oakdale,NSW,1054.229047,8.0,75.0,1033.372678,7.0,1
124011449,Blackheath - Megalong Valley,NSW,1016.155635,6.0,53.0,1009.504932,6.0,1
124011450,Blaxland - Warrimoo - Lapstone,NSW,1080.512912,9.0,88.0,1080.158733,9.0,1
124011452,Katoomba - Leura,NSW,992.6493378,5.0,41.0,996.8311188,6.0,1
124011453,Lawson - Hazelbrook - Linden,NSW,1036.545816,7.0,64.0,1021.762231,7.0,1
124011454,Springwood - Winmalee,NSW,1069.790947,9.0,83.0,1056.308689,8.0,1
124011455,Wentworth Falls,NSW,1043.32628,7.0,68.0,1036.337353,7.0,1
124031457,Cambridge Park,NSW,981.310352,4.0,35.0,950.9882556,4.0,1
124031459,Emu Plains - Leonay,NSW,1049.210852,8.0,72.0,1033.211632,7.0,1
124031460,Glenmore Park - Regentville,NSW,1053.781524,8.0,75.0,1043.714056,7.0,1
124031461,Jamisontown - South Penrith,NSW,997.9401431,5.0,44.0,972.3686024,4.0,1
124031462,Kingswood - Werrington,NSW,963.7426263,3.0,27.0,967.1567274,4.0,1
124031463,Mulgoa - Luddenham - Orchard Hil,NSW,1064.682507,9.0,81.0,1071.413902,8.0,1
124031464,Penrith,NSW,933.7283385,2.0,17.0,938.7045257,3.0,1
124031465,Warragamba - Silverdale,NSW,1047.719611,7.0,70.0,1024.174257,7.0,1
124031707,Cranebrook - Castlereagh,NSW,996.3696788,5.0,43.0,978.4953414,5.0,1
124031708,Jordan Springs - Llandilo,NSW,1049.196258,8.0,72.0,1061.276991,8.0,1
124041466,Richmond - Clarendon,NSW,996.0802651,5.0,43.0,981.3733401,5.0,1
124041467,Windsor - Bligh Park,NSW,973.080147,4.0,31.0,955.1055468,4.0,1
124041468,Yarramundi - Londonderry,NSW,1012.766165,6.0,51.0,993.7415452,5.0,1
124051469,Erskine Park,NSW,1030.250264,6.0,60.0,1008.366846,6.0,1
124051470,St Clair,NSW,999.254091,5.0,44.0,975.5853033,5.0,1
124051580,Colyton - Oxley Park,NSW,919.2809155,2.0,14.0,909.4090979,2.0,1
124051581,St Marys - North St Marys,NSW,894.5930842,1.0,9.0,891.7635198,1.0,1
125011582,Auburn - Central,NSW,803.5515985,1.0,3.0,905.1899944,2.0,1
125011583,Auburn - North,NSW,798.5617117,1.0,3.0,893.8958524,2.0,1
125011584,Auburn - South,NSW,852.8543964,1.0,5.0,930.4135209,3.0,1
125011585,Berala,NSW,874.9195631,1.0,7.0,939.8825803,3.0,1
125011586,Lidcombe,NSW,943.459015,2.0,19.0,1013.795325,6.0,1
125011587,Regents Park,NSW,867.8711903,1.0,6.0,928.5067275,3.0,1
125011709,Silverwater - Newington,NSW,1050.471645,8.0,72.0,1096.125599,9.0,1
125011710,Wentworth Point - Sydney Olympic,NSW,1050.600074,8.0,73.0,1108.356126,9.0,1
125021477,Ermington - Rydalmere,NSW,1007.926055,5.0,48.0,1044.723644,7.0,1
125021478,Oatlands - Dundas Valley,NSW,1004.288886,5.0,47.0,1048.994212,8.0,1
125021711,Carlingford - East,NSW,1062.565395,8.0,79.0,1100.452596,9.0,1
125021712,Carlingford - West,NSW,1043.257014,7.0,68.0,1084.46102,9.0,1
125031479,Chester Hill - Sefton,NSW,855.4949867,1.0,5.0,918.2628955,2.0,1
125031480,Fairfield - East,NSW,784.9998166,1.0,2.0,861.2722565,1.0,1
125031481,Granville - Clyde,NSW,866.6596652,1.0,6.0,932.3064385,3.0,1
125031483,Guildford - South Granville,NSW,800.5113039,1.0,3.0,879.5646491,1.0,1
125031484,Guildford West - Merrylands West,NSW,876.2560687,1.0,7.0,929.6058121,3.0,1
125031713,Greystanes - South,NSW,1008.642113,5.0,49.0,1013.213959,6.0,1
125031714,Merrylands - Holroyd,NSW,884.491632,1.0,8.0,941.7250613,3.0,1
125031715,Pemulwuy - Greystanes (North),NSW,1047.435151,7.0,70.0,1066.527076,8.0,1
125031716,South Wentworthville,NSW,956.5093688,3.0,24.0,990.0405528,5.0,1
125041489,North Parramatta,NSW,1006.88427,5.0,48.0,1043.493446,7.0,1
125041490,North Rocks,NSW,1092.476575,10.0,93.0,1120.125743,10.0,1
125041491,Northmead,NSW,1036.8369,7.0,64.0,1061.38783,8.0,1
125041493,Toongabbie - Constitution Hill,NSW,1019.923648,6.0,54.0,1036.30862,7.0,1
125041494,Winston Hills,NSW,1082.795053,9.0,89.0,1098.38718,9.0,1
125041588,Pendle Hill - Girraween,NSW,995.9219431,5.0,43.0,1025.815715,7.0,1
125041589,Wentworthville - Westmead,NSW,1004.371477,5.0,47.0,1039.707752,7.0,1
125041717,Parramatta - North,NSW,1018.405036,6.0,53.0,1087.242084,9.0,1
125041718,Parramatta - South,NSW,961.7752531,3.0,26.0,1016.779684,6.0,1
125041719,Rosehill - Harris Park,NSW,963.2874851,3.0,27.0,996.5302967,5.0,1
126011496,Pennant Hills - Cheltenham,NSW,1102.646475,10.0,97.0,1145.78153,10.0,1
126011720,Epping (East) - North Epping,NSW,1080.767737,9.0,88.0,1131.170078,10.0,1
126011721,Epping (NSW) - West,NSW,1060.586351,8.0,78.0,1115.140563,10.0,1
126021498,Gladesville - Huntleys Point,NSW,1086.304132,10.0,91.0,1130.763532,10.0,1
126021499,Hunters Hill - Woolwich,NSW,1110.603558,10.0,98.0,1164.585479,10.0,1
126021500,Macquarie Park - Marsfield,NSW,1043.246895,7.0,68.0,1090.020146,9.0,1
126021501,North Ryde - East Ryde,NSW,1076.111041,9.0,86.0,1121.402056,10.0,1
126021503,West Ryde - Meadowbank,NSW,1048.734572,8.0,71.0,1089.669946,9.0,1
126021590,Putney,NSW,1112.931065,10.0,99.0,1151.821706,10.0,1
126021722,Denistone,NSW,1086.693188,10.0,91.0,1122.703654,10.0,1
126021723,Eastwood,NSW,1027.810091,6.0,58.0,1083.950841,9.0,1
126021724,Ryde - North,NSW,1037.063674,7.0,64.0,1071.946311,8.0,1
126021725,Ryde - South,NSW,1058.785172,8.0,77.0,1107.191494,9.0,1
127011504,Ashcroft - Busby - Miller,NSW,704.860307,1.0,2.0,777.7030965,1.0,1
127011505,Austral - Greendale,NSW,995.3348074,5.0,42.0,1008.780851,6.0,1
127011592,Badgerys Creek,NSW,1095.437603,10.0,94.0,1072.028199,8.0,1
127011593,Cecil Hills,NSW,990.7102255,4.0,40.0,1022.1726,7.0,1
127011594,Green Valley,NSW,884.2589877,1.0,8.0,925.3212007,2.0,1
127011595,Hinchinbrook,NSW,945.2336453,2.0,20.0,975.9086346,5.0,1
127011596,Hoxton Park - Carnes Hill - Horn,NSW,977.0710606,4.0,33.0,1006.399958,6.0,1
127011597,West Hoxton - Middleton Grange,NSW,1002.61955,5.0,46.0,1032.535042,7.0,1
127011726,Cobbitty - Bringelly,NSW,1065.020866,9.0,81.0,1071.317439,8.0,1
127011727,Gledswood Hills - Gregory Hills,NSW,1060.390546,8.0,78.0,1084.52439,9.0,1
127011728,Leppington - Catherine Field,NSW,1035.162877,7.0,63.0,1054.825907,8.0,1
127011729,Oran Park,NSW,1035.124899,7.0,63.0,1061.545938,8.0,1
127021509,Bonnyrigg Heights - Bonnyrigg,NSW,842.6447939,1.0,4.0,901.5226011,2.0,1
127021510,Bossley Park - Abbotsbury,NSW,921.954115,2.0,14.0,961.4057121,4.0,1
127021511,Cabramatta - Lansvale,NSW,737.0610584,1.0,2.0,832.2516428,1.0,1
127021512,Cabramatta West - Mount Pritchar,NSW,815.2021225,1.0,3.0,877.6003701,1.0,1
127021513,Canley Vale - Canley Heights,NSW,777.5249244,1.0,2.0,863.5987049,1.0,1
127021514,Edensor Park,NSW,898.2771722,1.0,10.0,941.9714869,3.0,1
127021515,Fairfield,NSW,721.4633053,1.0,2.0,828.4619401,1.0,1
127021516,Fairfield - West,NSW,784.9044444,1.0,2.0,867.7396705,1.0,1
127021517,Greenfield Park - Prairiewood,NSW,849.1887526,1.0,5.0,910.9434177,2.0,1
127021518,Horsley Park - Kemps Creek,NSW,1028.459116,6.0,59.0,1035.86185,7.0,1
127021519,Smithfield - Wetherill Park,NSW,836.7432466,1.0,4.0,894.0403366,2.0,1
127021520,St Johns Park - Wakeley,NSW,873.6653442,1.0,7.0,926.495614,3.0,1
127031522,Casula,NSW,936.4672436,2.0,17.0,969.1385535,4.0,1
127031523,Chipping Norton - Moorebank,NSW,1018.889516,6.0,54.0,1036.029586,7.0,1
127031524,Holsworthy - Wattle Grove,NSW,1063.961293,8.0,80.0,1067.891023,8.0,1
127031599,Lurnea - Cartwright,NSW,770.1721283,1.0,2.0,835.4585972,1.0,1
127031601,Warwick Farm,NSW,803.0910477,1.0,3.0,862.1182067,1.0,1
127031730,Edmondson Park,NSW,1047.499205,7.0,70.0,1095.020892,9.0,1
127031731,Liverpool - East,NSW,849.1048436,1.0,5.0,905.0778715,2.0,1
127031732,Liverpool - West,NSW,794.6182741,1.0,3.0,867.0836355,1.0,1
127031733,Prestons,NSW,994.703765,5.0,42.0,1017.193993,6.0,1
128011529,Gymea - Grays Point,NSW,1092.783567,10.0,93.0,1106.995423,9.0,1
128011530,Miranda - Yowie Bay,NSW,1046.285312,7.0,69.0,1060.903082,8.0,1
128011531,Sylvania - Taren Point,NSW,1065.379646,9.0,81.0,1076.949733,9.0,1
128011602,Caringbah,NSW,1041.747521,7.0,67.0,1053.717661,8.0,1
128011603,Caringbah South,NSW,1104.199846,10.0,97.0,1123.775893,10.0,1
128011604,Cronulla - Kurnell - Bundeena,NSW,1076.752841,9.0,86.0,1087.979232,9.0,1
128011605,Lilli Pilli - Port Hacking - Dol,NSW,1125.721258,10.0,100.0,1161.904073,10.0,1
128011606,Woolooware - Burraneer,NSW,1107.566586,10.0,98.0,1128.851814,10.0,1
128021533,Heathcote - Waterfall,NSW,1073.600786,9.0,85.0,1060.149106,8.0,1
128021534,Illawong - Alfords Point,NSW,1094.404445,10.0,94.0,1108.661749,9.0,1
128021535,Menai - Lucas Heights - Woronora,NSW,1089.987737,10.0,92.0,1098.744478,9.0,1
128021536,Oyster Bay - Como - Jannali,NSW,1098.001511,10.0,95.0,1122.109765,10.0,1
128021538,Sutherland - Kirrawee,NSW,1049.182373,8.0,72.0,1060.448657,8.0,1
128021607,Engadine,NSW,1081.149969,9.0,88.0,1070.646277,8.0,1
128021608,Loftus - Yarrawarrah,NSW,1096.909644,10.0,95.0,1095.061333,9.0,1
128021609,Woronora Heights,NSW,1117.125789,10.0,99.0,1124.142425,10.0,1
201011001,Alfredton,VIC,1034.724179,7.0,63.0,1010.853057,6.0,2
201011002,Ballarat,VIC,1042.069038,7.0,67.0,1039.898687,7.0,2
201011005,Buninyong,VIC,1068.115125,9.0,82.0,1040.471513,7.0,2
201011006,Delacombe,VIC,982.1979459,4.0,35.0,946.6715299,3.0,2
201011007,Smythes Creek,VIC,1055.321613,8.0,76.0,1004.772211,6.0,2
201011008,Wendouree - Miners Rest,VIC,910.4242575,2.0,12.0,886.275336,1.0,2
201011481,Ballarat East - Warrenheip,VIC,958.725393,3.0,25.0,940.1035727,3.0,2
201011482,Ballarat North - Invermay,VIC,1034.273066,7.0,62.0,1014.682006,6.0,2
201011483,Canadian - Mount Clear,VIC,979.6761549,4.0,34.0,963.0631877,4.0,2
201011484,Sebastopol - Redan,VIC,881.0807177,1.0,8.0,860.5844506,1.0,2
201021009,Bacchus Marsh Surrounds,VIC,1022.058595,6.0,55.0,987.8611687,5.0,2
201021010,Creswick - Clunes,VIC,985.5240483,4.0,37.0,955.121678,4.0,2
201021011,Daylesford,VIC,1027.855275,6.0,58.0,1010.686629,6.0,2
201021012,Gordon (Vic.),VIC,1036.546819,7.0,64.0,1001.359164,6.0,2
201031013,Avoca,VIC,946.5651034,2.0,20.0,918.1866573,2.0,2
201031014,Beaufort,VIC,969.1237593,3.0,30.0,939.416404,3.0,2
201031015,Golden Plains - North,VIC,997.0173714,5.0,43.0,954.6662909,4.0,2
201031016,Maryborough (Vic.),VIC,879.0319869,1.0,7.0,854.3126423,1.0,2
201031017,Maryborough Surrounds,VIC,924.6902376,2.0,15.0,886.0925839,1.0,2
202011018,Bendigo,VIC,918.8578536,2.0,13.0,917.5876096,2.0,2
202011019,California Gully - Eaglehawk,VIC,911.877959,2.0,12.0,887.5139834,1.0,2
202011020,East Bendigo - Kennington,VIC,1002.274619,5.0,46.0,986.486401,5.0,2
202011021,Flora Hill - Spring Gully,VIC,993.3515206,5.0,41.0,980.540213,5.0,2
202011022,Kangaroo Flat - Golden Square,VIC,951.6009899,3.0,22.0,920.7503375,2.0,2
202011023,Maiden Gully,VIC,1071.784851,9.0,84.0,1024.217347,7.0,2
202011024,Strathfieldsaye,VIC,1078.56497,9.0,87.0,1049.756213,8.0,2
202011025,White Hills - Ascot,VIC,996.8129458,5.0,43.0,961.3495476,4.0,2
202021026,Bendigo Surrounds - South,VIC,1068.322149,9.0,82.0,1024.613951,7.0,2
202021027,Castlemaine,VIC,997.9139565,5.0,44.0,984.3956667,5.0,2
202021028,Castlemaine Surrounds,VIC,1021.276018,6.0,55.0,991.6628176,5.0,2
202021029,Heathcote,VIC,964.6306177,3.0,27.0,932.1261662,3.0,2
202021030,Kyneton,VIC,1036.066981,7.0,63.0,1018.551695,6.0,2
202021031,Woodend,VIC,1065.173343,9.0,81.0,1064.126226,8.0,2
202031032,Bendigo Surrounds - North,VIC,995.1012165,5.0,42.0,952.4541832,4.0,2
202031033,Loddon,VIC,947.1096165,3.0,21.0,924.7729118,2.0,2
203011034,Bannockburn,VIC,1055.124031,8.0,75.0,1013.925144,6.0,2
203011035,Golden Plains - South,VIC,1043.310385,7.0,68.0,1002.14548,6.0,2
203011036,Winchelsea,VIC,1054.023134,8.0,75.0,1025.719681,7.0,2
203021037,Belmont,VIC,1013.744596,6.0,51.0,995.2378865,5.0,2
203021039,Geelong,VIC,1016.317519,6.0,53.0,1014.205833,6.0,2
203021040,Geelong West - Hamlyn Heights,VIC,1032.798293,7.0,61.0,1022.381816,7.0,2
203021042,Highton,VIC,1077.423858,9.0,87.0,1069.858943,8.0,2
203021043,Lara,VIC,1026.60442,6.0,57.0,993.8186843,5.0,2
203021044,Leopold,VIC,1025.567899,6.0,57.0,982.6745151,5.0,2
203021045,Newcomb - Moolap,VIC,919.8791829,2.0,14.0,890.5601456,1.0,2
203021046,Newtown (Vic.),VIC,1072.697412,9.0,85.0,1081.265616,9.0,2
203021047,North Geelong - Bell Park,VIC,971.1303001,4.0,31.0,955.6139621,4.0,2
203021485,Charlemont,VIC,1050.146417,8.0,72.0,1021.443157,6.0,2
203021486,Corio - Lovely Banks,VIC,848.5578737,1.0,5.0,848.5632699,1.0,2
203021487,Grovedale - Mount Duneed,VIC,1031.115896,6.0,60.0,1002.915277,6.0,2
203021488,Norlane,VIC,764.2564954,1.0,2.0,787.6768903,1.0,2
203031048,Clifton Springs,VIC,1013.845111,6.0,52.0,974.4905936,5.0,2
203031049,Lorne - Anglesea,VIC,1078.331438,9.0,87.0,1064.802649,8.0,2
203031051,Portarlington,VIC,1001.001291,5.0,45.0,971.6667075,4.0,2
203031052,Point Lonsdale - Queenscliff,VIC,1080.253677,9.0,88.0,1063.928002,8.0,2
203031053,Torquay,VIC,1096.847321,10.0,95.0,1092.207794,9.0,2
203031489,Barwon Heads - Armstrong Creek,VIC,1075.403948,9.0,86.0,1063.606608,8.0,2
203031490,Ocean Grove,VIC,1073.708848,9.0,85.0,1054.581768,8.0,2
204011054,Alexandra,VIC,989.3712057,4.0,39.0,952.753785,4.0,2
204011055,Euroa,VIC,978.271778,4.0,33.0,951.4809861,4.0,2
204011056,Kilmore - Broadford,VIC,1001.764604,5.0,45.0,965.5851436,4.0,2
204011057,Mansfield (Vic.),VIC,1027.553871,6.0,58.0,989.8886033,5.0,2
204011058,Nagambie,VIC,988.2670639,4.0,38.0,959.0588792,4.0,2
204011059,Seymour,VIC,901.6619104,1.0,10.0,883.5315207,1.0,2
204011060,Seymour Surrounds,VIC,1046.078702,7.0,69.0,1010.049163,6.0,2
204011061,Upper Yarra Valley,VIC,915.9536661,2.0,13.0,893.1276233,2.0,2
204011062,Yea,VIC,995.3334561,5.0,42.0,968.8824473,4.0,2
204021063,Benalla,VIC,950.4355162,3.0,22.0,921.8295863,2.0,2
204021064,Benalla Surrounds,VIC,1020.717773,6.0,55.0,986.3382783,5.0,2
204021065,Rutherglen,VIC,987.1036526,4.0,38.0,954.3896749,4.0,2
204021066,Wangaratta,VIC,964.1621511,3.0,27.0,935.0106376,3.0,2
204021067,Wangaratta Surrounds,VIC,1036.676101,7.0,64.0,999.6783618,6.0,2
204031068,Beechworth,VIC,1029.171007,6.0,59.0,1010.480363,6.0,2
204031069,Bright - Mount Beauty,VIC,1045.516541,7.0,69.0,1010.900579,6.0,2
204031070,Chiltern - Indigo Valley,VIC,1020.745212,6.0,55.0,969.1443628,4.0,2
204031071,Myrtleford,VIC,991.9319664,4.0,40.0,950.7080896,4.0,2
204031072,Towong,VIC,1000.349436,5.0,45.0,967.9935018,4.0,2
204031073,West Wodonga,VIC,961.2491877,3.0,26.0,930.879121,3.0,2
204031075,Yackandandah,VIC,1068.40776,9.0,83.0,1032.317063,7.0,2
204031491,Baranduda - Leneva,VIC,1054.183363,8.0,75.0,1025.05583,7.0,2
204031492,Wodonga,VIC,919.6584493,2.0,14.0,900.4868431,2.0,2
205011076,Drouin,VIC,990.1378577,4.0,39.0,952.6073417,4.0,2
205011077,Mount Baw Baw Region,VIC,1019.462189,6.0,54.0,985.1404377,5.0,2
205011078,Trafalgar (Vic.),VIC,1005.426634,5.0,47.0,967.4425529,4.0,2
205011079,Warragul,VIC,1009.513115,5.0,49.0,984.5982613,5.0,2
205021081,Bairnsdale,VIC,951.3854726,3.0,22.0,920.4514584,2.0,2
205021082,Bruthen - Omeo,VIC,1000.050405,5.0,45.0,959.7596111,4.0,2
205021084,Lakes Entrance,VIC,955.4317599,3.0,24.0,923.2499811,2.0,2
205021085,Orbost,VIC,931.8619841,2.0,16.0,911.9637868,2.0,2
205021086,Paynesville,VIC,989.0073054,4.0,39.0,949.9164029,3.0,2
205031087,Foster,VIC,1004.552227,5.0,47.0,970.5993998,4.0,2
205031088,French Island,VIC,997.4419908,5.0,43.0,998.4028595,6.0,2
205031089,Korumburra,VIC,1006.426306,5.0,48.0,966.4582334,4.0,2
205031090,Leongatha,VIC,998.4678305,5.0,44.0,962.5070871,4.0,2
205031091,Phillip Island,VIC,1005.380808,5.0,47.0,970.6076493,4.0,2
205031093,Wonthaggi - Inverloch,VIC,985.9433531,4.0,37.0,950.4748959,4.0,2
205041094,Churchill,VIC,974.3436586,4.0,32.0,941.9113001,3.0,2
205041095,Moe - Newborough,VIC,876.8906099,1.0,7.0,861.459061,1.0,2
205041096,Morwell,VIC,824.4990638,1.0,4.0,820.2773596,1.0,2
205041098,Yallourn North - Glengarry,VIC,1003.280473,5.0,46.0,950.2252198,3.0,2
205041493,Traralgon - East,VIC,950.6442931,3.0,22.0,925.6562427,3.0,2
205041494,Traralgon - West,VIC,1011.333399,5.0,50.0,977.5696271,5.0,2
205051100,Longford - Loch Sport,VIC,977.5982997,4.0,33.0,948.4035503,3.0,2
205051101,Maffra,VIC,980.4439257,4.0,34.0,939.758022,3.0,2
205051102,Rosedale,VIC,991.0019614,4.0,40.0,953.9736264,4.0,2
205051103,Sale,VIC,969.9550561,3.0,30.0,950.3163909,3.0,2
205051104,Yarram,VIC,945.1231703,2.0,20.0,917.1148926,2.0,2
206011106,Brunswick East,VIC,1075.855671,9.0,86.0,1116.571164,10.0,2
206011107,Brunswick West,VIC,1046.854086,7.0,70.0,1073.290961,8.0,2
206011109,Pascoe Vale South,VIC,1069.111952,9.0,83.0,1076.048895,9.0,2
206011495,Brunswick - North,VIC,1054.312012,8.0,75.0,1096.722381,9.0,2
206011496,Brunswick - South,VIC,1067.952995,9.0,82.0,1115.544453,10.0,2
206011497,Coburg - East,VIC,1026.526142,6.0,57.0,1060.298392,8.0,2
206011498,Coburg - West,VIC,1041.542236,7.0,67.0,1068.173297,8.0,2
206021110,Alphington - Fairfield,VIC,1070.172346,9.0,84.0,1106.553386,9.0,2
206021112,Thornbury,VIC,1047.557059,7.0,70.0,1082.61304,9.0,2
206021499,Northcote - East,VIC,1064.408477,8.0,80.0,1112.348136,10.0,2
206021500,Northcote - West,VIC,1080.33078,9.0,88.0,1124.425282,10.0,2
206031113,Ascot Vale,VIC,1015.11708,6.0,52.0,1061.952632,8.0,2
206031115,Flemington,VIC,928.8322554,2.0,16.0,996.8158019,6.0,2
206031116,Moonee Ponds,VIC,1067.226639,9.0,82.0,1096.948468,9.0,2
206031501,Essendon (West) - Aberfeldie,VIC,1073.070064,9.0,85.0,1085.682587,9.0,2
206031502,Essendon - East,VIC,1070.653516,9.0,84.0,1091.253336,9.0,2
206041117,Carlton,VIC,961.8718414,3.0,26.0,1050.166907,8.0,2
206041118,Docklands,VIC,1043.508033,7.0,68.0,1108.790385,9.0,2
206041119,East Melbourne,VIC,1107.378731,10.0,98.0,1156.169909,10.0,2
206041120,Flemington Racecourse,VIC,1119.247992,10.0,100.0,1133.226613,10.0,2
206041121,Kensington (Vic.),VIC,1043.905895,7.0,68.0,1097.048049,9.0,2
206041124,Parkville,VIC,1055.299155,8.0,76.0,1102.169853,9.0,2
206041125,South Yarra - West,VIC,1102.807847,10.0,97.0,1146.650124,10.0,2
206041503,Melbourne CBD - East,VIC,995.2892405,5.0,42.0,1078.587909,9.0,2
206041504,Melbourne CBD - North,VIC,960.9227089,3.0,26.0,1051.410079,8.0,2
206041505,Melbourne CBD - West,VIC,993.6997709,5.0,41.0,1072.553205,8.0,2
206041506,North Melbourne,VIC,980.6817516,4.0,34.0,1055.7413,8.0,2
206041508,Southbank (West) - South Wharf,VIC,1055.400819,8.0,76.0,1111.880625,10.0,2
206041509,Southbank - East,VIC,1052.284565,8.0,74.0,1104.055357,9.0,2
206041510,West Melbourne - Residential,VIC,1045.856116,7.0,69.0,1099.228945,9.0,2
206051128,Albert Park,VIC,1084.273674,9.0,90.0,1132.190499,10.0,2
206051129,Elwood,VIC,1083.043669,9.0,90.0,1116.926238,10.0,2
206051130,Port Melbourne,VIC,1051.752335,8.0,73.0,1108.320296,9.0,2
206051134,St Kilda East,VIC,1066.215276,9.0,81.0,1100.741364,9.0,2
206051511,Port Melbourne Industrial,VIC,1083.802364,9.0,90.0,1141.407468,10.0,2
206051512,South Melbourne,VIC,1028.574206,6.0,59.0,1093.867381,9.0,2
206051513,St Kilda - Central,VIC,1047.36467,7.0,70.0,1082.763242,9.0,2
206051514,St Kilda - West,VIC,1051.681882,8.0,73.0,1090.969375,9.0,2
206061135,Armadale,VIC,1088.849208,10.0,92.0,1130.304301,10.0,2
206061136,Prahran - Windsor,VIC,1075.863969,9.0,86.0,1123.413072,10.0,2
206061138,Toorak,VIC,1104.407271,10.0,97.0,1149.721382,10.0,2
206061515,South Yarra - North,VIC,1090.427398,10.0,93.0,1142.23039,10.0,2
206061516,South Yarra - South,VIC,1030.256844,6.0,60.0,1093.940913,9.0,2
206071139,Abbotsford,VIC,1077.085689,9.0,86.0,1127.114731,10.0,2
206071140,Carlton North - Princes Hill,VIC,1086.918761,10.0,91.0,1135.455693,10.0,2
206071141,Collingwood,VIC,961.8584353,3.0,26.0,1045.124795,7.0,2
206071142,Fitzroy,VIC,978.8306873,4.0,34.0,1065.855679,8.0,2
206071143,Fitzroy North,VIC,1066.295397,9.0,81.0,1125.161684,10.0,2
206071145,Clifton Hill - Alphington,VIC,1094.355915,10.0,94.0,1143.273394,10.0,2
206071517,Richmond (South) - Cremorne,VIC,1105.849271,10.0,98.0,1157.505877,10.0,2
206071518,Richmond - North,VIC,976.8882926,4.0,33.0,1048.083664,8.0,2
207011146,Ashburton (Vic.),VIC,1081.646793,9.0,89.0,1125.857939,10.0,2
207011147,Balwyn,VIC,1063.831087,8.0,80.0,1108.842189,9.0,2
207011148,Balwyn North,VIC,1075.439172,9.0,86.0,1115.19079,10.0,2
207011149,Camberwell,VIC,1096.586184,10.0,94.0,1137.165986,10.0,2
207011150,Glen Iris - East,VIC,1116.466336,10.0,99.0,1154.928153,10.0,2
207011152,Hawthorn East,VIC,1091.299531,10.0,93.0,1131.806476,10.0,2
207011154,Kew East,VIC,1087.164618,10.0,91.0,1122.332717,10.0,2
207011155,Surrey Hills (West) - Canterbury,VIC,1102.563671,10.0,97.0,1142.502158,10.0,2
207011519,Hawthorn - North,VIC,1087.65006,10.0,91.0,1132.588814,10.0,2
207011520,Hawthorn - South,VIC,1087.425206,10.0,91.0,1124.666092,10.0,2
207011521,Kew - South,VIC,1100.029836,10.0,96.0,1143.39082,10.0,2
207011522,Kew - West,VIC,1080.938503,9.0,88.0,1125.554879,10.0,2
207021156,Bulleen,VIC,1047.254961,7.0,70.0,1061.388847,8.0,2
207021157,Doncaster,VIC,1027.430129,6.0,58.0,1056.535182,8.0,2
207021159,Templestowe,VIC,1074.214121,9.0,85.0,1093.814622,9.0,2
207021160,Templestowe Lower,VIC,1054.914594,8.0,75.0,1071.00346,8.0,2
207021424,Doncaster East - North,VIC,1058.853944,8.0,77.0,1078.977964,9.0,2
207021425,Doncaster East - South,VIC,1030.450797,6.0,60.0,1049.757957,8.0,2
207031161,Blackburn,VIC,1068.999185,9.0,83.0,1087.095856,9.0,2
207031162,Blackburn South,VIC,1054.322939,8.0,75.0,1070.929324,8.0,2
207031163,Box Hill,VIC,991.0009738,4.0,40.0,1041.129945,7.0,2
207031164,Box Hill North,VIC,1041.343586,7.0,67.0,1074.66287,9.0,2
207031165,Burwood (Vic.),VIC,1009.557361,5.0,49.0,1048.687517,8.0,2
207031166,Burwood East,VIC,1030.762513,6.0,60.0,1047.014613,8.0,2
207031167,Surrey Hills (East) - Mont Alber,VIC,1095.749409,10.0,94.0,1130.291656,10.0,2
208011168,Beaumaris,VIC,1108.397189,10.0,98.0,1133.826779,10.0,2
208011169,Brighton (Vic.),VIC,1100.743601,10.0,96.0,1145.504906,10.0,2
208011170,Brighton East,VIC,1089.867406,10.0,92.0,1133.055443,10.0,2
208011171,Highett (West) - Cheltenham,VIC,1070.683551,9.0,84.0,1098.37388,9.0,2
208011172,Hampton,VIC,1074.188169,9.0,85.0,1115.299492,10.0,2
208011173,Sandringham - Black Rock,VIC,1093.9807,10.0,94.0,1124.983588,10.0,2
208021174,Bentleigh - McKinnon,VIC,1069.137684,9.0,83.0,1101.864561,9.0,2
208021176,Carnegie,VIC,1061.976588,8.0,79.0,1086.828298,9.0,2
208021177,Caulfield - North,VIC,1085.276452,9.0,90.0,1121.634159,10.0,2
208021178,Caulfield - South,VIC,1085.871116,9.0,90.0,1119.928746,10.0,2
208021179,Elsternwick,VIC,1085.318729,9.0,90.0,1118.238168,10.0,2
208021180,Hughesdale,VIC,1050.905204,8.0,73.0,1073.015769,8.0,2
208021181,Murrumbeena,VIC,1077.272163,9.0,87.0,1098.602989,9.0,2
208021182,Ormond - Glen Huntly,VIC,1065.524777,9.0,81.0,1090.081656,9.0,2
208021426,Bentleigh East - North,VIC,1067.371455,9.0,82.0,1090.89969,9.0,2
208021427,Bentleigh East - South,VIC,1075.519861,9.0,86.0,1089.678865,9.0,2
208031183,Aspendale Gardens - Waterways,VIC,1079.533794,9.0,88.0,1079.41842,9.0,2
208031185,Carrum - Patterson Lakes,VIC,1042.978764,7.0,67.0,1032.563734,7.0,2
208031186,Chelsea - Bonbeach,VIC,1043.144851,7.0,68.0,1037.217624,7.0,2
208031187,Chelsea Heights,VIC,1047.687206,7.0,70.0,1023.722388,7.0,2
208031188,Highett (East) - Cheltenham,VIC,1046.949595,7.0,70.0,1055.189922,8.0,2
208031189,Edithvale - Aspendale,VIC,1073.466352,9.0,85.0,1076.786095,9.0,2
208031190,Mentone,VIC,1060.694497,8.0,79.0,1072.274306,8.0,2
208031191,Moorabbin - Heatherton,VIC,1047.778202,8.0,71.0,1065.619442,8.0,2
208031193,Mordialloc - Parkdale,VIC,1072.088028,9.0,84.0,1082.14155,9.0,2
208041194,Malvern - Glen Iris,VIC,1097.641343,10.0,95.0,1136.947422,10.0,2
208041195,Malvern East,VIC,1087.718941,10.0,91.0,1127.588896,10.0,2
209011196,Bundoora - East,VIC,1023.552441,6.0,56.0,1016.878996,6.0,2
209011197,Greensborough,VIC,1069.736734,9.0,83.0,1061.073469,8.0,2
209011198,Heidelberg - Rosanna,VIC,1075.343426,9.0,86.0,1089.484204,9.0,2
209011199,Heidelberg West,VIC,961.7445145,3.0,26.0,990.7123551,5.0,2
209011200,Ivanhoe,VIC,1085.470248,9.0,90.0,1115.468566,10.0,2
209011201,Ivanhoe East - Eaglemont,VIC,1117.616022,10.0,99.0,1147.223647,10.0,2
209011202,Montmorency - Briar Hill,VIC,1079.754949,9.0,88.0,1073.217266,8.0,2
209011203,Viewbank - Yallambie,VIC,1066.268801,9.0,81.0,1067.742201,8.0,2
209011204,Watsonia,VIC,1046.297617,7.0,69.0,1034.861733,7.0,2
209021205,Kingsbury,VIC,1011.573923,5.0,50.0,1032.729608,7.0,2
209021428,Preston - East,VIC,1003.524952,5.0,46.0,1031.497835,7.0,2
209021429,Preston - West,VIC,1034.295536,7.0,62.0,1056.286654,8.0,2
209021523,Reservoir - North East,VIC,973.9242317,4.0,31.0,983.0822094,5.0,2
209021524,Reservoir - North West,VIC,964.122016,3.0,27.0,964.8040145,4.0,2
209021525,Reservoir - South East,VIC,958.1040502,3.0,25.0,977.7348578,5.0,2
209021526,Reservoir - South West,VIC,1002.8235,5.0,46.0,1017.043698,6.0,2
209031209,Eltham,VIC,1097.974413,10.0,95.0,1099.317726,9.0,2
209031210,Hurstbridge,VIC,1068.054539,9.0,82.0,1048.459988,8.0,2
209031211,Kinglake,VIC,1038.969496,7.0,65.0,1002.222161,6.0,2
209031212,Panton Hill - St Andrews,VIC,1086.43613,10.0,91.0,1075.969097,9.0,2
209031213,Plenty - Yarrambat,VIC,1096.944051,10.0,95.0,1089.563726,9.0,2
209031214,Research - North Warrandyte,VIC,1106.861909,10.0,98.0,1116.330245,10.0,2
209031215,Wattle Glen - Diamond Creek,VIC,1083.570471,9.0,90.0,1069.359413,8.0,2
209041216,Bundoora - North,VIC,1026.67689,6.0,57.0,1033.230778,7.0,2
209041217,Bundoora - West,VIC,983.2850591,4.0,36.0,982.1195787,5.0,2
209041220,Mill Park - North,VIC,1010.50716,5.0,50.0,992.6267306,5.0,2
209041221,Mill Park - South,VIC,988.6527456,4.0,38.0,974.3562258,5.0,2
209041223,Thomastown,VIC,884.8638521,1.0,8.0,900.0117787,2.0,2
209041224,Wallan,VIC,1016.712836,6.0,53.0,985.8695634,5.0,2
209041225,Whittlesea,VIC,1030.717377,6.0,60.0,999.008742,6.0,2
209041431,Epping - East,VIC,960.7164395,3.0,25.0,945.4506041,3.0,2
209041432,Epping - South,VIC,927.0433645,2.0,15.0,920.2755655,2.0,2
209041433,Epping (Vic.) - West,VIC,990.9834587,4.0,40.0,988.0454155,5.0,2
209041435,South Morang - North,VIC,1051.307039,8.0,73.0,1031.646039,7.0,2
209041436,South Morang - South,VIC,1021.333574,6.0,55.0,997.1567748,6.0,2
209041437,Wollert,VIC,1001.788902,5.0,45.0,1002.137436,6.0,2
209041527,Doreen - North,VIC,1051.04692,8.0,73.0,1027.00293,7.0,2
209041528,Doreen - South,VIC,1045.350467,7.0,69.0,1021.793786,7.0,2
209041529,Lalor - East,VIC,883.8922552,1.0,8.0,896.0665509,2.0,2
209041530,Lalor - West,VIC,919.2516177,2.0,14.0,934.6446195,3.0,2
209041531,Mernda - North,VIC,1019.448852,6.0,54.0,1002.541419,6.0,2
209041532,Mernda - South,VIC,1033.690501,7.0,62.0,1015.535759,6.0,2
210011226,Airport West,VIC,1025.533034,6.0,57.0,1018.382098,6.0,2
210011228,Keilor,VIC,1052.264046,8.0,74.0,1034.505385,7.0,2
210011230,Niddrie - Essendon West,VIC,1067.221506,9.0,82.0,1072.629185,8.0,2
210011231,Strathmore,VIC,1089.215045,10.0,92.0,1099.579238,9.0,2
210011533,Avondale Heights,VIC,1008.140083,5.0,49.0,1011.716268,6.0,2
210011534,Keilor East,VIC,1036.23594,7.0,64.0,1031.332274,7.0,2
210021232,Gisborne,VIC,1079.434041,9.0,88.0,1067.885942,8.0,2
210021233,Macedon,VIC,1103.402159,10.0,97.0,1108.42211,9.0,2
210021234,Riddells Creek,VIC,1074.944384,9.0,86.0,1047.98479,8.0,2
210021235,Romsey,VIC,1046.979663,7.0,70.0,1016.020035,6.0,2
210031236,Coburg North,VIC,1017.199374,6.0,53.0,1041.329365,7.0,2
210031237,Fawkner,VIC,936.1842233,2.0,17.0,952.2225662,4.0,2
210031439,Gowanbrae,VIC,1069.447877,9.0,83.0,1060.936901,8.0,2
210031440,Hadfield,VIC,970.3678812,3.0,30.0,976.0434118,5.0,2
210031535,Glenroy - East,VIC,945.1619585,2.0,20.0,961.3115012,4.0,2
210031536,Glenroy - West,VIC,996.1620161,5.0,43.0,1003.880555,6.0,2
210031537,Oak Park,VIC,1063.635405,8.0,80.0,1070.97429,8.0,2
210031538,Pascoe Vale,VIC,1040.941854,7.0,66.0,1048.440745,8.0,2
210041240,Sunbury,VIC,1041.037766,7.0,66.0,1013.27366,6.0,2
210041539,Diggers Rest,VIC,1036.580052,7.0,64.0,1003.964289,6.0,2
210041540,Sunbury - South,VIC,1013.540506,6.0,51.0,989.9389761,5.0,2
210041541,Sunbury - West,VIC,1036.014581,7.0,63.0,997.2374908,6.0,2
210051242,Broadmeadows,VIC,788.7216461,1.0,3.0,840.2318656,1.0,2
210051243,Campbellfield - Coolaroo,VIC,790.6909529,1.0,3.0,836.205609,1.0,2
210051245,Gladstone Park - Westmeadows,VIC,979.0166167,4.0,34.0,965.1279924,4.0,2
210051246,Greenvale - Bulla,VIC,1032.515532,7.0,61.0,1032.417018,7.0,2
210051247,Meadow Heights,VIC,799.8751992,1.0,3.0,845.0414948,1.0,2
210051248,Melbourne Airport,VIC,1064.104799,8.0,80.0,1052.591701,8.0,2
210051250,Tullamarine,VIC,968.8273737,3.0,29.0,951.8942792,4.0,2
210051441,Craigieburn - Central,VIC,924.5865493,2.0,15.0,909.2907363,2.0,2
210051442,Craigieburn - North,VIC,968.1029565,3.0,29.0,972.4036071,4.0,2
210051443,Craigieburn - South,VIC,946.2759755,2.0,20.0,955.4765691,4.0,2
210051445,Mickleham - Yuroke,VIC,1000.921691,5.0,45.0,997.1454095,6.0,2
210051542,Craigieburn - North West,VIC,965.2594223,3.0,28.0,976.812772,5.0,2
210051543,Craigieburn - West,VIC,934.4655584,2.0,17.0,954.1256818,4.0,2
210051544,Roxburgh Park (South) - Somerton,VIC,894.5585251,1.0,9.0,920.168387,2.0,2
210051545,Roxburgh Park - North,VIC,854.1111439,1.0,5.0,898.5296716,2.0,2
211011251,Bayswater,VIC,1003.895227,5.0,47.0,987.287705,5.0,2
211011254,Knoxfield - Scoresby,VIC,1051.804091,8.0,73.0,1042.457293,7.0,2
211011255,Lysterfield,VIC,1097.277018,10.0,95.0,1088.463401,9.0,2
211011256,Rowville - Central,VIC,1053.604971,8.0,74.0,1040.55387,7.0,2
211011257,Rowville - North,VIC,1080.705783,9.0,88.0,1072.506275,8.0,2
211011258,Rowville - South,VIC,1074.772162,9.0,85.0,1065.201177,8.0,2
211011259,Wantirna,VIC,1044.911101,7.0,69.0,1044.165675,7.0,2
211011260,Wantirna South,VIC,1046.404549,7.0,69.0,1047.915974,8.0,2
211011446,Boronia,VIC,1015.157514,6.0,52.0,991.5637436,5.0,2
211011447,Ferntree Gully - North,VIC,1013.589737,6.0,51.0,994.1483682,5.0,2
211011448,Ferntree Gully (South) - Upper F,VIC,1042.799902,7.0,67.0,1016.072622,6.0,2
211011449,The Basin,VIC,1055.667355,8.0,76.0,1025.222871,7.0,2
211021261,Donvale - Park Orchards,VIC,1082.81992,9.0,89.0,1098.253481,9.0,2
211021262,Warrandyte - Wonga Park,VIC,1100.313841,10.0,96.0,1106.332991,9.0,2
211031263,Bayswater North,VIC,1028.706146,6.0,59.0,1001.366211,6.0,2
211031265,Croydon Hills - Warranwood,VIC,1084.780875,9.0,90.0,1075.124038,9.0,2
211031266,Ringwood,VIC,1014.491436,6.0,52.0,1021.815828,7.0,2
211031267,Ringwood East,VIC,1047.708916,7.0,70.0,1048.483736,8.0,2
211031268,Ringwood North,VIC,1085.277995,9.0,90.0,1085.118921,9.0,2
211031450,Croydon - East,VIC,1004.441528,5.0,47.0,990.7353752,5.0,2
211031451,Croydon - West,VIC,1031.691406,7.0,61.0,1024.794882,7.0,2
211031452,Croydon South,VIC,1040.388422,7.0,66.0,1025.687954,7.0,2
211041269,Forest Hill,VIC,1021.469554,6.0,55.0,1035.514693,7.0,2
211041270,Mitcham (Vic.),VIC,1062.415872,8.0,79.0,1074.610245,9.0,2
211041271,Nunawading,VIC,1041.310192,7.0,67.0,1058.587276,8.0,2
211041272,Vermont,VIC,1062.947492,8.0,80.0,1071.317148,8.0,2
211041273,Vermont South,VIC,1059.734,8.0,78.0,1072.982368,8.0,2
211051274,Belgrave - Selby,VIC,1072.387176,9.0,85.0,1056.953148,8.0,2
211051275,Chirnside Park,VIC,1059.625125,8.0,78.0,1036.57102,7.0,2
211051276,Healesville - Yarra Glen,VIC,1026.762716,6.0,58.0,992.9918664,5.0,2
211051277,Kilsyth,VIC,1010.100239,5.0,50.0,985.4521838,5.0,2
211051278,Lilydale - Coldstream,VIC,1034.907813,7.0,63.0,1005.850269,6.0,2
211051279,Monbulk - Silvan,VIC,1050.984154,8.0,73.0,1024.352821,7.0,2
211051280,Montrose,VIC,1068.191081,9.0,82.0,1034.020205,7.0,2
211051281,Mooroolbark,VIC,1030.820135,6.0,60.0,1009.410114,6.0,2
211051282,Mount Dandenong - Olinda,VIC,1078.631503,9.0,87.0,1074.656083,9.0,2
211051283,Mount Evelyn,VIC,1050.987116,8.0,73.0,1014.027927,6.0,2
211051284,Upwey - Tecoma,VIC,1071.028347,9.0,84.0,1049.863945,8.0,2
211051285,Wandin - Seville,VIC,1059.730959,8.0,78.0,1019.13383,6.0,2
211051286,Yarra Valley,VIC,995.254956,5.0,42.0,954.9791161,4.0,2
212011289,Emerald - Cockatoo,VIC,1065.503532,9.0,81.0,1034.347974,7.0,2
212011546,Beaconsfield - Officer,VIC,1056.433868,8.0,76.0,1036.497815,7.0,2
212011547,Bunyip - Garfield,VIC,1046.12331,7.0,69.0,1003.153017,6.0,2
212011548,Koo Wee Rup,VIC,1019.538696,6.0,54.0,975.2945794,5.0,2
212011549,Pakenham - North East,VIC,979.4867522,4.0,34.0,949.4194421,3.0,2
212011550,Pakenham - North West,VIC,1025.097542,6.0,57.0,998.8319222,6.0,2
212011551,Pakenham - South East,VIC,948.0696397,3.0,21.0,923.8537096,2.0,2
212011552,Pakenham - South West,VIC,989.9932047,4.0,39.0,968.2026502,4.0,2
212021293,Berwick - North,VIC,1057.342594,8.0,77.0,1042.224476,7.0,2
212021295,Doveton,VIC,832.0554601,1.0,4.0,859.4678983,1.0,2
212021297,Hallam,VIC,917.2770092,2.0,13.0,925.1108341,2.0,2
212021299,Narre Warren North,VIC,1067.871877,9.0,82.0,1065.706114,8.0,2
212021453,Endeavour Hills - North,VIC,996.4946778,5.0,43.0,988.5314924,5.0,2
212021454,Endeavour Hills - South,VIC,998.3281827,5.0,44.0,995.6634602,5.0,2
212021455,Narre Warren - North East,VIC,1010.381698,5.0,50.0,986.2639364,5.0,2
212021456,Narre Warren - South West,VIC,953.2876268,3.0,23.0,944.9125503,3.0,2
212021553,Berwick - South East,VIC,1058.749042,8.0,77.0,1051.442887,8.0,2
212021554,Berwick - South West,VIC,1044.373327,7.0,68.0,1031.152249,7.0,2
212031300,Cranbourne,VIC,920.2990769,2.0,14.0,906.3431731,2.0,2
212031303,Cranbourne South,VIC,1053.511407,8.0,74.0,1031.215261,7.0,2
212031304,Cranbourne West,VIC,989.4744081,4.0,39.0,973.2029882,5.0,2
212031306,Lynbrook - Lyndhurst,VIC,1020.585775,6.0,54.0,1025.562421,7.0,2
212031308,Pearcedale - Tooradin,VIC,1035.534296,7.0,63.0,987.5223441,5.0,2
212031457,Narre Warren South - East,VIC,1030.288856,6.0,60.0,1023.162493,7.0,2
212031458,Narre Warren South - West,VIC,968.1783621,3.0,29.0,964.8068454,4.0,2
212031555,Clyde North - North,VIC,1065.857036,9.0,81.0,1067.109114,8.0,2
212031556,Clyde North - South,VIC,1045.733996,7.0,69.0,1041.819183,7.0,2
212031557,Cranbourne East - North,VIC,1001.299509,5.0,45.0,983.8718295,5.0,2
212031558,Cranbourne East - South,VIC,1019.35603,6.0,54.0,1004.3667,6.0,2
212031559,Cranbourne North - East,VIC,1013.078417,6.0,51.0,1011.864898,6.0,2
212031560,Cranbourne North - West,VIC,946.0908799,2.0,20.0,931.2384562,3.0,2
212031561,Hampton Park - East,VIC,916.6970315,2.0,13.0,917.1539654,2.0,2
212031562,Hampton Park - West,VIC,892.5909792,1.0,9.0,897.7903508,2.0,2
212041309,Clarinda - Oakleigh South,VIC,990.0324044,4.0,39.0,995.4821609,5.0,2
212041310,Clayton South,VIC,954.0459268,3.0,24.0,978.5448926,5.0,2
212041312,Dandenong North,VIC,926.2576006,2.0,15.0,933.8380036,3.0,2
212041313,Dingley Village,VIC,1066.427157,9.0,81.0,1048.481368,8.0,2
212041316,Noble Park North,VIC,936.4972064,2.0,17.0,935.8636371,3.0,2
212041317,Springvale,VIC,845.1678257,1.0,4.0,899.9440111,2.0,2
212041318,Springvale South,VIC,830.8222505,1.0,4.0,877.5680409,1.0,2
212041459,Noble Park - East,VIC,904.2402644,2.0,11.0,920.7359896,2.0,2
212041460,Noble Park - West,VIC,852.645408,1.0,5.0,888.2891025,1.0,2
212041563,Dandenong - North,VIC,827.562527,1.0,4.0,871.9012969,1.0,2
212041564,Dandenong - South,VIC,817.5942935,1.0,3.0,863.5324359,1.0,2
212041565,Keysborough - North,VIC,914.4904786,2.0,13.0,924.3530329,2.0,2
212041566,Keysborough - South,VIC,1039.126293,7.0,65.0,1073.711635,8.0,2
212051319,Ashwood - Chadstone,VIC,1033.104612,7.0,61.0,1067.372401,8.0,2
212051321,Glen Waverley - East,VIC,1054.956474,8.0,75.0,1084.129504,9.0,2
212051322,Glen Waverley - West,VIC,1038.831665,7.0,65.0,1073.52967,8.0,2
212051323,Mount Waverley - North,VIC,1064.561604,9.0,81.0,1091.392999,9.0,2
212051324,Mount Waverley - South,VIC,1067.849932,9.0,82.0,1091.595168,9.0,2
212051325,Mulgrave,VIC,1037.505321,7.0,64.0,1042.856354,7.0,2
212051326,Oakleigh - Huntingdale,VIC,1037.848351,7.0,65.0,1055.89431,8.0,2
212051327,Wheelers Hill,VIC,1065.688634,9.0,81.0,1080.047884,9.0,2
212051567,Clayton (North) - Notting Hill,VIC,981.2724921,4.0,35.0,1029.077294,7.0,2
212051568,Clayton - Central,VIC,982.9454809,4.0,36.0,1012.550069,6.0,2
213011328,Ardeer - Albion,VIC,902.572601,2.0,11.0,930.4513143,3.0,2
213011329,Cairnlea,VIC,951.2603906,3.0,22.0,967.7029089,4.0,2
213011331,Delahey,VIC,899.1988787,1.0,10.0,902.078609,2.0,2
213011332,Keilor Downs,VIC,965.0652199,3.0,28.0,959.1433925,4.0,2
213011333,Kings Park (Vic.),VIC,826.9779531,1.0,4.0,853.7161117,1.0,2
213011334,St Albans - North,VIC,825.3358934,1.0,4.0,862.8302583,1.0,2
213011335,St Albans - South,VIC,821.249145,1.0,3.0,868.6841019,1.0,2
213011336,Sunshine,VIC,931.133211,2.0,16.0,956.8082085,4.0,2
213011337,Sunshine North,VIC,864.7831343,1.0,6.0,903.5269371,2.0,2
213011338,Sunshine West,VIC,884.426059,1.0,8.0,906.4637774,2.0,2
213011339,Sydenham,VIC,982.7298478,4.0,35.0,967.8472499,4.0,2
213011340,Taylors Lakes,VIC,1041.992094,7.0,67.0,1025.740541,7.0,2
213011569,Deer Park,VIC,899.0551598,1.0,10.0,911.5007986,2.0,2
213011570,Derrimut,VIC,986.8930508,4.0,38.0,994.6971161,5.0,2
213021341,Altona,VIC,1040.310259,7.0,66.0,1048.148564,8.0,2
213021342,Altona Meadows,VIC,982.7638274,4.0,35.0,967.0987656,4.0,2
213021343,Altona North,VIC,967.8926399,3.0,29.0,992.7395136,5.0,2
213021344,Newport,VIC,1074.894897,9.0,85.0,1103.178453,9.0,2
213021345,Seabrook,VIC,1024.00574,6.0,56.0,1005.973698,6.0,2
213021346,Williamstown,VIC,1066.86909,9.0,82.0,1100.810827,9.0,2
213031347,Braybrook,VIC,925.0803233,2.0,15.0,964.8284017,4.0,2
213031348,Footscray,VIC,986.6255902,4.0,37.0,1029.885778,7.0,2
213031349,Maribyrnong,VIC,1044.865817,7.0,69.0,1062.624914,8.0,2
213031350,Seddon - Kingsville,VIC,1059.648677,8.0,78.0,1102.651283,9.0,2
213031351,West Footscray - Tottenham,VIC,1015.854005,6.0,53.0,1045.916291,7.0,2
213031352,Yarraville,VIC,1076.595765,9.0,86.0,1108.86584,9.0,2
213041353,Bacchus Marsh,VIC,1011.241467,5.0,50.0,983.3053179,5.0,2
213041358,Melton West,VIC,940.2466254,2.0,18.0,920.1955678,2.0,2
213041359,Rockbank - Mount Cottrell,VIC,1034.934893,7.0,63.0,1029.180574,7.0,2
213041360,Taylors Hill,VIC,1033.637017,7.0,62.0,1023.29809,7.0,2
213041461,Burnside,VIC,981.9626977,4.0,35.0,981.8657243,5.0,2
213041462,Burnside Heights,VIC,1006.290976,5.0,48.0,1007.232119,6.0,2
213041463,Caroline Springs,VIC,1013.942572,6.0,52.0,1011.498967,6.0,2
213041571,Brookfield,VIC,952.1537035,3.0,23.0,937.3344914,3.0,2
213041572,Cobblebank - Strathtulloh,VIC,1006.929816,5.0,48.0,1000.987417,6.0,2
213041573,Eynesbury - Exford,VIC,1089.772164,10.0,92.0,1056.106265,8.0,2
213041574,Fraser Rise - Plumpton,VIC,1046.714168,7.0,69.0,1034.692793,7.0,2
213041575,Hillside,VIC,1035.336161,7.0,63.0,1012.755935,6.0,2
213041576,Kurunjang - Toolern Vale,VIC,947.3532796,3.0,21.0,921.4702959,2.0,2
213041577,Melton,VIC,849.358245,1.0,5.0,843.4074045,1.0,2
213041578,Melton South - Weir Views,VIC,877.2332129,1.0,7.0,881.0337174,1.0,2
213051361,Hoppers Crossing - North,VIC,970.0824866,3.0,30.0,954.7464629,4.0,2
213051362,Hoppers Crossing - South,VIC,943.994489,2.0,19.0,935.5907334,3.0,2
213051363,Laverton,VIC,993.0342626,5.0,41.0,1015.239725,6.0,2
213051368,Werribee - South,VIC,1005.075015,5.0,47.0,1000.92513,6.0,2
213051464,Point Cook - East,VIC,1050.505537,8.0,72.0,1071.958475,8.0,2
213051466,Point Cook - South,VIC,1072.377869,9.0,84.0,1087.395801,9.0,2
213051467,Werribee - East,VIC,895.4328579,1.0,10.0,897.3382103,2.0,2
213051468,Werribee - West,VIC,1007.33776,5.0,48.0,992.2638054,5.0,2
213051579,Manor Lakes - Quandong,VIC,1040.94133,7.0,66.0,1036.504625,7.0,2
213051580,Point Cook - North East,VIC,1039.823099,7.0,66.0,1032.895742,7.0,2
213051581,Point Cook - North West,VIC,1054.451561,8.0,75.0,1057.011015,8.0,2
213051582,Tarneit (West) - Mount Cottrell,VIC,1025.225881,6.0,57.0,1021.362363,6.0,2
213051583,Tarneit - Central,VIC,1015.068927,6.0,52.0,1011.107066,6.0,2
213051584,Tarneit - North,VIC,1031.897502,7.0,61.0,1031.109082,7.0,2
213051585,Tarneit - South,VIC,988.3144267,4.0,38.0,981.169049,5.0,2
213051586,Truganina - North,VIC,1040.180372,7.0,66.0,1046.322073,7.0,2
213051587,Truganina - South East,VIC,1049.858758,8.0,72.0,1053.061705,8.0,2
213051588,Truganina - South West,VIC,992.2949227,5.0,41.0,995.2518503,5.0,2
213051589,Wyndham Vale - North,VIC,980.3114443,4.0,34.0,976.3908456,5.0,2
213051590,Wyndham Vale - South,VIC,958.3089167,3.0,25.0,947.4706753,3.0,2
214011370,Carrum Downs,VIC,985.8443321,4.0,37.0,950.2865944,3.0,2
214011371,Frankston,VIC,971.7351039,4.0,31.0,962.4342854,4.0,2
214011372,Frankston North,VIC,925.3516306,2.0,15.0,908.5119159,2.0,2
214011373,Frankston South,VIC,1069.497335,9.0,83.0,1062.263939,8.0,2
214011374,Langwarrin,VIC,1040.351747,7.0,66.0,1005.240672,6.0,2
214011375,Seaford (Vic.),VIC,997.1731842,5.0,43.0,979.0337603,5.0,2
214011376,Skye - Sandhurst,VIC,1048.567469,8.0,71.0,1028.392358,7.0,2
214021377,Dromana,VIC,1025.882805,6.0,57.0,998.3624766,6.0,2
214021378,Flinders,VIC,1092.893474,10.0,93.0,1094.587062,9.0,2
214021379,Hastings - Somers,VIC,1005.732473,5.0,47.0,968.9142127,4.0,2
214021381,Mount Eliza,VIC,1103.553815,10.0,97.0,1115.329296,10.0,2
214021382,Mount Martha,VIC,1078.690606,9.0,87.0,1068.267978,8.0,2
214021383,Point Nepean,VIC,1039.61485,7.0,65.0,1015.726073,6.0,2
214021384,Rosebud - McCrae,VIC,982.4969372,4.0,35.0,947.7521815,3.0,2
214021385,Somerville,VIC,1035.688533,7.0,63.0,999.4892373,6.0,2
214021591,Mornington - East,VIC,1019.540873,6.0,54.0,995.39239,5.0,2
214021592,Mornington - West,VIC,1043.117385,7.0,68.0,1036.425294,7.0,2
215011386,Ararat,VIC,928.548849,2.0,16.0,904.3175487,2.0,2
215011387,Ararat Surrounds,VIC,1019.529458,6.0,54.0,997.992832,6.0,2
215011388,Horsham,VIC,978.1867775,4.0,33.0,948.3700597,3.0,2
215011389,Horsham Surrounds,VIC,1049.132435,8.0,72.0,1012.313709,6.0,2
215011390,Nhill Region,VIC,952.8781067,3.0,23.0,933.5301043,3.0,2
215011391,St Arnaud,VIC,951.3208978,3.0,22.0,919.8006011,2.0,2
215011392,Stawell,VIC,951.3747046,3.0,22.0,921.0797308,2.0,2
215011393,West Wimmera,VIC,982.9150284,4.0,36.0,967.0998188,4.0,2
215011394,Yarriambiack,VIC,944.7365921,2.0,20.0,921.9510799,2.0,2
215021395,Irymple,VIC,1030.646153,6.0,60.0,987.2788711,5.0,2
215021396,Merbein,VIC,958.0830664,3.0,25.0,922.1311465,2.0,2
215021398,Mildura Surrounds,VIC,974.6048257,4.0,32.0,947.1923706,3.0,2
215021399,Red Cliffs,VIC,930.7502821,2.0,16.0,902.2530921,2.0,2
215021469,Mildura - North,VIC,884.5810675,1.0,8.0,887.5164313,1.0,2
215021470,Mildura - South,VIC,948.5396604,3.0,21.0,931.8605373,3.0,2
215031400,Buloke,VIC,975.0490374,4.0,32.0,946.0568513,3.0,2
215031401,Gannawarra,VIC,972.1846636,4.0,31.0,933.6621352,3.0,2
215031402,Kerang,VIC,918.8353986,2.0,13.0,895.0635367,2.0,2
215031403,Robinvale,VIC,823.3010565,1.0,3.0,866.7456617,1.0,2
215031404,Swan Hill,VIC,961.2820914,3.0,26.0,939.7721497,3.0,2
215031405,Swan Hill Surrounds,VIC,972.9384023,4.0,31.0,940.1450734,3.0,2
216011406,Echuca,VIC,970.5496952,3.0,30.0,936.6836131,3.0,2
216011407,Kyabram,VIC,960.6146602,3.0,25.0,926.4279936,3.0,2
216011408,Lockington - Gunbower,VIC,998.3763426,5.0,44.0,960.2980163,4.0,2
216011409,Rochester,VIC,948.4046467,3.0,21.0,917.5887985,2.0,2
216011410,Rushworth,VIC,941.3382188,2.0,19.0,915.6318149,2.0,2
216021411,Cobram,VIC,909.9950393,2.0,12.0,888.6731457,1.0,2
216021412,Moira,VIC,989.1094972,4.0,39.0,956.1848292,4.0,2
216021413,Numurkah,VIC,965.6260804,3.0,28.0,934.4931046,3.0,2
216021414,Yarrawonga,VIC,973.5780707,4.0,31.0,934.3265201,3.0,2
216031415,Mooroopna,VIC,889.8430374,1.0,9.0,873.0886704,1.0,2
216031416,Shepparton - North,VIC,961.3295204,3.0,26.0,949.0847433,3.0,2
216031418,Shepparton Surrounds - East,VIC,1034.365985,7.0,62.0,998.8395615,6.0,2
216031419,Shepparton Surrounds - West,VIC,974.6580795,4.0,32.0,949.8375725,3.0,2
216031593,Kialla,VIC,1041.973638,7.0,67.0,1014.511566,6.0,2
216031594,Shepparton - South East,VIC,854.4006287,1.0,5.0,864.0757108,1.0,2
217011420,Glenelg (Vic.),VIC,979.0471626,4.0,34.0,941.5342168,3.0,2
217011421,Hamilton (Vic.),VIC,983.6221462,4.0,36.0,944.3308359,3.0,2
217011422,Portland,VIC,931.0572321,2.0,16.0,901.8413318,2.0,2
217011423,Southern Grampians,VIC,1010.964247,5.0,50.0,990.5072267,5.0,2
217031471,Camperdown,VIC,966.7198922,3.0,29.0,928.4116249,3.0,2
217031472,Colac,VIC,938.8010321,2.0,18.0,903.4467393,2.0,2
217031473,Colac Surrounds,VIC,1026.706655,6.0,57.0,988.4575982,5.0,2
217031474,Corangamite - North,VIC,962.8160245,3.0,27.0,939.1014892,3.0,2
217031475,Corangamite - South,VIC,1009.573395,5.0,49.0,978.938357,5.0,2
217031476,Otway,VIC,1003.817061,5.0,47.0,977.2139875,5.0,2
217041477,Moyne - East,VIC,1010.519714,5.0,50.0,986.3290208,5.0,2
217041478,Moyne - West,VIC,1040.247521,7.0,66.0,1004.933665,6.0,2
217041479,Warrnambool - North,VIC,993.7983589,5.0,42.0,955.6556998,4.0,2
217041480,Warrnambool - South,VIC,998.6073453,5.0,44.0,972.2373462,4.0,2
301011001,Alexandra Hills,QLD,1011.295325,5.0,50.0,977.4212232,5.0,3
301011002,Belmont - Gumdale,QLD,1077.182763,9.0,87.0,1082.94212,9.0,3
301011003,Birkdale,QLD,1040.346209,7.0,66.0,1017.993881,6.0,3
301011004,Capalaba,QLD,1006.923799,5.0,48.0,977.7493848,5.0,3
301011005,Thorneside,QLD,996.1017422,5.0,43.0,976.7247325,5.0,3
301011006,Wellington Point,QLD,1056.286704,8.0,76.0,1046.629469,7.0,3
301021007,Cleveland,QLD,1012.672676,6.0,51.0,1003.845037,6.0,3
301021008,Ormiston,QLD,1063.06975,8.0,80.0,1061.347175,8.0,3
301021009,Redland Bay,QLD,1041.821837,7.0,67.0,1015.742783,6.0,3
301021011,Sheldon - Mount Cotton,QLD,1093.48508,10.0,93.0,1073.578973,8.0,3
301021012,Thornlands,QLD,1062.3691,8.0,79.0,1047.241375,8.0,3
301021013,Victoria Point,QLD,1023.344797,6.0,56.0,990.6717518,5.0,3
301021550,North Stradbroke Island,QLD,977.561613,4.0,33.0,946.99499,3.0,3
301021551,Southern Moreton Bay Islands,QLD,836.5641093,1.0,4.0,833.3361362,1.0,3
301031015,Manly - Lota,QLD,1050.917338,8.0,73.0,1058.026798,8.0,3
301031016,Manly West,QLD,1046.142981,7.0,69.0,1036.354931,7.0,3
301031017,Murarrie,QLD,1067.676141,9.0,82.0,1074.365233,8.0,3
301031018,Tingalpa,QLD,1044.084081,7.0,68.0,1020.199853,6.0,3
301031019,Wakerley,QLD,1105.278487,10.0,97.0,1124.758806,10.0,3
301031020,Wynnum,QLD,1029.344755,6.0,59.0,1030.304459,7.0,3
301031021,Wynnum West - Hemmant,QLD,999.9656857,5.0,45.0,985.6977314,5.0,3
302011022,Bald Hills,QLD,1028.397151,6.0,59.0,999.1554333,6.0,3
302011023,Bridgeman Downs,QLD,1103.527732,10.0,97.0,1122.849142,10.0,3
302011024,Carseldine,QLD,1065.545508,9.0,81.0,1056.785879,8.0,3
302011025,Everton Park,QLD,1062.353204,8.0,79.0,1057.459476,8.0,3
302011026,McDowall,QLD,1094.086205,10.0,94.0,1091.972775,9.0,3
302021027,Aspley,QLD,1058.151479,8.0,77.0,1049.54329,8.0,3
302021028,Chermside,QLD,970.6377775,3.0,30.0,972.0181054,4.0,3
302021029,Chermside West,QLD,1062.022845,8.0,79.0,1054.163781,8.0,3
302021030,Geebung,QLD,1054.407609,8.0,75.0,1040.072853,7.0,3
302021031,Kedron - Gordon Park,QLD,1070.336663,9.0,84.0,1083.084203,9.0,3
302021032,Stafford,QLD,1012.55579,6.0,51.0,1022.440809,7.0,3
302021033,Stafford Heights,QLD,1040.700172,7.0,66.0,1040.527299,7.0,3
302021034,Wavell Heights,QLD,1092.155253,10.0,93.0,1103.42988,9.0,3
302031035,Boondall,QLD,1022.224604,6.0,55.0,1005.357364,6.0,3
302031037,Eagle Farm - Pinkenba,QLD,1077.074825,9.0,86.0,1087.427601,9.0,3
302031038,Northgate - Virginia,QLD,1052.870384,8.0,74.0,1059.596474,8.0,3
302031039,Nudgee - Banyo,QLD,1053.414712,8.0,74.0,1052.759783,8.0,3
302031040,Nundah,QLD,1038.383005,7.0,65.0,1045.894357,7.0,3
302041041,Bracken Ridge,QLD,1024.177342,6.0,56.0,1001.559444,6.0,3
302041042,Brighton (Qld),QLD,1039.20587,7.0,65.0,1026.62955,7.0,3
302041043,Deagon,QLD,1016.506976,6.0,53.0,997.8788466,6.0,3
302041044,Sandgate - Shorncliffe,QLD,1037.863016,7.0,65.0,1050.064234,8.0,3
302041045,Taigum - Fitzgibbon,QLD,991.1151299,4.0,40.0,980.4434867,5.0,3
302041046,Zillmere,QLD,936.6264436,2.0,17.0,936.0856956,3.0,3
303011047,Camp Hill,QLD,1108.362433,10.0,98.0,1134.069218,10.0,3
303011048,Cannon Hill,QLD,1078.094902,9.0,87.0,1092.672155,9.0,3
303011049,Carina,QLD,1057.77414,8.0,77.0,1057.966965,8.0,3
303011050,Carina Heights,QLD,1025.806159,6.0,57.0,1036.745265,7.0,3
303011051,Carindale,QLD,1085.96953,9.0,90.0,1102.013599,9.0,3
303021052,Annerley,QLD,1036.04999,7.0,63.0,1060.733352,8.0,3
303021053,Coorparoo,QLD,1078.210543,9.0,87.0,1099.468942,9.0,3
303021054,Fairfield - Dutton Park,QLD,1039.110491,7.0,65.0,1070.855709,8.0,3
303021055,Greenslopes,QLD,1056.040605,8.0,76.0,1072.899801,8.0,3
303021056,Holland Park,QLD,1047.603261,7.0,70.0,1071.723975,8.0,3
303021057,Holland Park West,QLD,1072.401002,9.0,85.0,1087.822772,9.0,3
303021058,Woolloongabba,QLD,1041.183525,7.0,66.0,1077.541136,9.0,3
303021059,Yeronga,QLD,1071.848749,9.0,84.0,1098.044906,9.0,3
303031060,Eight Mile Plains,QLD,1028.285645,6.0,59.0,1041.899019,7.0,3
303031061,Macgregor (Qld),QLD,969.7021822,3.0,30.0,997.0108721,6.0,3
303031062,Mansfield (Qld),QLD,1026.410737,6.0,57.0,1026.929166,7.0,3
303031063,Mount Gravatt,QLD,1035.026189,7.0,63.0,1045.407155,7.0,3
303031064,Rochedale - Burbank,QLD,1084.124435,9.0,90.0,1117.742511,10.0,3
303031065,Upper Mount Gravatt,QLD,1006.467718,5.0,48.0,1018.373898,6.0,3
303031066,Wishart,QLD,1042.370018,7.0,67.0,1043.217323,7.0,3
303041067,Coopers Plains,QLD,974.5335617,4.0,32.0,986.9150369,5.0,3
303041068,Moorooka,QLD,1035.38676,7.0,63.0,1042.989355,7.0,3
303041069,Robertson,QLD,988.8509403,4.0,38.0,1019.079244,6.0,3
303041070,Salisbury - Nathan,QLD,1049.329806,8.0,72.0,1047.460383,8.0,3
303041071,Tarragindi,QLD,1100.181158,10.0,96.0,1120.866243,10.0,3
303051072,Algester,QLD,998.328738,5.0,44.0,984.2458596,5.0,3
303051073,Calamvale - Stretton,QLD,1027.678825,6.0,58.0,1035.479204,7.0,3
303051074,Pallara - Willawong,QLD,1056.124271,8.0,76.0,1057.27387,8.0,3
303051075,Parkinson - Drewvale,QLD,1046.746169,7.0,70.0,1038.093396,7.0,3
303051076,Rocklea - Acacia Ridge,QLD,882.6946593,1.0,8.0,892.4113956,1.0,3
303061077,Kuraby,QLD,1027.996341,6.0,59.0,1038.291897,7.0,3
303061078,Runcorn,QLD,995.4199481,5.0,42.0,997.2651462,6.0,3
303061079,Sunnybank,QLD,948.3527949,3.0,21.0,982.3028248,5.0,3
303061080,Sunnybank Hills,QLD,981.7798705,4.0,35.0,999.350169,6.0,3
304011081,Jindalee - Mount Ommaney,QLD,1083.464252,9.0,90.0,1088.365288,9.0,3
304011082,Middle Park - Jamboree Heights,QLD,1069.903719,9.0,83.0,1058.534887,8.0,3
304011083,Riverhills,QLD,1058.862013,8.0,78.0,1043.231571,7.0,3
304011084,Seventeen Mile Rocks - Sinnamon,QLD,1090.58047,10.0,93.0,1102.942593,9.0,3
304011085,Westlake,QLD,1102.420753,10.0,96.0,1118.322858,10.0,3
304021086,Bellbowrie - Moggill,QLD,1090.373245,10.0,93.0,1090.853812,9.0,3
304021087,Brookfield - Kenmore Hills,QLD,1115.67761,10.0,99.0,1150.311852,10.0,3
304021088,Chapel Hill,QLD,1109.591685,10.0,98.0,1140.545228,10.0,3
304021089,Fig Tree Pocket,QLD,1118.705619,10.0,100.0,1172.011671,10.0,3
304021090,Kenmore,QLD,1095.179393,10.0,94.0,1115.670324,10.0,3
304021091,Pinjarra Hills - Pullenvale,QLD,1118.152643,10.0,100.0,1151.730992,10.0,3
304031092,Chelmer - Graceville,QLD,1113.448335,10.0,99.0,1151.940693,10.0,3
304031093,Corinda,QLD,1068.470399,9.0,83.0,1088.409614,9.0,3
304031094,Indooroopilly,QLD,1063.554346,8.0,80.0,1097.206264,9.0,3
304031095,Sherwood,QLD,1073.644021,9.0,85.0,1098.256834,9.0,3
304031096,St Lucia,QLD,1041.506484,7.0,67.0,1091.477458,9.0,3
304031097,Taringa,QLD,1068.954372,9.0,83.0,1092.695404,9.0,3
304041098,Enoggera,QLD,1048.318399,8.0,71.0,1059.229402,8.0,3
304041099,Enoggera Reservoir,QLD,1059.999098,8.0,78.0,1095.063638,9.0,3
304041100,Keperra,QLD,993.048018,5.0,41.0,996.4988312,5.0,3
304041101,Mitchelton,QLD,1060.491428,8.0,78.0,1069.441774,8.0,3
304041103,The Gap,QLD,1093.156491,10.0,93.0,1108.541983,9.0,3
304041104,Upper Kedron - Ferny Grove,QLD,1088.168583,10.0,92.0,1086.412957,9.0,3
305011105,Brisbane City,QLD,1019.835463,6.0,54.0,1087.144934,9.0,3
305011106,Fortitude Valley,QLD,1032.963152,7.0,61.0,1062.155385,8.0,3
305011107,Highgate Hill,QLD,1035.847419,7.0,63.0,1074.574841,9.0,3
305011108,Kangaroo Point,QLD,1058.024925,8.0,77.0,1087.740331,9.0,3
305011109,New Farm,QLD,1068.357955,9.0,83.0,1107.339617,9.0,3
305011110,South Brisbane,QLD,1027.546699,6.0,58.0,1087.864797,9.0,3
305011111,Spring Hill,QLD,1007.546869,5.0,48.0,1052.512745,8.0,3
305011112,West End,QLD,1051.377001,8.0,73.0,1098.476219,9.0,3
305021113,Balmoral,QLD,1089.776602,10.0,92.0,1126.697222,10.0,3
305021114,Bulimba,QLD,1099.387149,10.0,95.0,1144.210841,10.0,3
305021115,East Brisbane,QLD,1047.373844,7.0,70.0,1083.580269,9.0,3
305021116,Hawthorne,QLD,1101.862203,10.0,96.0,1141.966029,10.0,3
305021117,Morningside - Seven Hills,QLD,1069.935344,9.0,83.0,1092.785016,9.0,3
305021118,Norman Park,QLD,1102.147686,10.0,96.0,1135.575674,10.0,3
305031119,Albion,QLD,1078.286083,9.0,87.0,1094.552069,9.0,3
305031120,Alderley,QLD,1089.141945,10.0,92.0,1110.012373,9.0,3
305031121,Ascot,QLD,1078.244165,9.0,87.0,1110.050477,9.0,3
305031122,Clayfield,QLD,1067.712626,9.0,82.0,1086.100203,9.0,3
305031123,Grange,QLD,1117.929112,10.0,99.0,1149.960965,10.0,3
305031124,Hamilton (Qld),QLD,1073.791288,9.0,85.0,1100.321268,9.0,3
305031125,Hendra,QLD,1105.364943,10.0,97.0,1143.511325,10.0,3
305031126,Kelvin Grove - Herston,QLD,1011.164014,5.0,50.0,1060.68804,8.0,3
305031127,Newmarket,QLD,1071.629409,9.0,84.0,1097.588153,9.0,3
305031128,Newstead - Bowen Hills,QLD,1098.583065,10.0,95.0,1130.965558,10.0,3
305031129,Wilston,QLD,1100.330394,10.0,96.0,1140.754629,10.0,3
305031130,Windsor,QLD,1077.529863,9.0,87.0,1101.328192,9.0,3
305031131,Wooloowin - Lutwyche,QLD,1070.115978,9.0,84.0,1090.088874,9.0,3
305041132,Ashgrove,QLD,1102.81097,10.0,97.0,1137.491405,10.0,3
305041133,Auchenflower,QLD,1092.346913,10.0,93.0,1124.981253,10.0,3
305041134,Bardon,QLD,1119.411831,10.0,100.0,1162.191165,10.0,3
305041135,Paddington - Milton,QLD,1098.752893,10.0,95.0,1139.477526,10.0,3
305041136,Red Hill (Qld),QLD,1090.39304,10.0,93.0,1127.258584,10.0,3
305041137,Toowong,QLD,1078.450047,9.0,87.0,1110.088089,9.0,3
306011138,Brinsmead,QLD,1059.603666,8.0,78.0,1040.827585,7.0,3
306011139,Clifton Beach - Kewarra Beach,QLD,1036.274983,7.0,64.0,1012.276006,6.0,3
306011140,Freshwater - Stratford,QLD,1050.530245,8.0,72.0,1038.785338,7.0,3
306011141,Redlynch,QLD,1056.912054,8.0,77.0,1034.122593,7.0,3
306011142,Trinity Beach - Smithfield,QLD,1032.995219,7.0,61.0,1013.252285,6.0,3
306011143,Yorkeys Knob - Machans Beach,QLD,961.3741189,3.0,26.0,944.2599195,3.0,3
306021144,Bentley Park,QLD,978.3833545,4.0,33.0,944.6222342,3.0,3
306021145,Cairns City,QLD,950.5119543,3.0,22.0,969.0994976,4.0,3
306021146,Earlville - Bayview Heights,QLD,996.2838961,5.0,43.0,973.8252382,5.0,3
306021147,Edmonton,QLD,967.4658042,3.0,29.0,931.582743,3.0,3
306021148,Gordonvale - Trinity,QLD,1006.122522,5.0,48.0,969.7371853,4.0,3
306021149,Kanimbla - Mooroobool,QLD,964.6682906,3.0,27.0,960.2449713,4.0,3
306021151,Manoora,QLD,817.027332,1.0,3.0,840.8311003,1.0,3
306021152,Manunda,QLD,848.2799474,1.0,5.0,860.5639498,1.0,3
306021153,Mount Sheridan,QLD,1014.833944,6.0,52.0,983.9119222,5.0,3
306021154,Westcourt - Bungalow,QLD,866.2205604,1.0,6.0,882.1129722,1.0,3
306021155,White Rock,QLD,919.1257964,2.0,14.0,897.7656027,2.0,3
306021156,Whitfield - Edge Hill,QLD,1018.039507,6.0,53.0,1015.587657,6.0,3
306021157,Woree,QLD,872.2793256,1.0,7.0,867.3140741,1.0,3
306031158,Babinda,QLD,972.5372728,4.0,31.0,937.776391,3.0,3
306031159,Innisfail,QLD,871.3453042,1.0,7.0,865.8496404,1.0,3
306031160,Johnstone,QLD,967.3856632,3.0,29.0,925.1803348,2.0,3
306031161,Tully,QLD,943.42742,2.0,19.0,909.8837309,2.0,3
306031163,Yarrabah,QLD,512.4605016,1.0,1.0,677.6226035,1.0,3
306041164,Daintree,QLD,950.2454914,3.0,21.0,912.6452125,2.0,3
306041165,Port Douglas,QLD,1015.122673,6.0,52.0,982.713068,5.0,3
306051166,Atherton,QLD,961.4015084,3.0,26.0,927.0976711,3.0,3
306051167,Herberton,QLD,875.726665,1.0,7.0,860.6385396,1.0,3
306051168,Kuranda,QLD,967.5622838,3.0,29.0,952.9145102,4.0,3
306051169,Malanda - Yungaburra,QLD,995.8646536,5.0,43.0,965.5504346,4.0,3
306051170,Mareeba,QLD,922.2330175,2.0,14.0,906.2463984,2.0,3
307011171,Balonne,QLD,943.4793269,2.0,19.0,928.9081321,3.0,3
307011172,Chinchilla,QLD,968.443149,3.0,29.0,939.8348887,3.0,3
307011173,Goondiwindi,QLD,989.1264691,4.0,39.0,952.9523506,4.0,3
307011174,Inglewood - Waggamba,QLD,927.8468416,2.0,15.0,913.9737995,2.0,3
307011175,Miles - Wandoan,QLD,949.8064087,3.0,21.0,932.8316786,3.0,3
307011176,Roma,QLD,988.2278184,4.0,38.0,953.324813,4.0,3
307011177,Roma Surrounds,QLD,1003.076495,5.0,46.0,980.3245673,5.0,3
307011178,Tara,QLD,840.541207,1.0,4.0,848.4075806,1.0,3
307021179,Crows Nest - Rosalie,QLD,949.6489219,3.0,21.0,924.1234554,2.0,3
307021180,Jondaryan,QLD,941.5608409,2.0,19.0,912.668205,2.0,3
307021181,Millmerran,QLD,908.5680765,2.0,12.0,888.7283122,1.0,3
307021182,Pittsworth,QLD,987.9178176,4.0,38.0,949.3259224,3.0,3
307021183,Wambo,QLD,957.1896894,3.0,24.0,926.9241833,3.0,3
307031184,Clifton - Greenmount,QLD,978.5102857,4.0,33.0,952.5975957,4.0,3
307031185,Southern Downs - East,QLD,978.9750087,4.0,34.0,942.4995796,3.0,3
307031186,Southern Downs - West,QLD,953.7768535,3.0,24.0,925.6374242,2.0,3
307031187,Stanthorpe,QLD,913.1038473,2.0,12.0,890.2541468,1.0,3
307031188,Stanthorpe Surrounds,QLD,960.55676,3.0,25.0,931.3502512,3.0,3
307031189,Warwick,QLD,922.3011354,2.0,14.0,892.1541478,1.0,3
308011190,Central Highlands - East,QLD,897.2943412,1.0,10.0,891.2063317,1.0,3
308011191,Central Highlands - West,QLD,985.0405722,4.0,37.0,956.2555858,4.0,3
308011192,Emerald,QLD,1014.979185,6.0,52.0,976.3518195,5.0,3
308031205,Berserker,QLD,865.979694,1.0,6.0,849.7396674,1.0,3
308031206,Bouldercombe,QLD,955.0501053,3.0,24.0,918.5356687,2.0,3
308031207,Emu Park,QLD,950.9027202,3.0,22.0,916.9638793,2.0,3
308031208,Frenchville - Mount Archer,QLD,1001.443129,5.0,45.0,972.1266369,4.0,3
308031209,Glenlee - Rockyview,QLD,1066.752887,9.0,82.0,1022.900395,7.0,3
308031210,Gracemere,QLD,953.5561141,3.0,23.0,916.043312,2.0,3
308031211,Lakes Creek,QLD,902.2965556,2.0,11.0,877.7672906,1.0,3
308031212,Mount Morgan,QLD,795.8538552,1.0,3.0,794.2580359,1.0,3
308031213,Norman Gardens,QLD,996.2315928,5.0,43.0,971.0102551,4.0,3
308031214,Park Avenue,QLD,912.3205046,2.0,12.0,880.5522124,1.0,3
308031215,Parkhurst - Kawana,QLD,966.1555321,3.0,28.0,938.6058419,3.0,3
308031216,Rockhampton - West,QLD,950.981277,3.0,22.0,926.2150508,3.0,3
308031217,Rockhampton City,QLD,829.7922999,1.0,4.0,833.9401773,1.0,3
308031218,Rockhampton Surrounds - East,QLD,997.6234737,5.0,44.0,955.6658569,4.0,3
308031219,Rockhampton Surrounds - North,QLD,1014.94095,6.0,52.0,973.6439085,5.0,3
308031220,Rockhampton Surrounds - West,QLD,1022.228745,6.0,55.0,977.0419441,5.0,3
308031221,Shoalwater Bay,QLD,1135.975556,10.0,100.0,1005.03982,6.0,3
308031222,The Range - Allenstown,QLD,1002.978018,5.0,46.0,993.0153441,5.0,3
308031223,Yeppoon,QLD,1005.393567,5.0,47.0,974.8899794,5.0,3
308041528,Banana,QLD,997.7903663,5.0,44.0,961.467345,4.0,3
308041529,Biloela,QLD,981.9640264,4.0,35.0,942.1252034,3.0,3
308051530,Agnes Water - Miriam Vale,QLD,917.6723413,2.0,13.0,890.5508012,1.0,3
308051531,Boyne Island - Tannum Sands,QLD,994.0493322,5.0,42.0,962.2696336,4.0,3
308051532,Callemondah,QLD,1087.832541,10.0,92.0,1011.671031,6.0,3
308051533,Clinton - New Auckland,QLD,962.4982533,3.0,26.0,931.9697698,3.0,3
308051534,Gladstone,QLD,871.6519781,1.0,7.0,874.9934767,1.0,3
308051535,Gladstone Hinterland,QLD,987.3597068,4.0,38.0,946.9228119,3.0,3
308051536,Kin Kora - Sun Valley,QLD,953.0376724,3.0,23.0,918.8866748,2.0,3
308051538,Telina - Toolooa,QLD,974.4672418,4.0,32.0,941.9861839,3.0,3
308051539,West Gladstone,QLD,895.7989925,1.0,10.0,883.6774697,1.0,3
309011224,Broadbeach Waters,QLD,1064.443581,8.0,80.0,1075.737105,9.0,3
309011225,Burleigh Heads,QLD,1039.718001,7.0,66.0,1039.356371,7.0,3
309011226,Burleigh Waters,QLD,1048.028475,8.0,71.0,1033.386945,7.0,3
309011227,Mermaid Beach - Broadbeach,QLD,1037.078288,7.0,64.0,1038.968222,7.0,3
309011228,Mermaid Waters,QLD,1039.146497,7.0,65.0,1038.682859,7.0,3
309011229,Miami,QLD,1043.754623,7.0,68.0,1041.065743,7.0,3
309021230,Coolangatta,QLD,1000.460387,5.0,45.0,992.0467599,5.0,3
309021231,Currumbin - Tugun,QLD,1033.390219,7.0,62.0,1023.050607,7.0,3
309021232,Currumbin Waters,QLD,1025.265847,6.0,57.0,1003.748433,6.0,3
309021233,Elanora,QLD,1033.409965,7.0,62.0,1010.019792,6.0,3
309021234,Palm Beach,QLD,1037.999736,7.0,65.0,1033.639856,7.0,3
309031235,Arundel,QLD,1009.313256,5.0,49.0,1002.007264,6.0,3
309031236,Biggera Waters,QLD,978.1104553,4.0,33.0,972.2411147,4.0,3
309031237,Coombabah,QLD,967.1758948,3.0,29.0,936.2600874,3.0,3
309031238,Labrador,QLD,937.1653,2.0,18.0,929.5321737,3.0,3
309031239,Paradise Point - Hollywell,QLD,1048.571306,8.0,71.0,1044.535794,7.0,3
309031240,Runaway Bay,QLD,1023.257288,6.0,56.0,1011.750535,6.0,3
309041241,Guanaba - Springbrook,QLD,1034.159051,7.0,62.0,1004.866484,6.0,3
309041242,Tamborine - Canungra,QLD,1043.650626,7.0,68.0,1021.298647,6.0,3
309051243,Currumbin Valley - Tallebudgera,QLD,1061.087203,8.0,79.0,1054.876833,8.0,3
309051244,Mudgeeraba - Bonogin,QLD,1047.936867,8.0,71.0,1035.63209,7.0,3
309051245,Reedy Creek - Andrews,QLD,1066.018241,9.0,81.0,1060.507723,8.0,3
309061246,Carrara,QLD,1021.32755,6.0,55.0,1002.254246,6.0,3
309061247,Highland Park,QLD,1013.790397,6.0,51.0,983.4706773,5.0,3
309061248,Nerang - Mount Nathan,QLD,991.3888461,4.0,40.0,964.982583,4.0,3
309061249,Pacific Pines - Gaven,QLD,1030.227634,6.0,60.0,1006.430123,6.0,3
309061250,Worongary - Tallai,QLD,1054.408765,8.0,75.0,1044.016438,7.0,3
309071251,Coomera,QLD,1001.586838,5.0,45.0,993.3258674,5.0,3
309071252,Helensvale,QLD,1036.354811,7.0,64.0,1028.925928,7.0,3
309071253,Hope Island,QLD,1056.159929,8.0,76.0,1062.883204,8.0,3
309071254,Jacobs Well - Alberton,QLD,1021.970865,6.0,55.0,992.579806,5.0,3
309071256,Oxenford - Maudsland,QLD,1033.733825,7.0,62.0,1011.059325,6.0,3
309071552,Ormeau (East) - Stapylton,QLD,1018.854437,6.0,54.0,989.0467453,5.0,3
309071553,Ormeau (West) - Yatala,QLD,1048.237952,8.0,71.0,1021.579287,6.0,3
309071554,Pimpama - North,QLD,1013.567881,6.0,51.0,996.1614785,5.0,3
309071555,Pimpama - South,QLD,977.2141894,4.0,33.0,955.2955927,4.0,3
309071556,Upper Coomera (South) - Wongawal,QLD,1056.272963,8.0,76.0,1043.316159,7.0,3
309071557,Upper Coomera - North,QLD,998.8295523,5.0,44.0,975.3021424,5.0,3
309071558,Willow Vale - Pimpama (West),QLD,1021.634922,6.0,55.0,1002.620059,6.0,3
309081259,Clear Island Waters,QLD,1056.877485,8.0,77.0,1066.902778,8.0,3
309081260,Merrimac,QLD,1008.00169,5.0,48.0,985.9753589,5.0,3
309081262,Varsity Lakes,QLD,1012.990536,6.0,51.0,1007.898187,6.0,3
309081559,Robina - East,QLD,1047.247949,7.0,70.0,1041.14871,7.0,3
309081560,Robina - West,QLD,1026.056363,6.0,57.0,1023.750687,7.0,3
309091263,Ashmore,QLD,1017.836401,6.0,53.0,1006.826784,6.0,3
309091264,Molendinar,QLD,996.2383509,5.0,43.0,991.2206451,5.0,3
309091265,Parkwood,QLD,1020.234597,6.0,54.0,1017.298297,6.0,3
309091540,Southport - North,QLD,943.2799388,2.0,19.0,953.6123995,4.0,3
309091541,Southport - South,QLD,968.1206695,3.0,29.0,980.9147347,5.0,3
309101267,Benowa,QLD,1039.223694,7.0,65.0,1052.951265,8.0,3
309101268,Bundall,QLD,1055.61793,8.0,76.0,1067.804904,8.0,3
309101269,Main Beach,QLD,1058.85693,8.0,78.0,1063.874085,8.0,3
309101561,Surfers Paradise - North,QLD,989.9029752,4.0,39.0,999.0823466,6.0,3
309101562,Surfers Paradise - South,QLD,983.2191038,4.0,36.0,992.9317287,5.0,3
310011271,Darra - Sumner,QLD,954.290171,3.0,24.0,959.1853047,4.0,3
310011272,Durack,QLD,904.5466405,2.0,11.0,920.9372931,2.0,3
310011274,Inala - Richlands,QLD,757.9255422,1.0,2.0,813.3538158,1.0,3
310011275,Oxley (Qld),QLD,1058.983311,8.0,78.0,1057.195457,8.0,3
310011276,Wacol,QLD,761.8975744,1.0,2.0,791.6958402,1.0,3
310011563,Doolandella,QLD,972.2578761,4.0,31.0,968.3279963,4.0,3
310011564,Forest Lake - Ellen Grove,QLD,1007.227201,5.0,48.0,995.3346923,5.0,3
310021277,Boonah,QLD,995.8809302,5.0,43.0,958.4838171,4.0,3
310021278,Esk,QLD,940.2116374,2.0,18.0,904.1644383,2.0,3
310021280,Lockyer Valley - East,QLD,938.6345896,2.0,18.0,907.8448395,2.0,3
310021281,Lowood,QLD,941.2647684,2.0,19.0,911.5964266,2.0,3
310021282,Rosewood,QLD,968.6407972,3.0,29.0,934.0967053,3.0,3
310031283,Brassall,QLD,930.0068504,2.0,16.0,908.279938,2.0,3
310031284,Bundamba,QLD,920.8640178,2.0,14.0,895.0987107,2.0,3
310031285,Churchill - Yamanto,QLD,965.632473,3.0,28.0,925.8935895,3.0,3
310031286,Ipswich - Central,QLD,916.2264515,2.0,13.0,922.7641705,2.0,3
310031287,Ipswich - East,QLD,909.552683,2.0,12.0,895.0230564,2.0,3
310031288,Ipswich - North,QLD,1050.39832,8.0,72.0,1021.617519,6.0,3
310031289,Karalee - Barellan Point,QLD,1078.989848,9.0,88.0,1056.683329,8.0,3
310031290,Karana Downs,QLD,1088.167924,10.0,92.0,1072.235057,8.0,3
310031291,Leichhardt - One Mile,QLD,828.5666721,1.0,4.0,830.0664594,1.0,3
310031292,North Ipswich - Tivoli,QLD,931.088293,2.0,16.0,904.00018,2.0,3
310031293,Raceview,QLD,966.0587618,3.0,28.0,932.2441298,3.0,3
310031294,Ripley,QLD,1048.669294,8.0,71.0,1014.85185,6.0,3
310031295,Riverview,QLD,772.7373322,1.0,2.0,790.0676181,1.0,3
310041297,Camira - Gailes,QLD,965.6468369,3.0,28.0,939.4760595,3.0,3
310041299,Collingwood Park - Redbank,QLD,944.1727824,2.0,19.0,923.5005046,2.0,3
310041300,Goodna,QLD,847.1902488,1.0,5.0,854.7275237,1.0,3
310041302,Redbank Plains,QLD,895.6711721,1.0,10.0,884.277703,1.0,3
310041303,Springfield,QLD,1014.330524,6.0,52.0,992.6897463,5.0,3
310041304,Springfield Lakes,QLD,1043.498462,7.0,68.0,1031.554801,7.0,3
310041565,Augustine Heights - Brookwater,QLD,1089.717761,10.0,92.0,1096.04375,9.0,3
310041566,Bellbird Park,QLD,972.9475464,4.0,31.0,952.8677779,4.0,3
311011305,Beaudesert,QLD,915.254062,2.0,13.0,892.301472,1.0,3
311021306,Beenleigh,QLD,868.1696461,1.0,6.0,856.4339596,1.0,3
311021307,Eagleby,QLD,854.0154348,1.0,5.0,841.2796528,1.0,3
311021308,Edens Landing - Holmview,QLD,974.4867271,4.0,32.0,944.767058,3.0,3
311021309,Mount Warren Park,QLD,971.078222,4.0,31.0,934.4711532,3.0,3
311021310,Wolffdene - Bahrs Scrub,QLD,1025.695126,6.0,57.0,993.905491,5.0,3
311031311,Boronia Heights - Park Ridge,QLD,950.7272327,3.0,22.0,923.7180378,2.0,3
311031312,Browns Plains,QLD,906.8147798,2.0,11.0,893.2716418,2.0,3
311031313,Chambers Flat - Logan Reserve,QLD,965.8981959,3.0,28.0,945.7494783,3.0,3
311031314,Crestmead,QLD,862.647778,1.0,6.0,850.5411649,1.0,3
311031316,Hillcrest,QLD,991.5644743,4.0,40.0,966.0110177,4.0,3
311031317,Marsden,QLD,839.2520327,1.0,4.0,844.5394043,1.0,3
311031318,Munruben - Park Ridge South,QLD,1015.633665,6.0,52.0,980.4794185,5.0,3
311031319,Regents Park - Heritage Park,QLD,982.749318,4.0,35.0,952.2552285,4.0,3
311041322,Logan Village,QLD,1025.157493,6.0,57.0,994.2883947,5.0,3
311041567,Flagstone (East) - Riverbend,QLD,1013.080107,6.0,51.0,973.5357954,5.0,3
311041568,Flagstone (West) - New Beith,QLD,1063.918119,8.0,80.0,1035.02965,7.0,3
311041569,Greenbank - North Maclean,QLD,1010.051679,5.0,49.0,979.1082702,5.0,3
311041570,Jimboomba - Glenlogan,QLD,1021.008286,6.0,55.0,984.9537866,5.0,3
311041571,Yarrabilba,QLD,928.0797162,2.0,15.0,909.3788332,2.0,3
311051323,Bethania - Waterford,QLD,933.6248566,2.0,17.0,911.4173944,2.0,3
311051324,Cornubia - Carbrook,QLD,1062.518111,8.0,79.0,1048.787959,8.0,3
311051325,Loganholme - Tanah Merah,QLD,1003.424595,5.0,46.0,972.4393815,4.0,3
311051326,Loganlea,QLD,866.0660396,1.0,6.0,872.5519728,1.0,3
311051327,Shailer Park,QLD,1056.136086,8.0,76.0,1034.785882,7.0,3
311051328,Waterford West,QLD,876.1718735,1.0,7.0,869.6353069,1.0,3
311061329,Daisy Hill,QLD,1036.993873,7.0,64.0,1025.287248,7.0,3
311061330,Kingston (Qld),QLD,774.2161951,1.0,2.0,800.4301128,1.0,3
311061331,Logan Central,QLD,681.7873782,1.0,2.0,751.0670123,1.0,3
311061332,Rochedale South - Priestdale,QLD,1033.311357,7.0,61.0,1010.868779,6.0,3
311061333,Slacks Creek,QLD,857.1491831,1.0,5.0,859.7094032,1.0,3
311061334,Springwood,QLD,1027.37437,6.0,58.0,1006.4059,6.0,3
311061335,Underwood,QLD,1019.218036,6.0,54.0,1022.886485,7.0,3
311061336,Woodridge,QLD,735.8952186,1.0,2.0,779.8114237,1.0,3
312011337,Bowen,QLD,918.9262249,2.0,14.0,893.2513555,2.0,3
312011338,Broadsound - Nebo,QLD,988.5978557,4.0,38.0,946.3236924,3.0,3
312011339,Clermont,QLD,1005.609872,5.0,47.0,962.3936914,4.0,3
312011340,Collinsville,QLD,944.5759226,2.0,20.0,907.041403,2.0,3
312011341,Moranbah,QLD,1036.305502,7.0,64.0,997.6758667,6.0,3
312021342,Andergrove - Beaconsfield,QLD,980.3656535,4.0,34.0,940.8658149,3.0,3
312021343,East Mackay,QLD,991.8873608,4.0,40.0,962.3979936,4.0,3
312021344,Eimeo - Rural View,QLD,1035.609457,7.0,63.0,1001.505582,6.0,3
312021346,Mackay,QLD,907.4618386,2.0,11.0,905.7194235,2.0,3
312021347,Mackay Harbour,QLD,1030.568366,6.0,60.0,1030.960431,7.0,3
312021348,Mount Pleasant - Glenella,QLD,1052.110612,8.0,74.0,1018.527264,6.0,3
312021349,North Mackay,QLD,953.1918739,3.0,23.0,916.6106544,2.0,3
312021350,Ooralea - Bakers Creek,QLD,1028.637287,6.0,59.0,988.5266263,5.0,3
312021351,Pioneer Valley,QLD,1009.893779,5.0,49.0,963.428181,4.0,3
312021352,Sarina,QLD,977.1385422,4.0,33.0,932.2971468,3.0,3
312021353,Seaforth - Calen,QLD,1003.021764,5.0,46.0,959.0006089,4.0,3
312021354,Shoal Point - Bucasia,QLD,1024.395742,6.0,56.0,976.690704,5.0,3
312021355,Slade Point,QLD,941.5034486,2.0,19.0,911.645336,2.0,3
312021356,South Mackay,QLD,947.6461945,3.0,21.0,912.0840346,2.0,3
312021357,Walkerston - Eton,QLD,1031.440812,6.0,60.0,976.1825159,5.0,3
312021358,West Mackay,QLD,993.7035738,5.0,41.0,963.6822106,4.0,3
312031359,Airlie - Whitsundays,QLD,1006.211991,5.0,48.0,976.8477085,5.0,3
312031361,Proserpine,QLD,985.2962254,4.0,37.0,935.6026754,3.0,3
313011362,Beachmere - Sandstone Point,QLD,961.7917785,3.0,26.0,922.920093,2.0,3
313011363,Bribie Island,QLD,954.1360041,3.0,24.0,926.7852488,3.0,3
313021364,Burpengary - East,QLD,1048.872662,8.0,71.0,1017.932622,6.0,3
313021366,Caboolture - South,QLD,877.4249218,1.0,7.0,861.0956629,1.0,3
313021367,Elimbah,QLD,1027.261896,6.0,58.0,989.3447444,5.0,3
313021368,Morayfield - East,QLD,934.9281714,2.0,17.0,902.9842412,2.0,3
313021369,Wamuran,QLD,1024.594025,6.0,56.0,992.2229485,5.0,3
313021572,Caboolture - East,QLD,881.5790215,1.0,8.0,873.2723309,1.0,3
313021573,Caboolture - West,QLD,908.4451615,2.0,12.0,886.1309167,1.0,3
313031370,Kilcoy,QLD,953.5408946,3.0,23.0,922.1171359,2.0,3
313031371,Woodford - D'Aguilar,QLD,989.0537478,4.0,39.0,952.1861481,4.0,3
313041372,Burpengary,QLD,987.937432,4.0,38.0,953.0460628,4.0,3
313041373,Deception Bay,QLD,898.7521067,1.0,10.0,878.4376631,1.0,3
313041374,Morayfield,QLD,1019.42802,6.0,54.0,985.8934878,5.0,3
313041375,Narangba,QLD,1039.444157,7.0,65.0,1006.848919,6.0,3
313041376,Upper Caboolture,QLD,1048.051369,8.0,71.0,1011.319943,6.0,3
313051377,Clontarf,QLD,965.2575031,3.0,28.0,940.5765589,3.0,3
313051378,Margate - Woody Point,QLD,947.0417442,2.0,20.0,937.6774628,3.0,3
313051379,Redcliffe,QLD,933.2535289,2.0,17.0,922.4553173,2.0,3
313051380,Rothwell - Kippa-Ring,QLD,936.5285096,2.0,17.0,912.4576952,2.0,3
313051574,Moreton Island,QLD,1054.51364,8.0,75.0,1022.608533,7.0,3
313051575,Scarborough - Newport,QLD,1032.031019,7.0,61.0,1029.057467,7.0,3
314011382,Albany Creek,QLD,1086.722366,10.0,91.0,1068.840461,8.0,3
314011383,Cashmere,QLD,1080.399364,9.0,88.0,1057.104371,8.0,3
314011384,Dayboro,QLD,1074.980395,9.0,86.0,1060.327164,8.0,3
314011385,Eatons Hill,QLD,1101.404165,10.0,96.0,1090.856344,9.0,3
314011386,The Hills District,QLD,1081.957123,9.0,89.0,1066.86507,8.0,3
314011387,Samford Valley,QLD,1101.723217,10.0,96.0,1116.104702,10.0,3
314021389,Murrumba Downs - Griffin,QLD,1029.268114,6.0,59.0,1002.778115,6.0,3
314021576,Dakabin,QLD,979.0209173,4.0,34.0,950.6076448,4.0,3
314021577,Kallangur,QLD,946.3479599,2.0,20.0,915.8962444,2.0,3
314021578,Mango Hill,QLD,1037.090898,7.0,64.0,1021.972631,7.0,3
314021579,North Lakes,QLD,1043.623653,7.0,68.0,1028.699913,7.0,3
314031391,Bray Park,QLD,985.9539265,4.0,37.0,950.3201798,4.0,3
314031392,Lawnton,QLD,962.0731775,3.0,26.0,940.4342811,3.0,3
314031393,Petrie,QLD,1007.344281,5.0,48.0,978.3711078,5.0,3
314031394,Strathpine - Brendale,QLD,956.0771217,3.0,24.0,927.8529773,3.0,3
315011395,Aurukun,QLD,501.472497,1.0,1.0,700.1083999,1.0,3
315011396,Cape York,QLD,785.6858026,1.0,2.0,833.9150987,1.0,3
315011397,Croydon - Etheridge,QLD,953.5379226,3.0,23.0,941.8885478,3.0,3
315011398,Kowanyama - Pormpuraaw,QLD,534.9857533,1.0,1.0,693.3887248,1.0,3
315011399,Northern Peninsula,QLD,702.0579689,1.0,2.0,791.7709763,1.0,3
315011400,Tablelands,QLD,944.1333829,2.0,19.0,923.4701416,2.0,3
315011401,Torres,QLD,904.2902272,2.0,11.0,939.216288,3.0,3
315011402,Torres Strait Islands,QLD,649.4757155,1.0,1.0,777.0242917,1.0,3
315011403,Weipa,QLD,1058.087043,8.0,77.0,1035.648363,7.0,3
315021404,Carpentaria,QLD,718.8374436,1.0,2.0,796.980737,1.0,3
315021405,Mount Isa,QLD,974.6083036,4.0,32.0,956.1226604,4.0,3
315021406,Mount Isa Surrounds,QLD,953.4188008,3.0,23.0,932.4977642,3.0,3
315021407,Northern Highlands,QLD,991.4548087,4.0,40.0,960.8718029,4.0,3
315031408,Barcaldine - Blackall,QLD,985.6796021,4.0,37.0,954.809906,4.0,3
315031409,Charleville,QLD,948.3713141,3.0,21.0,929.7457554,3.0,3
315031410,Far Central West,QLD,962.4898279,3.0,26.0,941.9211648,3.0,3
315031411,Far South West,QLD,914.6086884,2.0,13.0,912.8913767,2.0,3
315031412,Longreach,QLD,1002.670995,5.0,46.0,976.0733896,5.0,3
316011413,Buderim - North,QLD,1047.945931,8.0,71.0,1034.72215,7.0,3
316011414,Buderim - South,QLD,1056.49556,8.0,76.0,1042.367624,7.0,3
316011415,Mountain Creek,QLD,1030.315067,6.0,60.0,1016.058725,6.0,3
316011416,Sippy Downs,QLD,1004.758045,5.0,47.0,986.9841979,5.0,3
316021417,Aroona - Currimundi,QLD,1015.587524,6.0,52.0,984.8017356,5.0,3
316021418,Buddina - Minyama,QLD,1036.624929,7.0,64.0,1027.903815,7.0,3
316021419,Caloundra - Kings Beach,QLD,953.5419216,3.0,23.0,940.476124,3.0,3
316021421,Golden Beach - Pelican Waters,QLD,1022.800875,6.0,56.0,1000.502911,6.0,3
316021422,Moffat Beach - Battery Hill,QLD,1013.825646,6.0,52.0,1003.278264,6.0,3
316021423,Parrearra - Warana,QLD,1030.02952,6.0,60.0,1018.039995,6.0,3
316021424,Wurtulla - Birtinya,QLD,1029.188245,6.0,59.0,1020.968965,6.0,3
316021580,Caloundra West - Baringa,QLD,1030.4487,6.0,60.0,1002.571988,6.0,3
316021581,Meridan Plains - Little Mountain,QLD,1015.964296,6.0,53.0,983.7349595,5.0,3
316031425,Coolum Beach,QLD,1038.561376,7.0,65.0,1017.85438,6.0,3
316031426,Marcoola - Mudjimba,QLD,1022.860852,6.0,56.0,995.4276716,5.0,3
316031427,Maroochydore - Kuluin,QLD,1001.085546,5.0,45.0,984.9076514,5.0,3
316031428,Mooloolaba - Alexandra Headland,QLD,1027.895312,6.0,58.0,1017.592321,6.0,3
316051434,Noosa Heads,QLD,1059.629461,8.0,78.0,1063.410256,8.0,3
316051435,Noosaville,QLD,1042.776743,7.0,67.0,1025.899741,7.0,3
316051437,Sunshine Beach,QLD,1057.522624,8.0,77.0,1054.546367,8.0,3
316051438,Tewantin,QLD,988.9622366,4.0,38.0,959.3905615,4.0,3
316051543,Peregian Beach - Marcus Beach,QLD,1075.017699,9.0,86.0,1065.786724,8.0,3
316051544,Peregian Springs,QLD,1045.912269,7.0,69.0,1037.451673,7.0,3
316061439,Beerwah,QLD,983.6120482,4.0,36.0,951.4796863,4.0,3
316061440,Caloundra Hinterland,QLD,1012.092469,6.0,51.0,997.6685956,6.0,3
316061441,Glass House Mountains,QLD,1020.582388,6.0,54.0,982.3829963,5.0,3
316061442,Landsborough,QLD,1042.069667,7.0,67.0,1014.134689,6.0,3
316061443,Maroochy Hinterland,QLD,1014.260232,6.0,52.0,988.9218301,5.0,3
316061444,Palmwoods,QLD,1029.210112,6.0,59.0,1006.328515,6.0,3
316071545,Bli Bli,QLD,1035.729479,7.0,63.0,999.1347092,6.0,3
316071546,Diddillibah - Rosemount,QLD,1026.127168,6.0,57.0,1011.949849,6.0,3
316071547,Eumundi - Yandina,QLD,1028.396756,6.0,59.0,1002.167414,6.0,3
316071548,Nambour,QLD,966.3365015,3.0,28.0,937.9791385,3.0,3
316081549,Noosa Hinterland,QLD,1027.688736,6.0,58.0,997.7628742,6.0,3
317011445,Cambooya - Wyreema,QLD,1041.813989,7.0,67.0,1003.560817,6.0,3
317011446,Darling Heights,QLD,951.752542,3.0,23.0,941.1708072,3.0,3
317011447,Drayton - Harristown,QLD,906.8542721,2.0,11.0,892.2359808,1.0,3
317011448,Gatton,QLD,882.0772231,1.0,8.0,881.6262639,1.0,3
317011449,Gowrie (Qld),QLD,1044.29743,7.0,68.0,990.4816006,5.0,3
317011450,Highfields,QLD,1082.175458,9.0,89.0,1051.259311,8.0,3
317011451,Lockyer Valley - West,QLD,1008.74528,5.0,49.0,969.992952,4.0,3
317011452,Middle Ridge,QLD,1070.951836,9.0,84.0,1060.922535,8.0,3
317011453,Newtown (Qld),QLD,890.5520557,1.0,9.0,885.2972594,1.0,3
317011454,North Toowoomba - Harlaxton,QLD,909.737292,2.0,12.0,908.1890479,2.0,3
317011455,Rangeville,QLD,1045.342539,7.0,69.0,1026.285823,7.0,3
317011456,Toowoomba - Central,QLD,951.4685886,3.0,22.0,941.5090612,3.0,3
317011457,Toowoomba - East,QLD,1034.955529,7.0,63.0,1039.980803,7.0,3
317011458,Toowoomba - West,QLD,1019.817091,6.0,54.0,982.191546,5.0,3
317011459,Wilsonton,QLD,888.1706951,1.0,9.0,868.8695722,1.0,3
318011460,Ayr,QLD,951.9948364,3.0,23.0,912.7942322,2.0,3
318011461,Burdekin,QLD,981.8329479,4.0,35.0,934.418377,3.0,3
318011462,Charters Towers,QLD,911.4362722,2.0,12.0,890.3309402,1.0,3
318011463,Dalrymple,QLD,978.5798291,4.0,33.0,945.1158065,3.0,3
318011464,Ingham,QLD,911.7934042,2.0,12.0,878.892568,1.0,3
318011465,Ingham Surrounds,QLD,982.731989,4.0,35.0,933.4664994,3.0,3
318011466,Palm Island,QLD,566.9441807,1.0,1.0,706.884793,1.0,3
318021467,Aitkenvale,QLD,915.7373278,2.0,13.0,913.6450034,2.0,3
318021468,Annandale (Qld),QLD,1054.817156,8.0,75.0,1037.84887,7.0,3
318021469,Belgian Gardens - Pallarenda,QLD,1034.425932,7.0,62.0,1034.366194,7.0,3
318021470,Bohle Plains,QLD,1073.582663,9.0,85.0,1029.645245,7.0,3
318021471,Condon - Rasmussen,QLD,916.2399974,2.0,13.0,890.5813724,1.0,3
318021472,Cranbrook,QLD,949.5300575,3.0,21.0,930.5997601,3.0,3
318021474,Douglas,QLD,1062.395131,8.0,79.0,1054.638998,8.0,3
318021475,Garbutt - West End,QLD,918.6285816,2.0,13.0,919.344503,2.0,3
318021476,Gulliver - Currajong - Vincent,QLD,921.9731219,2.0,14.0,902.3743663,2.0,3
318021477,Heatley,QLD,891.9812408,1.0,9.0,869.6409336,1.0,3
318021478,Hermit Park - Rosslea,QLD,957.2172697,3.0,25.0,954.7810189,4.0,3
318021479,Hyde Park - Pimlico,QLD,929.6127807,2.0,16.0,934.3040664,3.0,3
318021480,Kelso,QLD,937.9359743,2.0,18.0,905.4607268,2.0,3
318021481,Kirwan - East,QLD,896.0108923,1.0,10.0,880.8218548,1.0,3
318021482,Kirwan - West,QLD,1012.45011,6.0,51.0,976.2344541,5.0,3
318021483,Magnetic Island,QLD,979.9750043,4.0,34.0,956.3056562,4.0,3
318021484,Mount Louisa,QLD,1025.891395,6.0,57.0,990.908885,5.0,3
318021485,Mundingburra,QLD,983.1040622,4.0,36.0,966.8942441,4.0,3
318021486,Northern Beaches,QLD,974.9643575,4.0,32.0,935.5016539,3.0,3
318021487,Oonoonba,QLD,1050.517326,8.0,72.0,1032.136037,7.0,3
318021488,South Townsville - Railway Estat,QLD,992.4117081,5.0,41.0,973.1580525,4.0,3
318021489,Townsville - South,QLD,1034.073302,7.0,62.0,992.8880869,5.0,3
318021490,Townsville City - North Ward,QLD,1041.475871,7.0,67.0,1051.835573,8.0,3
318021491,Wulguru - Roseneath,QLD,951.503054,3.0,22.0,917.8635165,2.0,3
318021582,Burdell - Mount Low,QLD,1051.457191,8.0,73.0,1009.951357,6.0,3
318021583,Deeragun - Jensen,QLD,965.8136647,3.0,28.0,927.0499637,3.0,3
319011492,Ashfield - Kepnock,QLD,934.5839501,2.0,17.0,902.6253754,2.0,3
319011493,Bargara - Burnett Heads,QLD,992.2687827,5.0,41.0,964.5075997,4.0,3
319011494,Branyan - Kensington,QLD,994.7363199,5.0,42.0,950.1001158,3.0,3
319011495,Bundaberg,QLD,809.9628998,1.0,3.0,827.0733736,1.0,3
319011496,Bundaberg East - Kalkie,QLD,942.3654975,2.0,19.0,914.0002511,2.0,3
319011497,Bundaberg North - Gooburrum,QLD,894.3799783,1.0,9.0,869.2454956,1.0,3
319011498,Bundaberg Surrounds - North,QLD,936.0275239,2.0,17.0,901.4244666,2.0,3
319011499,Bundaberg Surrounds - South,QLD,925.7206076,2.0,15.0,891.4898416,1.0,3
319011500,Millbank - Avoca,QLD,924.0780901,2.0,15.0,892.6649886,1.0,3
319011501,Svensson Heights - Norville,QLD,887.7417615,1.0,8.0,864.4299094,1.0,3
319011502,Walkervale - Avenell Heights,QLD,886.8988859,1.0,8.0,860.9102559,1.0,3
319021503,Gayndah - Mundubbera,QLD,901.7563096,1.0,10.0,884.9605478,1.0,3
319021504,Gin Gin,QLD,853.7490792,1.0,5.0,843.6712541,1.0,3
319021505,Kingaroy,QLD,929.0300632,2.0,16.0,904.5905016,2.0,3
319021506,Kingaroy Surrounds - North,QLD,847.8329419,1.0,5.0,853.611927,1.0,3
319021507,Kingaroy Surrounds - South,QLD,975.0242846,4.0,32.0,940.2903712,3.0,3
319021508,Monto - Eidsvold,QLD,903.7048004,2.0,11.0,894.4770045,2.0,3
319021509,Nanango,QLD,862.9027786,1.0,6.0,843.2208378,1.0,3
319031511,Cooloola,QLD,901.2155235,1.0,10.0,863.4331213,1.0,3
319031512,Gympie - North,QLD,893.2186863,1.0,9.0,866.3509014,1.0,3
319031513,Gympie - South,QLD,937.422758,2.0,18.0,904.3301762,2.0,3
319031514,Gympie Surrounds,QLD,963.7302986,3.0,27.0,923.4569078,2.0,3
319031515,Kilkivan,QLD,935.9603894,2.0,17.0,908.3200986,2.0,3
319041516,Booral - River Heads,QLD,964.7185749,3.0,27.0,924.2334072,2.0,3
319041517,Craignish - Dundowran Beach,QLD,1005.757445,5.0,48.0,974.0229013,5.0,3
319041518,Pialba - Eli Waters,QLD,927.4024678,2.0,15.0,900.5494721,2.0,3
319041519,Point Vernon,QLD,922.1275722,2.0,14.0,899.752461,2.0,3
319041520,Torquay - Scarness - Kawungan,QLD,908.4485452,2.0,12.0,888.3253981,1.0,3
319041521,Urangan - Wondunna,QLD,940.5947311,2.0,19.0,914.6882991,2.0,3
319051522,Burrum - Fraser,QLD,903.6190178,2.0,11.0,873.4732416,1.0,3
319051523,Granville,QLD,856.1647257,1.0,5.0,838.0889276,1.0,3
319051524,Maryborough (Qld),QLD,853.0021445,1.0,5.0,840.3572369,1.0,3
319051525,Maryborough Surrounds - South,QLD,894.1282234,1.0,9.0,864.101972,1.0,3
319051526,Tinana,QLD,962.5543116,3.0,26.0,921.7473272,2.0,3
401011001,Adelaide,SA,979.834511,4.0,34.0,1045.477149,7.0,4
401011002,North Adelaide,SA,1057.711215,8.0,77.0,1087.978219,9.0,4
401021003,Adelaide Hills,SA,1062.473768,8.0,79.0,1029.414688,7.0,4
401021004,Aldgate - Stirling,SA,1099.907036,10.0,96.0,1098.430638,9.0,4
401021005,Hahndorf - Echunga,SA,1065.924111,9.0,81.0,1047.088587,8.0,4
401021006,Lobethal - Woodside,SA,1054.431999,8.0,75.0,1019.083206,6.0,4
401021007,Mount Barker,SA,1027.7747,6.0,58.0,996.716845,6.0,4
401021008,Mount Barker Surrounds,SA,1046.953691,7.0,70.0,1005.716751,6.0,4
401021009,Nairne,SA,1034.344058,7.0,62.0,991.2790761,5.0,4
401021010,Uraidla - Summertown,SA,1087.490551,10.0,91.0,1081.456768,9.0,4
401031011,Burnside - Wattle Park,SA,1082.250183,9.0,89.0,1098.909959,9.0,4
401031012,Beaumont - Glen Osmond,SA,1095.104965,10.0,94.0,1118.178958,10.0,4
401031013,Toorak Gardens,SA,1075.415373,9.0,86.0,1094.866083,9.0,4
401041014,Athelstone,SA,1064.493836,9.0,81.0,1037.290194,7.0,4
401041015,Paradise - Newton,SA,997.5513947,5.0,43.0,985.7903321,5.0,4
401041016,Rostrevor - Magill,SA,1027.174721,6.0,58.0,1027.075412,7.0,4
401051017,Norwood (SA),SA,1037.725366,7.0,65.0,1060.375157,8.0,4
401051018,Payneham - Felixstow,SA,1019.430493,6.0,54.0,1019.815462,6.0,4
401051019,St Peters - Marden,SA,1057.569951,8.0,77.0,1076.748969,9.0,4
401061020,Nailsworth - Broadview,SA,1052.990303,8.0,74.0,1052.840084,8.0,4
401061021,Prospect,SA,1054.545623,8.0,75.0,1059.792001,8.0,4
401061022,Walkerville,SA,1075.496226,9.0,86.0,1096.769042,9.0,4
401071023,Goodwood - Millswood,SA,1065.795408,9.0,81.0,1078.458394,9.0,4
401071024,Unley - Parkside,SA,1068.386755,9.0,83.0,1089.362912,9.0,4
402011025,Gawler - North,SA,1023.817597,6.0,56.0,978.9938657,5.0,4
402011026,Gawler - South,SA,961.9386981,3.0,26.0,934.2235801,3.0,4
402011027,Lewiston - Two Wells,SA,1009.164205,5.0,49.0,958.1041293,4.0,4
402021028,Craigmore - Blakeview,SA,952.9015267,3.0,23.0,919.442833,2.0,4
402021029,Davoren Park,SA,792.1635883,1.0,3.0,799.2742607,1.0,4
402021030,Elizabeth,SA,646.4501701,1.0,1.0,716.5564319,1.0,4
402021031,Elizabeth East,SA,834.0416916,1.0,4.0,838.0501656,1.0,4
402021032,Munno Para West - Angle Vale,SA,963.4888834,3.0,27.0,929.5037076,3.0,4
402021033,One Tree Hill,SA,1082.397298,9.0,89.0,1041.758545,7.0,4
402021034,Smithfield - Elizabeth North,SA,732.1607796,1.0,2.0,755.7155512,1.0,4
402021035,Virginia - Waterloo Corner,SA,957.8486149,3.0,25.0,939.3414426,3.0,4
402031036,Enfield - Blair Athol,SA,903.9914351,2.0,11.0,924.0570325,2.0,4
402031038,Windsor Gardens,SA,998.1037663,5.0,44.0,992.1219162,5.0,4
402031175,Northgate - Northfield,SA,1010.443437,5.0,50.0,1007.45246,6.0,4
402031176,Valley View - Gilles Plains,SA,978.4278177,4.0,33.0,957.2803142,4.0,4
402041040,Ingle Farm,SA,953.6999174,3.0,24.0,929.417226,3.0,4
402041041,Para Hills,SA,958.7592398,3.0,25.0,931.1457761,3.0,4
402041043,Parafield Gardens,SA,880.4027662,1.0,8.0,884.3448196,1.0,4
402041044,Paralowie,SA,888.3164294,1.0,9.0,877.554696,1.0,4
402041046,Salisbury,SA,802.9587543,1.0,3.0,826.8475308,1.0,4
402041047,Salisbury East,SA,940.0201936,2.0,18.0,916.471098,2.0,4
402041048,Salisbury North,SA,828.9759308,1.0,4.0,835.9040548,1.0,4
402041171,Mawson Lakes - Globe Derby Park,SA,1033.226895,7.0,61.0,1026.121709,7.0,4
402041172,Pooraka - Cavan,SA,910.6808507,2.0,12.0,906.068716,2.0,4
402051049,Golden Grove,SA,1042.819189,7.0,67.0,1016.377829,6.0,4
402051050,Greenwith,SA,1038.924769,7.0,65.0,1004.070886,6.0,4
402051051,Highbury - Dernancourt,SA,1067.954403,9.0,82.0,1041.689513,7.0,4
402051052,Hope Valley - Modbury,SA,986.6359932,4.0,37.0,959.5316216,4.0,4
402051053,Modbury Heights,SA,1030.036279,6.0,60.0,992.3392043,5.0,4
402051054,Redwood Park,SA,1048.289163,8.0,71.0,999.7166611,6.0,4
402051055,St Agnes - Ridgehaven,SA,1023.624403,6.0,56.0,986.0323443,5.0,4
403011056,Brighton (SA),SA,1047.56409,7.0,70.0,1043.021034,7.0,4
403011057,Glenelg (SA),SA,1046.527317,7.0,69.0,1046.114805,7.0,4
403021058,Edwardstown,SA,984.9990747,4.0,36.0,982.6983843,5.0,4
403021059,Hallett Cove,SA,1056.751789,8.0,76.0,1024.65807,7.0,4
403021060,Marino - Seaview Downs,SA,1060.139984,8.0,78.0,1038.105466,7.0,4
403021061,Mitchell Park,SA,959.1877536,3.0,25.0,956.936552,4.0,4
403021062,Morphettville,SA,1005.339753,5.0,47.0,999.8115108,6.0,4
403021063,Sheidow Park - Trott Park,SA,1057.570159,8.0,77.0,1010.953598,6.0,4
403021064,Warradale,SA,983.5253815,4.0,36.0,976.7884295,5.0,4
403031065,Belair,SA,1106.077041,10.0,98.0,1102.493193,9.0,4
403031066,Bellevue Heights,SA,1060.425107,8.0,78.0,1048.23347,8.0,4
403031067,Blackwood,SA,1093.624493,10.0,93.0,1084.890741,9.0,4
403031068,Colonel Light Gardens,SA,1063.52316,8.0,80.0,1062.696501,8.0,4
403031069,Mitcham (SA),SA,1087.495638,10.0,91.0,1099.838276,9.0,4
403031070,Panorama,SA,1033.445598,7.0,62.0,1023.235461,7.0,4
403041071,Aberfoyle Park,SA,1048.562576,8.0,71.0,1012.410875,6.0,4
403041072,Aldinga,SA,970.4948329,3.0,30.0,930.515952,3.0,4
403041073,Christie Downs,SA,862.1702813,1.0,6.0,850.4837405,1.0,4
403041074,Christies Beach,SA,946.3540517,2.0,20.0,920.4781163,2.0,4
403041075,Clarendon,SA,1086.252793,10.0,91.0,1056.140171,8.0,4
403041076,Coromandel Valley,SA,1099.122163,10.0,95.0,1077.4176,9.0,4
403041077,Flagstaff Hill,SA,1067.682068,9.0,82.0,1042.562214,7.0,4
403041078,Hackham - Onkaparinga Hills,SA,964.8937053,3.0,28.0,921.9169945,2.0,4
403041079,Hackham West - Huntfield Heights,SA,849.7234074,1.0,5.0,830.5549147,1.0,4
403041080,Happy Valley,SA,1044.525474,7.0,68.0,996.5926692,6.0,4
403041083,McLaren Vale,SA,1046.77626,7.0,70.0,1009.639233,6.0,4
403041084,Morphett Vale - East,SA,950.3971106,3.0,22.0,907.8722712,2.0,4
403041085,Morphett Vale - West,SA,911.5604595,2.0,12.0,876.0029309,1.0,4
403041086,Reynella,SA,990.1390542,4.0,39.0,943.6959894,3.0,4
403041088,Willunga,SA,1056.125514,8.0,76.0,1025.92536,7.0,4
403041089,Woodcroft,SA,1033.232645,7.0,61.0,984.532721,5.0,4
403041177,Seaford - Seaford Meadows,SA,990.5050129,4.0,39.0,950.8454015,4.0,4
403041178,Seaford Rise - Moana,SA,1002.104969,5.0,46.0,962.4809873,4.0,4
404011090,Beverley,SA,1006.325292,5.0,48.0,986.9935082,5.0,4
404011091,Flinders Park,SA,1003.606676,5.0,46.0,989.3828227,5.0,4
404011092,Henley Beach,SA,1049.496288,8.0,72.0,1043.088839,7.0,4
404011093,Hindmarsh - Brompton,SA,994.6356657,5.0,42.0,1004.072393,6.0,4
404011094,Royal Park - Hendon - Albert Par,SA,958.2056379,3.0,25.0,939.5793437,3.0,4
404011095,Seaton - Grange,SA,991.3841271,4.0,40.0,978.665274,5.0,4
404011096,West Lakes,SA,1026.971275,6.0,58.0,1010.747105,6.0,4
404011097,Woodville - Cheltenham,SA,955.6185175,3.0,24.0,955.2757715,4.0,4
404021099,Largs Bay - Semaphore,SA,1009.335926,5.0,49.0,992.5759526,5.0,4
404021100,North Haven,SA,968.8774643,3.0,30.0,942.2895308,3.0,4
404021101,Port Adelaide,SA,917.3789156,2.0,13.0,913.4731731,2.0,4
404021102,The Parks,SA,875.7976836,1.0,7.0,901.5949433,2.0,4
404031105,Fulham,SA,1050.871292,8.0,73.0,1039.076407,7.0,4
404031106,Lockleys,SA,1026.311704,6.0,57.0,1018.375594,6.0,4
404031107,Plympton,SA,1015.036348,6.0,52.0,1006.314973,6.0,4
404031108,Richmond (SA),SA,994.6526953,5.0,42.0,999.2124425,6.0,4
404031109,West Beach,SA,1059.233592,8.0,78.0,1049.714416,8.0,4
405011110,Barossa - Angaston,SA,1003.220304,5.0,46.0,969.3981685,4.0,4
405011111,Light,SA,1005.349715,5.0,47.0,959.213257,4.0,4
405011112,Lyndoch,SA,1044.320741,7.0,68.0,1000.945975,6.0,4
405011113,Mallala,SA,946.4987904,2.0,20.0,914.4909238,2.0,4
405011114,Nuriootpa,SA,984.5285085,4.0,36.0,941.2660405,3.0,4
405011115,Tanunda,SA,1028.500562,6.0,59.0,996.1523798,5.0,4
405021116,Clare,SA,1008.339912,5.0,49.0,969.7871429,4.0,4
405021117,Gilbert Valley,SA,988.640492,4.0,38.0,957.3194709,4.0,4
405021118,Goyder,SA,946.9085963,2.0,20.0,914.2693708,2.0,4
405021119,Wakefield - Barunga West,SA,929.7799311,2.0,16.0,907.2562772,2.0,4
405031120,Jamestown,SA,979.7097828,4.0,34.0,948.8280321,3.0,4
405031121,Peterborough - Mount Remarkable,SA,917.3224666,2.0,13.0,903.4677805,2.0,4
405031122,Port Pirie,SA,870.4742553,1.0,7.0,852.6326535,1.0,4
405031123,Port Pirie Surrounds,SA,966.6337305,3.0,29.0,931.9674448,3.0,4
405041124,Kadina,SA,936.721923,2.0,17.0,897.4360379,2.0,4
405041125,Moonta,SA,938.3882387,2.0,18.0,904.0572975,2.0,4
405041126,Wallaroo,SA,890.5442762,1.0,9.0,871.3782206,1.0,4
405041127,Yorke Peninsula - North,SA,954.7767396,3.0,24.0,921.3578295,2.0,4
405041128,Yorke Peninsula - South,SA,945.9623913,2.0,20.0,911.2324325,2.0,4
406011129,Ceduna,SA,945.8236722,2.0,20.0,924.4134174,2.0,4
406011130,Eyre Peninsula,SA,1008.033775,5.0,49.0,964.8153811,4.0,4
406011131,Kimba - Cleve - Franklin Harbour,SA,989.9110934,4.0,39.0,953.3600829,4.0,4
406011132,Le Hunte - Elliston,SA,983.7104277,4.0,36.0,960.7566587,4.0,4
406011133,Port Lincoln,SA,961.6052202,3.0,26.0,925.5049266,2.0,4
406011134,West Coast (SA),SA,948.9456638,3.0,21.0,934.0499257,3.0,4
406011135,Western,SA,643.866221,1.0,1.0,823.480513,1.0,4
406011136,Whyalla,SA,882.2426436,1.0,8.0,867.7655347,1.0,4
406021138,APY Lands,SA,496.3265311,1.0,1.0,705.8294712,1.0,4
406021139,Coober Pedy,SA,868.2946925,1.0,6.0,867.8971693,1.0,4
406021140,Quorn - Lake Gilles,SA,939.5163176,2.0,18.0,913.7151041,2.0,4
406021141,Outback,SA,942.4043961,2.0,19.0,925.9671186,3.0,4
406021142,Port Augusta,SA,885.4514723,1.0,8.0,874.3757522,1.0,4
406021143,Roxby Downs,SA,1047.746749,7.0,70.0,1003.712794,6.0,4
407011144,Goolwa - Port Elliot,SA,965.3330281,3.0,28.0,927.8250968,3.0,4
407011145,Kangaroo Island,SA,991.487603,4.0,40.0,952.1898222,4.0,4
407011146,Strathalbyn,SA,994.8211178,5.0,42.0,952.0751866,4.0,4
407011147,Strathalbyn Surrounds,SA,1014.799941,6.0,52.0,977.6622106,5.0,4
407011148,Victor Harbor,SA,960.5555326,3.0,25.0,924.9203029,2.0,4
407011149,Yankalilla,SA,983.569874,4.0,36.0,948.7392898,3.0,4
407021150,Grant,SA,1011.638794,6.0,51.0,962.8201003,4.0,4
407021151,Kingston - Robe,SA,995.2010321,5.0,42.0,958.9571927,4.0,4
407021152,Millicent,SA,904.8942901,2.0,11.0,869.5748544,1.0,4
407021154,Naracoorte,SA,952.2743633,3.0,23.0,922.7383674,2.0,4
407021155,Naracoorte Surrounds,SA,1044.443017,7.0,68.0,1017.519344,6.0,4
407021156,Penola,SA,951.9966559,3.0,23.0,924.4371532,2.0,4
407021157,Tatiara,SA,981.6245795,4.0,35.0,949.9853696,3.0,4
407021158,Wattle Range,SA,987.2335289,4.0,38.0,944.9226058,3.0,4
407021173,Mount Gambier - East,SA,941.0519959,2.0,19.0,906.8494849,2.0,4
407021174,Mount Gambier - West,SA,930.5310121,2.0,16.0,898.5458178,2.0,4
407031159,Barmera,SA,937.4185001,2.0,18.0,907.8185691,2.0,4
407031160,Berri,SA,859.8595977,1.0,6.0,853.8241429,1.0,4
407031161,Karoonda - Lameroo,SA,983.986008,4.0,36.0,951.9038723,4.0,4
407031162,Loxton,SA,964.504511,3.0,27.0,929.3534373,3.0,4
407031163,Loxton Surrounds,SA,984.2360637,4.0,36.0,957.2931669,4.0,4
407031164,Mannum,SA,914.3896675,2.0,13.0,883.8297605,1.0,4
407031165,Murray Bridge,SA,873.1673871,1.0,7.0,852.1154328,1.0,4
407031166,Murray Bridge Surrounds,SA,986.4506309,4.0,37.0,942.2112237,3.0,4
407031167,Renmark,SA,862.6282923,1.0,6.0,857.9423748,1.0,4
407031168,Renmark Surrounds,SA,978.3348194,4.0,33.0,937.2216752,3.0,4
407031169,The Coorong,SA,938.7174083,2.0,18.0,910.9791203,2.0,4
407031170,Waikerie,SA,925.8431161,2.0,15.0,893.0612022,2.0,4
501011001,Augusta,WA,1026.950507,6.0,58.0,989.8268756,5.0,5
501011003,Busselton Surrounds,WA,1069.661036,9.0,83.0,1045.683375,7.0,5
501011004,Margaret River,WA,1034.208837,7.0,62.0,1005.20797,6.0,5
501011293,Busselton - East,WA,996.3471141,5.0,43.0,962.964281,4.0,5
501011294,Busselton - West,WA,997.8688553,5.0,44.0,958.23698,4.0,5
501021005,Australind - Leschenault,WA,1011.354635,5.0,50.0,970.2522203,4.0,5
501021007,Capel,WA,990.5134918,4.0,39.0,951.1662224,4.0,5
501021008,College Grove - Carey Park,WA,878.3030117,1.0,7.0,858.4353538,1.0,5
501021009,Collie,WA,908.2204537,2.0,11.0,872.1221065,1.0,5
501021010,Dardanup,WA,1031.893563,7.0,61.0,999.8475702,6.0,5
501021012,Eaton - Pelican Point,WA,1002.894416,5.0,46.0,956.2564844,4.0,5
501021014,Harvey,WA,969.8618481,3.0,30.0,937.6471619,3.0,5
501021015,East Bunbury - Glen Iris,WA,953.8938414,3.0,24.0,918.5015905,2.0,5
501021016,Waroona,WA,935.8688243,2.0,17.0,907.7293913,2.0,5
501021251,Dalyellup,WA,1012.371932,6.0,51.0,981.8264078,5.0,5
501021252,Gelorup - Stratham,WA,1071.152654,9.0,84.0,1039.894717,7.0,5
501021253,South Bunbury - Bunbury,WA,1003.267645,5.0,46.0,982.6415523,5.0,5
501021254,Withers - Usher,WA,844.3188946,1.0,4.0,830.446224,1.0,5
501031017,Bridgetown - Boyup Brook,WA,998.991029,5.0,44.0,963.7972968,4.0,5
501031018,Donnybrook - Balingup,WA,986.8907914,4.0,38.0,961.3408157,4.0,5
501031019,Manjimup,WA,938.0904397,2.0,18.0,906.823045,2.0,5
501031020,Pemberton,WA,987.4346804,4.0,38.0,958.2393504,4.0,5
502011021,Dawesville - Bouvard,WA,991.4381677,4.0,40.0,958.6804555,4.0,5
502011022,Falcon - Wannanup,WA,986.8323029,4.0,37.0,958.5664415,4.0,5
502011023,Greenfields,WA,889.6605079,1.0,9.0,868.2272487,1.0,5
502011024,Halls Head - Erskine,WA,997.1765162,5.0,43.0,970.4788982,4.0,5
502011025,Mandurah,WA,858.6771824,1.0,6.0,857.781964,1.0,5
502011026,Mandurah - East,WA,965.5081405,3.0,28.0,936.3996771,3.0,5
502011027,Mandurah - North,WA,1011.311331,5.0,50.0,981.2362696,5.0,5
502011028,Mandurah - South,WA,899.6946598,1.0,10.0,886.4827758,1.0,5
502011029,Pinjarra,WA,954.4188116,3.0,24.0,921.8105295,2.0,5
503011030,City Beach,WA,1127.413674,10.0,100.0,1172.382062,10.0,5
503011031,Claremont (WA),WA,1069.502183,9.0,83.0,1111.225271,9.0,5
503011032,Cottesloe,WA,1115.028247,10.0,99.0,1159.625838,10.0,5
503011033,Floreat,WA,1124.686329,10.0,100.0,1169.853993,10.0,5
503011034,Mosman Park - Peppermint Grove,WA,1068.78086,9.0,83.0,1114.983158,10.0,5
503011035,Nedlands - Dalkeith - Crawley,WA,1101.307826,10.0,96.0,1147.208206,10.0,5
503011036,Swanbourne - Mount Claremont,WA,1106.028329,10.0,98.0,1149.878289,10.0,5
503021037,Kings Park (WA),WA,1156.602502,10.0,100.0,1138.493993,10.0,5
503021038,Mount Hawthorn - Leederville,WA,1092.029618,10.0,93.0,1118.860993,10.0,5
503021039,Mount Lawley - Inglewood,WA,1072.908418,9.0,85.0,1097.832169,9.0,5
503021040,North Perth,WA,1067.784231,9.0,82.0,1098.839254,9.0,5
503021042,Subiaco - Shenton Park,WA,1079.07714,9.0,88.0,1118.976556,10.0,5
503021043,Wembley - West Leederville - Gle,WA,1060.158316,8.0,78.0,1086.520995,9.0,5
503021295,East Perth,WA,1042.599906,7.0,67.0,1080.003719,9.0,5
503021296,Perth (North) - Highgate,WA,1043.650396,7.0,68.0,1074.448219,8.0,5
503021297,Perth (West) - Northbridge,WA,1041.160928,7.0,66.0,1084.587599,9.0,5
504011044,Bassendean - Eden Hill - Ashfiel,WA,1015.143367,6.0,52.0,1004.561036,6.0,5
504011045,Bayswater - Embleton - Bedford,WA,1036.677109,7.0,64.0,1042.659359,7.0,5
504011046,Maylands,WA,1017.035808,6.0,53.0,1031.736192,7.0,5
504011047,Morley,WA,992.5829629,5.0,41.0,980.3839326,5.0,5
504011048,Noranda,WA,1027.111348,6.0,58.0,1015.684196,6.0,5
504021049,Chidlow,WA,1032.920241,7.0,61.0,995.8709101,5.0,5
504021050,Glen Forrest - Darlington,WA,1089.555954,10.0,92.0,1082.639599,9.0,5
504021051,Helena Valley - Koongamia,WA,1032.48623,7.0,61.0,1010.141763,6.0,5
504021053,Mundaring,WA,1050.643705,8.0,73.0,1025.144825,7.0,5
504021054,Swan View - Greenmount - Midvale,WA,972.2383662,4.0,31.0,946.5743946,3.0,5
504031056,Ballajura,WA,968.081977,3.0,29.0,951.0422403,4.0,5
504031057,Beechboro,WA,979.3074232,4.0,34.0,961.2125173,4.0,5
504031058,Bullsbrook,WA,1008.70334,5.0,49.0,969.3800862,4.0,5
504031060,Gidgegannup,WA,1071.735624,9.0,84.0,1056.667211,8.0,5
504031061,Hazelmere - Guildford,WA,1054.482565,8.0,75.0,1036.435742,7.0,5
504031062,Lockridge - Kiara,WA,992.2425069,5.0,41.0,975.3360204,5.0,5
504031065,Middle Swan - Herne Hill,WA,976.9112825,4.0,33.0,953.0540662,4.0,5
504031066,Midland - Guildford,WA,929.3277083,2.0,16.0,927.2125542,3.0,5
504031067,Stratton - Jane Brook,WA,987.1082425,4.0,38.0,959.6566449,4.0,5
504031068,The Vines,WA,1045.553428,7.0,69.0,1029.869532,7.0,5
504031298,Aveley,WA,1035.36382,7.0,63.0,1005.918815,6.0,5
504031299,Brabham - Henley Brook,WA,1041.308992,7.0,67.0,1008.304175,6.0,5
504031300,Ellenbrook,WA,976.1371135,4.0,32.0,950.1093868,3.0,5
505011070,Craigie - Beldon,WA,1034.381273,7.0,62.0,998.8389224,6.0,5
505011071,Currambine - Kinross,WA,1064.247052,8.0,80.0,1040.698477,7.0,5
505011072,Duncraig,WA,1089.864783,10.0,92.0,1092.318358,9.0,5
505011073,Greenwood - Warwick,WA,1052.123119,8.0,74.0,1032.038778,7.0,5
505011074,Heathridge - Connolly,WA,1044.718755,7.0,69.0,1018.356653,6.0,5
505011075,Hillarys,WA,1095.414503,10.0,94.0,1104.578412,9.0,5
505011076,Iluka - Burns Beach,WA,1112.900306,10.0,99.0,1132.570862,10.0,5
505011077,Joondalup - Edgewater,WA,1031.957109,7.0,61.0,1019.490085,6.0,5
505011078,Kingsley,WA,1068.596988,9.0,83.0,1048.598765,8.0,5
505011079,Mullaloo - Kallaroo,WA,1088.832802,10.0,92.0,1086.809766,9.0,5
505011080,Ocean Reef,WA,1085.554456,9.0,90.0,1082.313171,9.0,5
505011081,Padbury,WA,1063.771269,8.0,80.0,1041.579856,7.0,5
505011082,Sorrento - Marmion,WA,1103.626527,10.0,97.0,1111.501926,10.0,5
505011083,Woodvale,WA,1085.00752,9.0,90.0,1070.191039,8.0,5
505021084,Balcatta - Hamersley,WA,1018.998013,6.0,54.0,1005.470379,6.0,5
505021085,Balga - Mirrabooka,WA,866.225788,1.0,6.0,877.9763793,1.0,5
505021088,Innaloo - Doubleview,WA,1046.725425,7.0,70.0,1059.798832,8.0,5
505021089,Karrinyup - Gwelup - Carine,WA,1103.457527,10.0,97.0,1114.13066,10.0,5
505021090,Nollamara - Westminster,WA,949.5056083,3.0,21.0,948.0566531,3.0,5
505021091,Osborne Park Industrial,WA,1086.787491,10.0,91.0,1066.57119,8.0,5
505021092,Scarborough,WA,1072.088099,9.0,84.0,1079.993453,9.0,5
505021093,Stirling - Osborne Park,WA,1045.065798,7.0,69.0,1048.759073,8.0,5
505021094,Trigg - North Beach - Watermans,WA,1092.413325,10.0,93.0,1109.241105,9.0,5
505021095,Tuart Hill - Joondanna,WA,1024.13475,6.0,56.0,1022.550597,7.0,5
505021096,Wembley Downs - Churchlands - Wo,WA,1090.08903,10.0,92.0,1121.009312,10.0,5
505021097,Yokine - Coolbinia - Menora,WA,1042.99614,7.0,68.0,1050.787032,8.0,5
505021301,Dianella - North,WA,1026.836186,6.0,58.0,1031.290624,7.0,5
505021302,Dianella - South,WA,1015.00498,6.0,52.0,1015.073815,6.0,5
505031098,Alexander Heights - Koondoola,WA,912.9294298,2.0,12.0,911.4521554,2.0,5
505031099,Butler - Merriwa - Ridgewood,WA,966.3297937,3.0,28.0,942.1768867,3.0,5
505031100,Carramar,WA,1028.078005,6.0,59.0,1002.548782,6.0,5
505031101,Clarkson,WA,985.3658782,4.0,37.0,964.9886676,4.0,5
505031102,Girrawheen,WA,858.8066867,1.0,6.0,867.5625519,1.0,5
505031104,Marangaroo,WA,941.5815648,2.0,19.0,932.2124552,3.0,5
505031105,Mindarie - Quinns Rocks - Jindal,WA,1060.243007,8.0,78.0,1050.689191,8.0,5
505031107,Tapping - Ashby - Sinagra,WA,1049.319424,8.0,72.0,1024.16907,7.0,5
505031255,Alkimos - Eglinton,WA,1033.31538,7.0,61.0,1002.651555,6.0,5
505031256,Carabooda - Pinjar,WA,1035.038966,7.0,63.0,1017.872369,6.0,5
505031257,Two Rocks,WA,986.3688376,4.0,37.0,956.5061065,4.0,5
505031258,Yanchep,WA,981.3264463,4.0,35.0,953.6938611,4.0,5
505031303,Hocking - Pearsall,WA,1050.7363,8.0,73.0,1024.527675,7.0,5
505031304,Landsdale,WA,1058.855099,8.0,77.0,1048.345571,8.0,5
505031305,Madeley - Darch,WA,1051.552179,8.0,73.0,1043.152019,7.0,5
505031306,Wanneroo - Sinagra,WA,997.1630701,5.0,43.0,974.8237814,5.0,5
506011110,Armadale - Wungong - Brookdale,WA,896.730473,1.0,10.0,881.5989195,1.0,5
506011112,Camillo - Champion Lakes,WA,900.5284717,1.0,10.0,884.7908852,1.0,5
506011114,Kelmscott,WA,943.1028889,2.0,19.0,921.2608658,2.0,5
506011115,Mount Nasura - Mount Richon - Be,WA,1047.206522,7.0,70.0,1019.6089,6.0,5
506011116,Roleystone,WA,1068.028372,9.0,82.0,1044.119052,7.0,5
506011117,Seville Grove,WA,961.6355914,3.0,26.0,932.5851898,3.0,5
506011307,Harrisdale,WA,1074.093865,9.0,85.0,1059.388764,8.0,5
506011308,Piara Waters - Forrestdale,WA,1082.155944,9.0,89.0,1067.814594,8.0,5
506021118,Belmont - Ascot - Redcliffe,WA,981.4890772,4.0,35.0,982.5400142,5.0,5
506021119,East Victoria Park - Carlisle,WA,1032.809635,7.0,61.0,1044.717934,7.0,5
506021123,Victoria Park - Lathlain - Bursw,WA,1049.452187,8.0,72.0,1060.786845,8.0,5
506021309,Cloverdale,WA,963.7842928,3.0,27.0,953.8573465,4.0,5
506021310,Kewdale,WA,1001.091768,5.0,45.0,989.6984622,5.0,5
506021311,Rivervale,WA,1002.980099,5.0,46.0,1009.918461,6.0,5
506031124,Bentley - Wilson - St James,WA,970.9993533,4.0,31.0,983.8105615,5.0,5
506031125,Canning Vale - West,WA,1069.270585,9.0,83.0,1066.234006,8.0,5
506031127,Cannington - Queens Park,WA,982.374349,4.0,35.0,979.4066376,5.0,5
506031128,Parkwood - Ferndale - Lynwood,WA,1003.757601,5.0,47.0,986.9222783,5.0,5
506031129,Riverton - Shelley - Rossmoyne,WA,1070.664331,9.0,84.0,1078.078644,9.0,5
506031131,Willetton,WA,1058.423336,8.0,77.0,1059.97787,8.0,5
506041132,Beckenham - Kenwick - Langford,WA,948.9136024,3.0,21.0,940.8166766,3.0,5
506041133,Canning Vale - East,WA,1053.228864,8.0,74.0,1046.421184,7.0,5
506041134,Gosnells,WA,891.8357305,1.0,9.0,880.1781759,1.0,5
506041135,Huntingdale - Southern River,WA,1027.262672,6.0,58.0,1010.729004,6.0,5
506041136,Maddington - Orange Grove - Mart,WA,923.7781399,2.0,15.0,914.1261,2.0,5
506041137,Thornlie,WA,976.8067821,4.0,33.0,958.3736802,4.0,5
506051138,Forrestfield - Wattle Grove,WA,1010.162752,5.0,50.0,984.0561905,5.0,5
506051139,High Wycombe,WA,998.5486709,5.0,44.0,961.8575315,4.0,5
506051140,Kalamunda - Maida Vale - Goosebe,WA,1065.401035,9.0,81.0,1050.631382,8.0,5
506051141,Lesmurdie - Bickley - Carmel,WA,1068.544362,9.0,83.0,1048.974218,8.0,5
506061142,Byford,WA,1024.208817,6.0,56.0,985.637371,5.0,5
506061143,Mundijong,WA,1040.215448,7.0,66.0,1017.559831,6.0,5
506061144,Serpentine - Jarrahdale,WA,1027.03039,6.0,58.0,1000.328518,6.0,5
506071145,Como,WA,1062.186074,8.0,79.0,1072.988197,8.0,5
506071146,Manning - Waterford,WA,1050.124581,8.0,72.0,1079.348648,9.0,5
506071147,South Perth - Kensington,WA,1078.675199,9.0,87.0,1101.606969,9.0,5
507011148,Banjup,WA,1072.619372,9.0,85.0,1061.530163,8.0,5
507011152,Coogee,WA,1058.29663,8.0,77.0,1039.288231,7.0,5
507011153,Coolbellup,WA,994.2238168,5.0,42.0,983.7871167,5.0,5
507011154,Hamilton Hill,WA,963.0953449,3.0,27.0,961.1874342,4.0,5
507011158,North Coogee,WA,1099.600488,10.0,96.0,1123.11684,10.0,5
507011159,South Lake - Cockburn Central,WA,1000.754819,5.0,45.0,984.6130526,5.0,5
507011160,Spearwood,WA,993.0530994,5.0,41.0,973.0494956,4.0,5
507011161,Success - Hammond Park,WA,1059.365546,8.0,78.0,1044.854521,7.0,5
507011163,Yangebup,WA,1012.078544,6.0,51.0,986.7863338,5.0,5
507011259,Beeliar - Wattleup,WA,1042.496438,7.0,67.0,1022.71593,7.0,5
507011260,Jandakot,WA,1075.39859,9.0,86.0,1068.37051,8.0,5
507021164,East Fremantle,WA,1082.151464,9.0,89.0,1108.982785,9.0,5
507021165,Fremantle,WA,1038.797235,7.0,65.0,1069.545022,8.0,5
507021166,Fremantle - South,WA,1022.574031,6.0,56.0,1036.655076,7.0,5
507031169,Wellard (West) - Bertram,WA,1019.432678,6.0,54.0,993.2928922,5.0,5
507031170,Calista,WA,877.0243186,1.0,7.0,863.961272,1.0,5
507031172,Hope Valley - Postans,WA,1002.024832,5.0,45.0,952.6791855,4.0,5
507031174,Parmelia - Orelia,WA,889.428527,1.0,9.0,871.2630452,1.0,5
507031261,Casuarina - Wandi,WA,1063.384602,8.0,80.0,1037.420215,7.0,5
507041175,Applecross - Ardross,WA,1096.430958,10.0,94.0,1124.12363,10.0,5
507041176,Bateman,WA,1075.86026,9.0,86.0,1090.504663,9.0,5
507041177,Bicton - Palmyra,WA,1055.972072,8.0,76.0,1061.461791,8.0,5
507041178,Booragoon,WA,1076.599079,9.0,86.0,1097.732771,9.0,5
507041179,Bull Creek,WA,1067.192739,9.0,82.0,1078.985632,9.0,5
507041180,Leeming,WA,1089.305745,10.0,92.0,1085.255619,9.0,5
507041181,Melville,WA,1086.070061,10.0,91.0,1096.596751,9.0,5
507041182,Murdoch - Kardinya,WA,1049.683666,8.0,72.0,1044.656695,7.0,5
507041183,Willagee,WA,970.6145462,3.0,30.0,984.4576833,5.0,5
507041184,Winthrop,WA,1095.464738,10.0,94.0,1108.676199,9.0,5
507051186,Cooloongup,WA,903.1275108,2.0,11.0,877.0513057,1.0,5
507051187,Port Kennedy,WA,981.337002,4.0,35.0,951.4227394,4.0,5
507051188,Rockingham,WA,934.8123487,2.0,17.0,916.2154417,2.0,5
507051190,Safety Bay - Shoalwater,WA,984.8544905,4.0,36.0,959.0639141,4.0,5
507051191,Singleton - Golden Bay - Secret,WA,1035.896083,7.0,63.0,1009.990048,6.0,5
507051192,Waikiki,WA,970.7136698,3.0,30.0,943.5116564,3.0,5
507051193,Warnbro,WA,944.4947461,2.0,20.0,916.6322352,2.0,5
507051312,Baldivis - North,WA,1017.310142,6.0,53.0,982.3708795,5.0,5
507051313,Baldivis - South,WA,1028.49899,6.0,59.0,1000.06223,6.0,5
507051314,Karnup,WA,1026.924583,6.0,58.0,989.2897157,5.0,5
509011225,Albany,WA,978.5430931,4.0,33.0,954.9518428,4.0,5
509011226,Albany Surrounds,WA,1029.856657,6.0,59.0,1008.39275,6.0,5
509011227,Bayonet Head - Lower King,WA,1011.006567,5.0,50.0,964.0775914,4.0,5
509011228,Denmark,WA,1003.244577,5.0,46.0,981.3334398,5.0,5
509011229,Gnowangerup,WA,1020.557938,6.0,54.0,992.6010895,5.0,5
509011230,Katanning,WA,916.3014961,2.0,13.0,906.7960755,2.0,5
509011231,Kojonup,WA,978.7583084,4.0,34.0,966.6026933,4.0,5
509011232,Little Grove - Elleker,WA,1031.512145,6.0,60.0,992.9489564,5.0,5
509011233,McKail - Willyung,WA,959.7656394,3.0,25.0,919.5366996,2.0,5
509011234,Plantagenet,WA,948.6440401,3.0,21.0,929.2284842,3.0,5
509021236,Chittering,WA,1030.194839,6.0,60.0,1002.796777,6.0,5
509021237,Cunderdin,WA,965.4432259,3.0,28.0,936.6176998,3.0,5
509021238,Dowerin,WA,969.4013314,3.0,30.0,944.5596084,3.0,5
509021239,Gingin - Dandaragan,WA,982.6818837,4.0,35.0,952.2498898,4.0,5
509021240,Merredin,WA,981.8106285,4.0,35.0,951.1410605,4.0,5
509021241,Moora,WA,1001.461811,5.0,45.0,975.1420098,5.0,5
509021242,Mukinbudin,WA,984.1959753,4.0,36.0,965.3654278,4.0,5
509021243,Northam,WA,938.389701,2.0,18.0,913.6014446,2.0,5
509021244,Toodyay,WA,986.0558469,4.0,37.0,951.5766569,4.0,5
509021245,York - Beverley,WA,963.9992628,3.0,27.0,935.8043907,3.0,5
509031246,Brookton,WA,964.7016787,3.0,27.0,941.127167,3.0,5
509031247,Kulin,WA,1019.229965,6.0,54.0,995.5827503,5.0,5
509031248,Murray,WA,977.8509247,4.0,33.0,945.2904795,3.0,5
509031249,Narrogin,WA,956.4543219,3.0,24.0,935.259412,3.0,5
509031250,Wagin,WA,989.905046,4.0,39.0,965.3137363,4.0,5
510011262,Broome,WA,993.0454341,5.0,41.0,1006.692387,6.0,5
510011263,Derby - West Kimberley,WA,734.4969221,1.0,2.0,817.7754402,1.0,5
510011264,Halls Creek,WA,540.4845357,1.0,1.0,701.9574549,1.0,5
510011265,Kununurra,WA,899.4327489,1.0,10.0,933.9260731,3.0,5
510011266,Roebuck,WA,761.4856845,1.0,2.0,835.5841359,1.0,5
510021267,East Pilbara,WA,641.0948914,1.0,1.0,792.2149561,1.0,5
510021268,Newman,WA,1037.693428,7.0,65.0,998.1895016,6.0,5
510021269,Port Hedland,WA,1081.285409,9.0,89.0,1072.394036,8.0,5
510021270,South Hedland,WA,989.4691063,4.0,39.0,971.266177,4.0,5
510031271,Ashburton (WA),WA,1023.583395,6.0,56.0,979.0747875,5.0,5
510031272,Karratha,WA,1067.64538,9.0,82.0,1050.539296,8.0,5
510031273,Roebourne,WA,993.7725923,5.0,41.0,978.9662957,5.0,5
511011274,Esperance,WA,987.0372463,4.0,38.0,950.029845,3.0,5
511011275,Esperance Surrounds,WA,1022.053259,6.0,55.0,993.8297235,5.0,5
511021276,Carnarvon,WA,919.1227243,2.0,14.0,913.9601048,2.0,5
511021277,Exmouth,WA,1016.460277,6.0,53.0,982.9232367,5.0,5
511031278,Boulder,WA,943.3506859,2.0,19.0,906.8584011,2.0,5
511031279,Kalgoorlie,WA,1016.752328,6.0,53.0,992.166611,5.0,5
511031280,Kalgoorlie - North,WA,1047.945275,8.0,71.0,1021.07712,6.0,5
511031282,Kambalda - Coolgardie - Norseman,WA,890.0504821,1.0,9.0,870.2158097,1.0,5
511031283,Leinster - Leonora,WA,732.6654023,1.0,2.0,815.6233754,1.0,5
511041285,Geraldton,WA,915.7163243,2.0,13.0,903.1044969,2.0,5
511041286,Geraldton - East,WA,927.0219961,2.0,15.0,903.5671638,2.0,5
511041287,Geraldton - North,WA,1008.117519,5.0,49.0,973.1690913,5.0,5
511041288,Geraldton - South,WA,1020.653167,6.0,55.0,990.5462763,5.0,5
511041289,Irwin,WA,966.2242461,3.0,28.0,930.8482927,3.0,5
511041290,Meekatharra,WA,857.3128608,1.0,6.0,866.4866982,1.0,5
511041291,Morawa,WA,978.7626083,4.0,34.0,952.0855493,4.0,5
511041292,Northampton - Mullewa - Greenoug,WA,967.8872387,3.0,29.0,941.6239309,3.0,5
601011001,Bridgewater - Gagebrook,TAS,716.9001932,1.0,2.0,737.5674278,1.0,1
601011002,Brighton - Pontville,TAS,987.8081287,4.0,38.0,929.5993253,3.0,1
601011003,Old Beach - Otago,TAS,1048.961548,8.0,71.0,1002.591664,6.0,1
601021004,Bellerive - Rosny,TAS,1030.813094,6.0,60.0,1018.353596,6.0,1
601021005,Cambridge,TAS,1084.788709,9.0,90.0,1058.743599,8.0,1
601021006,Geilston Bay - Risdon,TAS,1041.360339,7.0,67.0,1014.037136,6.0,1
601021007,Howrah - Tranmere,TAS,1058.5217,8.0,77.0,1035.831917,7.0,1
601021008,Lindisfarne - Rose Bay,TAS,1034.551551,7.0,63.0,1019.993586,6.0,1
601021009,Mornington - Warrane,TAS,885.8310247,1.0,8.0,878.6705143,1.0,1
601021010,Risdon Vale,TAS,870.2642104,1.0,7.0,841.0824433,1.0,1
601021011,Rokeby,TAS,881.6940182,1.0,8.0,870.659773,1.0,1
601021012,South Arm,TAS,1067.684873,9.0,82.0,1031.553584,7.0,1
601031013,Austins Ferry - Granton,TAS,1011.24007,5.0,50.0,966.6583704,4.0,1
601031014,Berriedale - Chigwell,TAS,925.8454923,2.0,15.0,898.6573121,2.0,1
601031015,Claremont (Tas.),TAS,923.8531239,2.0,15.0,893.5417529,2.0,1
601031016,Derwent Park - Lutana,TAS,901.9973041,2.0,11.0,891.1938152,1.0,1
601031017,Glenorchy,TAS,878.9790013,1.0,7.0,881.086704,1.0,1
601031018,Montrose - Rosetta,TAS,970.2722182,3.0,30.0,940.0226078,3.0,1
601031019,Moonah,TAS,945.6620548,2.0,20.0,944.2199404,3.0,1
601031020,New Norfolk,TAS,891.8587474,1.0,9.0,860.827726,1.0,1
601031021,West Moonah,TAS,951.0099172,3.0,22.0,943.6492927,3.0,1
601041022,Kingston - Huntingfield,TAS,1003.608075,5.0,46.0,989.3762566,5.0,1
601041023,Kingston Beach - Blackmans Bay,TAS,1063.128768,8.0,80.0,1045.117286,7.0,1
601041024,Margate - Snug,TAS,1049.121837,8.0,72.0,1014.733608,6.0,1
601041026,Taroona - Bonnet Hill,TAS,1076.487101,9.0,86.0,1083.327707,9.0,1
601051027,Hobart,TAS,1020.624252,6.0,55.0,1055.755037,8.0,1
601051028,Lenah Valley - Mount Stuart,TAS,1054.473696,8.0,75.0,1051.601962,8.0,1
601051029,Mount Nelson - Dynnyrne,TAS,1050.482873,8.0,72.0,1068.75176,8.0,1
601051030,New Town,TAS,1009.372524,5.0,49.0,1018.967595,6.0,1
601051031,Sandy Bay,TAS,1058.103852,8.0,77.0,1082.527755,9.0,1
601051032,South Hobart - Fern Tree,TAS,1057.414488,8.0,77.0,1066.755074,8.0,1
601051033,West Hobart,TAS,1063.87244,8.0,80.0,1080.016846,9.0,1
601061034,Dodges Ferry - Lewisham,TAS,989.9484041,4.0,39.0,944.2709664,3.0,1
601061035,Sorell - Richmond,TAS,1000.307047,5.0,45.0,958.6219138,4.0,1
602011036,Invermay,TAS,887.9077747,1.0,8.0,887.9912867,1.0,1
602011037,Kings Meadows - Punchbowl,TAS,947.9293914,3.0,21.0,931.5532754,3.0,1
602011038,Launceston,TAS,1022.552211,6.0,56.0,1023.927271,7.0,1
602011039,Legana,TAS,1033.995468,7.0,62.0,991.2449282,5.0,1
602011040,Mowbray,TAS,845.9695613,1.0,4.0,853.4558999,1.0,1
602011041,Newnham - Mayfield,TAS,821.3815999,1.0,3.0,829.6601685,1.0,1
602011042,Newstead,TAS,1008.218143,5.0,49.0,995.4774305,5.0,1
602011043,Norwood (Tas.),TAS,1015.240212,6.0,52.0,983.8968124,5.0,1
602011044,Prospect Vale - Blackstone,TAS,999.2708108,5.0,44.0,961.2902848,4.0,1
602011045,Ravenswood,TAS,717.8159058,1.0,2.0,735.8007481,1.0,1
602011046,Riverside,TAS,1018.309586,6.0,53.0,991.1505217,5.0,1
602011047,South Launceston,TAS,967.9977363,3.0,29.0,956.5949095,4.0,1
602011048,Summerhill - Prospect,TAS,976.5470168,4.0,32.0,933.5709204,3.0,1
602011049,Trevallyn,TAS,1033.749724,7.0,62.0,1015.251845,6.0,1
602011050,Waverley - St Leonards,TAS,902.3035966,2.0,11.0,875.8881052,1.0,1
602011051,West Launceston,TAS,1016.641964,6.0,53.0,995.2150764,5.0,1
602011052,Youngtown - Relbia,TAS,997.4481302,5.0,43.0,961.200351,4.0,1
602021053,Beauty Point - Beaconsfield,TAS,905.4616761,2.0,11.0,875.1960646,1.0,1
602021054,Deloraine,TAS,939.5528063,2.0,18.0,916.4674331,2.0,1
602021055,Grindelwald - Lanena,TAS,1014.932542,6.0,52.0,975.2123086,5.0,1
602021056,Hadspen - Carrick,TAS,1003.991359,5.0,47.0,952.4259757,4.0,1
602021057,Westbury,TAS,966.3791491,3.0,28.0,928.8913508,3.0,1
602031058,Dilston - Lilydale,TAS,1024.033015,6.0,56.0,981.3057719,5.0,1
602031059,George Town,TAS,861.925564,1.0,6.0,846.8968879,1.0,1
602031060,Longford,TAS,945.9758577,2.0,20.0,914.5774185,2.0,1
602031061,Northern Midlands,TAS,932.6252633,2.0,17.0,902.1887653,2.0,1
602031062,Perth - Evandale,TAS,1004.954325,5.0,47.0,957.1031727,4.0,1
602031064,St Helens - Scamander,TAS,911.0880549,2.0,12.0,881.2313433,1.0,1
602031099,Flinders and Cape Barren Islands,TAS,962.7485982,3.0,27.0,946.6144504,3.0,1
602031100,Scottsdale - Bridport,TAS,931.3604251,2.0,16.0,900.2309613,2.0,1
603011065,Central Highlands,TAS,911.525878,2.0,12.0,888.8892164,1.0,1
603011066,Derwent Valley,TAS,942.556163,2.0,19.0,903.9519556,2.0,1
603011067,Southern Midlands,TAS,951.3337205,3.0,22.0,911.3686249,2.0,1
603021069,Bruny Island - Kettering,TAS,1029.207876,6.0,59.0,1001.879717,6.0,1
603021070,Cygnet,TAS,968.0320748,3.0,29.0,949.0052177,3.0,1
603021071,Geeveston - Dover,TAS,938.4567448,2.0,18.0,915.682432,2.0,1
603021072,Huonville - Franklin,TAS,991.8833208,4.0,40.0,956.9700307,4.0,1
603031073,Forestier - Tasman,TAS,923.1079658,2.0,14.0,902.3131241,2.0,1
603031074,Triabunna - Bicheno,TAS,950.202128,3.0,21.0,924.2802422,2.0,1
604011075,Acton - Upper Burnie,TAS,865.7195833,1.0,6.0,842.0081747,1.0,1
604011076,Burnie - Ulverstone Surrounds,TAS,997.0537948,5.0,43.0,949.6916599,3.0,1
604011077,Burnie - Wivenhoe,TAS,885.476865,1.0,8.0,869.2078132,1.0,1
604011078,Parklands - Camdale,TAS,923.1652629,2.0,14.0,909.9454426,2.0,1
604011079,Penguin - Sulphur Creek,TAS,985.4281592,4.0,37.0,949.237914,3.0,1
604011080,Romaine - Havenview,TAS,946.279623,2.0,20.0,907.5087671,2.0,1
604011081,Somerset,TAS,905.3907745,2.0,11.0,876.100837,1.0,1
604011082,Ulverstone,TAS,932.1195712,2.0,16.0,898.4574776,2.0,1
604011083,West Ulverstone,TAS,899.400226,1.0,10.0,873.3298361,1.0,1
604011084,Wynyard,TAS,918.5022966,2.0,13.0,891.5829654,1.0,1
604021085,Devonport,TAS,893.6084384,1.0,9.0,875.7657227,1.0,1
604021086,East Devonport,TAS,818.3011074,1.0,3.0,813.6430586,1.0,1
604021087,Latrobe,TAS,940.8915373,2.0,19.0,898.5645287,2.0,1
604021088,Miandetta - Don,TAS,999.3158839,5.0,44.0,952.8851902,4.0,1
604021089,Port Sorell,TAS,999.6684021,5.0,44.0,951.3665986,4.0,1
604021090,Quoiba - Spreyton,TAS,994.5090623,5.0,42.0,941.7019454,3.0,1
604021091,Sheffield - Railton,TAS,953.2181332,3.0,23.0,917.6279768,2.0,1
604021092,Turners Beach - Forth,TAS,1025.716097,6.0,57.0,980.2824494,5.0,1
604031093,King Island,TAS,992.7816038,5.0,41.0,955.0364427,4.0,1
604031094,North West,TAS,969.744412,3.0,30.0,933.0631143,3.0,1
604031095,Smithton,TAS,914.0023843,2.0,13.0,880.8996619,1.0,1
604031096,Waratah,TAS,972.2359363,4.0,31.0,939.1445884,3.0,1
604031097,West Coast (Tas.),TAS,860.5124845,1.0,6.0,843.5197291,1.0,1
701011002,Darwin City,NT,1064.349794,8.0,80.0,1084.261433,9.0,1
701011004,Fannie Bay - The Gardens,NT,1073.355548,9.0,85.0,1088.179423,9.0,1
701011005,Larrakeyah,NT,1090.323839,10.0,92.0,1097.451952,9.0,1
701011006,Ludmilla - The Narrows,NT,958.7344101,3.0,25.0,985.4384663,5.0,1
701011007,Parap,NT,1044.237295,7.0,68.0,1068.694087,8.0,1
701011008,Stuart Park,NT,1070.270158,9.0,84.0,1074.369394,8.0,1
701011009,Woolner - Bayview - Winnellie,NT,1099.317078,10.0,95.0,1117.875551,10.0,1
701021010,Alawa,NT,973.3958796,4.0,31.0,985.172001,5.0,1
701021011,Anula,NT,995.7007407,5.0,42.0,994.6779699,5.0,1
701021012,Berrimah,NT,989.3197949,4.0,39.0,999.9159303,6.0,1
701021013,Brinkin - Nakara,NT,1050.107135,8.0,72.0,1051.725121,8.0,1
701021016,Coconut Grove,NT,953.0772617,3.0,23.0,971.1180388,4.0,1
701021018,Jingili,NT,1027.737101,6.0,58.0,1030.682294,7.0,1
701021019,Karama,NT,929.9702572,2.0,16.0,930.2959724,3.0,1
701021020,Leanyer,NT,1036.704335,7.0,64.0,1031.252132,7.0,1
701021021,Lyons (NT),NT,1103.794917,10.0,97.0,1119.99848,10.0,1
701021022,Malak - Marrara,NT,953.2949707,3.0,23.0,965.1730093,4.0,1
701021023,Millner,NT,985.2269139,4.0,37.0,983.1408707,5.0,1
701021024,Moil,NT,989.7657853,4.0,39.0,988.3215106,5.0,1
701021025,Nightcliff,NT,1053.320131,8.0,74.0,1066.914602,8.0,1
701021026,Rapid Creek,NT,1048.028345,8.0,71.0,1065.380623,8.0,1
701021027,Tiwi,NT,1000.030211,5.0,45.0,1007.379273,6.0,1
701021028,Wagaman,NT,965.9087976,3.0,28.0,967.6441578,4.0,1
701021029,Wanguri,NT,1013.339726,6.0,51.0,1022.425208,7.0,1
701021030,Wulagi,NT,1011.161324,5.0,50.0,1005.494448,6.0,1
701031031,Howard Springs,NT,1037.787257,7.0,65.0,1023.473568,7.0,1
701031032,Humpty Doo,NT,1043.26272,7.0,68.0,1026.517394,7.0,1
701031034,Virginia,NT,1037.442122,7.0,64.0,1022.248171,7.0,1
701031035,Weddell,NT,991.3853487,4.0,40.0,970.8448927,4.0,1
701041036,Bakewell,NT,1010.988474,5.0,50.0,974.4601445,5.0,1
701041037,Driver,NT,963.1957506,3.0,27.0,950.5161315,4.0,1
701041038,Durack - Marlow Lagoon,NT,1077.488557,9.0,87.0,1070.187196,8.0,1
701041039,Gray,NT,897.2053922,1.0,10.0,900.3777675,2.0,1
701041040,Moulden,NT,863.4639744,1.0,6.0,866.0298613,1.0,1
701041041,Palmerston - North,NT,1048.093092,8.0,71.0,1029.393646,7.0,1
701041042,Palmerston - South,NT,1063.899976,8.0,80.0,1053.255313,8.0,1
701041043,Rosebery - Bellamack,NT,1053.159625,8.0,74.0,1041.985734,7.0,1
701041044,Woodroffe,NT,958.1413609,3.0,25.0,944.9049776,3.0,1
702011045,Charles,NT,967.8999644,3.0,29.0,980.1115659,5.0,1
702011046,East Side,NT,984.1786503,4.0,36.0,997.6081722,6.0,1
702011047,Flynn (NT),NT,990.2538427,4.0,39.0,988.6780348,5.0,1
702011048,Larapinta,NT,996.9844596,5.0,43.0,1007.212051,6.0,1
702011049,Mount Johns,NT,1050.008801,8.0,72.0,1059.519248,8.0,1
702011050,Petermann - Simpson,NT,818.1070896,1.0,3.0,876.1914949,1.0,1
702011051,Ross,NT,970.9213221,4.0,31.0,986.9851043,5.0,1
702011052,Sandover - Plenty,NT,547.942848,1.0,1.0,718.6537682,1.0,1
702011053,Tanami,NT,523.9582515,1.0,1.0,704.1166236,1.0,1
702011054,Yuendumu - Anmatjere,NT,482.2742592,1.0,1.0,676.6415388,1.0,1
702021055,Barkly,NT,615.4304027,1.0,1.0,741.3688019,1.0,1
702021056,Tennant Creek,NT,790.6868467,1.0,3.0,867.3140724,1.0,1
702031057,Alligator,NT,909.7839262,2.0,12.0,912.6728353,2.0,1
702031058,Daly,NT,628.7397268,1.0,1.0,762.913783,1.0,1
702031059,Thamarrurr,NT,452.3952766,1.0,1.0,688.9286027,1.0,1
702031060,Tiwi Islands,NT,563.8833218,1.0,1.0,729.0307997,1.0,1
702031061,West Arnhem,NT,448.1110821,1.0,1.0,682.3915831,1.0,1
702041062,Anindilyakwa,NT,681.5456564,1.0,1.0,794.8908538,1.0,1
702041063,East Arnhem,NT,483.598619,1.0,1.0,699.4351146,1.0,1
702041064,Nhulunbuy,NT,1083.111807,9.0,90.0,1041.93453,7.0,1
702051065,Elsey,NT,599.9609883,1.0,1.0,750.6567683,1.0,1
702051066,Gulf,NT,492.629304,1.0,1.0,683.3891804,1.0,1
702051067,Katherine,NT,961.2537305,3.0,26.0,964.9915057,4.0,1
702051068,Victoria River,NT,500.8233597,1.0,1.0,678.4486198,1.0,1
801011001,Aranda,ACT,1111.594488,10.0,98.0,1146.78271,10.0,1
801011002,Belconnen,ACT,1040.813734,7.0,66.0,1057.873623,8.0,1
801011003,Bruce,ACT,1099.084677,10.0,95.0,1116.875429,10.0,1
801011004,Charnwood,ACT,984.7875625,4.0,36.0,978.7637605,5.0,1
801011005,Cook,ACT,1078.853639,9.0,87.0,1104.29068,9.0,1
801011006,Dunlop,ACT,1061.571187,8.0,79.0,1059.938099,8.0,1
801011007,Evatt,ACT,1070.771615,9.0,84.0,1072.642924,8.0,1
801011008,Florey,ACT,1021.599809,6.0,55.0,1033.464223,7.0,1
801011009,Flynn (ACT),ACT,1077.058364,9.0,86.0,1078.593749,9.0,1
801011010,Fraser,ACT,1069.087934,9.0,83.0,1073.682967,8.0,1
801011011,Giralang,ACT,1075.52109,9.0,86.0,1080.649776,9.0,1
801011013,Hawker,ACT,1077.994397,9.0,87.0,1096.516382,9.0,1
801011014,Higgins,ACT,1051.842968,8.0,73.0,1047.529069,8.0,1
801011015,Holt,ACT,1030.171649,6.0,60.0,1026.553174,7.0,1
801011016,Kaleen,ACT,1054.293893,8.0,75.0,1068.866057,8.0,1
801011017,Latham,ACT,1039.693036,7.0,66.0,1040.865691,7.0,1
801011018,Lawson,ACT,1098.389951,10.0,95.0,1130.909458,10.0,1
801011019,Macgregor (ACT),ACT,1052.002412,8.0,73.0,1048.069854,8.0,1
801011020,Macquarie,ACT,1030.767164,6.0,60.0,1054.741841,8.0,1
801011021,McKellar,ACT,1062.852422,8.0,80.0,1079.388045,9.0,1
801011022,Melba,ACT,1058.956293,8.0,78.0,1063.998728,8.0,1
801011023,Page,ACT,1030.867636,6.0,60.0,1040.100288,7.0,1
801011024,Scullin,ACT,1033.393333,7.0,62.0,1040.345126,7.0,1
801011025,Spence,ACT,1060.637655,8.0,79.0,1059.327426,8.0,1
801011026,Weetangera,ACT,1117.769563,10.0,99.0,1143.570821,10.0,1
801011143,Strathnairn,ACT,1117.442167,10.0,99.0,1102.993334,9.0,1
801031113,Canberra East,ACT,838.6650718,1.0,4.0,849.0444107,1.0,1
801031114,Canberra Airport,ACT,1021.401208,6.0,55.0,1026.192887,7.0,1
801031115,Majura,ACT,1099.073023,10.0,95.0,1084.467781,9.0,1
801041034,Amaroo,ACT,1079.652951,9.0,88.0,1092.058159,9.0,1
801041035,Bonner,ACT,1070.964947,9.0,84.0,1094.852633,9.0,1
801041036,Casey,ACT,1095.95809,10.0,94.0,1114.339581,10.0,1
801041037,Crace,ACT,1115.395396,10.0,99.0,1150.264021,10.0,1
801041038,Forde,ACT,1118.150202,10.0,100.0,1159.173915,10.0,1
801041039,Franklin,ACT,1077.152845,9.0,87.0,1102.465581,9.0,1
801041040,Gungahlin,ACT,1045.255127,7.0,69.0,1071.305078,8.0,1
801041043,Hall,ACT,1080.444219,9.0,88.0,1089.477162,9.0,1
801041044,Harrison,ACT,1087.623332,10.0,91.0,1114.409651,10.0,1
801041046,Ngunnawal,ACT,1056.504954,8.0,76.0,1052.879042,8.0,1
801041047,Nicholls,ACT,1104.894752,10.0,97.0,1124.848213,10.0,1
801041048,Palmerston,ACT,1051.397497,8.0,73.0,1062.966054,8.0,1
801041118,Jacka,ACT,1024.616271,6.0,56.0,1029.629323,7.0,1
801041120,Moncrieff,ACT,1078.823499,9.0,87.0,1100.126003,9.0,1
801041121,Taylor,ACT,1050.677448,8.0,73.0,1085.053027,9.0,1
801041122,Throsby,ACT,1094.803849,10.0,94.0,1143.501587,10.0,1
801051050,Ainslie,ACT,1057.711936,8.0,77.0,1108.652828,9.0,1
801051051,Braddon,ACT,1101.622147,10.0,96.0,1155.07919,10.0,1
801051053,Civic,ACT,1100.639847,10.0,96.0,1165.237853,10.0,1
801051054,Dickson,ACT,1073.550914,9.0,85.0,1118.014834,10.0,1
801051055,Downer,ACT,1053.343254,8.0,74.0,1087.155548,9.0,1
801051056,Hackett,ACT,1094.624584,10.0,94.0,1132.084701,10.0,1
801051057,Lyneham,ACT,1053.481453,8.0,74.0,1087.585778,9.0,1
801051058,O'Connor (ACT),ACT,1069.597146,9.0,83.0,1118.826772,10.0,1
801051060,Turner,ACT,1095.602517,10.0,94.0,1146.443324,10.0,1
801051061,Watson,ACT,1082.957117,9.0,89.0,1110.235925,9.0,1
801051124,Campbell,ACT,1121.50858,10.0,100.0,1165.799753,10.0,1
801051125,Duntroon,ACT,1170.954716,10.0,100.0,1178.121272,10.0,1
801051127,Reid,ACT,1065.831833,9.0,81.0,1121.529106,10.0,1
801061062,Deakin,ACT,1120.156761,10.0,100.0,1168.703291,10.0,1
801061063,Forrest,ACT,1134.860516,10.0,100.0,1184.725112,10.0,1
801061064,Griffith (ACT),ACT,1104.837576,10.0,97.0,1149.180212,10.0,1
801061067,Narrabundah,ACT,1051.376336,8.0,73.0,1093.668796,9.0,1
801061069,Red Hill (ACT),ACT,1111.707746,10.0,98.0,1164.475361,10.0,1
801061070,Yarralumla,ACT,1111.376846,10.0,98.0,1160.676592,10.0,1
801061129,Barton,ACT,1142.095571,10.0,100.0,1185.055677,10.0,1
801061131,Kingston (ACT),ACT,1111.511941,10.0,98.0,1162.508261,10.0,1
801071071,Banks,ACT,1054.592395,8.0,75.0,1038.082357,7.0,1
801071072,Bonython,ACT,1054.522415,8.0,75.0,1056.1106,8.0,1
801071073,Calwell,ACT,1072.719279,9.0,85.0,1064.568568,8.0,1
801071074,Chisholm,ACT,1037.804219,7.0,65.0,1028.292794,7.0,1
801071075,Conder,ACT,1054.609279,8.0,75.0,1052.930135,8.0,1
801071076,Fadden,ACT,1121.508602,10.0,100.0,1141.745623,10.0,1
801071077,Gilmore,ACT,1052.914004,8.0,74.0,1047.104809,8.0,1
801071078,Gordon (ACT),ACT,1055.982628,8.0,76.0,1050.117375,8.0,1
801071079,Gowrie (ACT),ACT,1063.693306,8.0,80.0,1073.443404,8.0,1
801071080,Greenway,ACT,1048.695362,8.0,71.0,1052.522454,8.0,1
801071081,Isabella Plains,ACT,1045.617965,7.0,69.0,1032.591115,7.0,1
801071082,Kambah,ACT,1045.931913,7.0,69.0,1049.323948,8.0,1
801071083,Macarthur,ACT,1108.603179,10.0,98.0,1115.574793,10.0,1
801071084,Monash,ACT,1059.808547,8.0,78.0,1062.747269,8.0,1
801071086,Oxley (ACT),ACT,1040.938453,7.0,66.0,1044.555983,7.0,1
801071087,Richardson,ACT,992.3930761,5.0,41.0,984.7109444,5.0,1
801071088,Theodore,ACT,1051.47211,8.0,73.0,1047.530625,8.0,1
801071089,Tuggeranong,ACT,1122.611903,10.0,100.0,1106.878028,9.0,1
801071090,Wanniassa,ACT,1060.039548,8.0,78.0,1060.144218,8.0,1
801081091,Chapman,ACT,1117.689787,10.0,99.0,1145.959757,10.0,1
801081092,Duffy,ACT,1082.68938,9.0,89.0,1108.398543,9.0,1
801081093,Fisher,ACT,1076.40624,9.0,86.0,1091.838618,9.0,1
801081094,Holder,ACT,1091.099776,10.0,93.0,1110.882174,9.0,1
801081095,Rivett,ACT,1052.44685,8.0,74.0,1067.744098,8.0,1
801081096,Stirling,ACT,1048.997692,8.0,71.0,1071.100497,8.0,1
801081097,Waramanga,ACT,1054.025054,8.0,75.0,1077.855231,9.0,1
801081098,Weston,ACT,1080.472056,9.0,88.0,1104.629956,9.0,1
801091099,Chifley,ACT,1067.495773,9.0,82.0,1093.133591,9.0,1
801091100,Curtin,ACT,1095.615645,10.0,94.0,1134.747158,10.0,1
801091101,Farrer,ACT,1093.121912,10.0,93.0,1126.258004,10.0,1
801091102,Garran,ACT,1097.683461,10.0,95.0,1141.293164,10.0,1
801091103,Hughes,ACT,1087.633698,10.0,91.0,1128.137246,10.0,1
801091104,Isaacs,ACT,1086.709232,10.0,91.0,1114.740883,10.0,1
801091105,Lyons (ACT),ACT,1034.827478,7.0,63.0,1067.39813,8.0,1
801091106,Mawson,ACT,1064.449136,9.0,81.0,1083.671168,9.0,1
801091107,O'Malley,ACT,1118.800067,10.0,100.0,1168.852351,10.0,1
801091108,Pearce,ACT,1078.357342,9.0,87.0,1107.650588,9.0,1
801091109,Phillip,ACT,1067.460432,9.0,82.0,1084.598236,9.0,1
801091110,Torrens,ACT,1090.762111,10.0,93.0,1111.668356,10.0,1
801101135,Coombs,ACT,1085.974821,9.0,90.0,1117.205988,10.0,1
801101136,Denman Prospect,ACT,1112.868354,10.0,99.0,1174.162913,10.0,1
801101139,Wright,ACT,1109.710219,10.0,98.0,1142.39737,10.0,1
801111140,ACT - South West,ACT,1110.681034,10.0,98.0,1110.277929,9.0,1
801111141,Namadgi,ACT,968.0978577,3.0,29.0,932.2835766,3.0,1
901011001,Christmas Island,OT,970.5276707,3.0,30.0,972.3743315,4.0,1
901021002,Cocos (Keeling) Islands,OT,849.9747458,1.0,5.0,903.1264619,2.0,1
901031003,Jervis Bay,OT,864.7053011,1.0,6.0,905.1412114,2.0,1
901041004,Norfolk Island,OT,1005.846829,5.0,48.0,957.7787361,4.0,1
© Commonwealth of Australia 2023,,,,,,,,1
